--
-- PostgreSQL database dump
--

-- Dumped from database version 12.3
-- Dumped by pg_dump version 12.3

SET statement_timeout = 0;
SET lock_timeout = 0;
SET idle_in_transaction_session_timeout = 0;
SET client_encoding = 'UTF8';
SET standard_conforming_strings = on;
SELECT pg_catalog.set_config('search_path', '', false);
SET check_function_bodies = false;
SET xmloption = content;
SET client_min_messages = warning;
SET row_security = off;

SET default_tablespace = '';

SET default_table_access_method = heap;

--
-- Name: author; Type: TABLE; Schema: public; Owner: postgres
--

CREATE TABLE public.author (
    id integer NOT NULL,
    first_name_id integer,
    middle_name_id integer,
    last_name_id integer
);


ALTER TABLE public.author OWNER TO postgres;

--
-- Name: author_id_seq; Type: SEQUENCE; Schema: public; Owner: postgres
--

CREATE SEQUENCE public.author_id_seq
    AS integer
    START WITH 1
    INCREMENT BY 1
    NO MINVALUE
    NO MAXVALUE
    CACHE 1;


ALTER TABLE public.author_id_seq OWNER TO postgres;

--
-- Name: author_id_seq; Type: SEQUENCE OWNED BY; Schema: public; Owner: postgres
--

ALTER SEQUENCE public.author_id_seq OWNED BY public.author.id;


--
-- Name: book_name; Type: TABLE; Schema: public; Owner: postgres
--

CREATE TABLE public.book_name (
    id integer NOT NULL,
    book_name character varying(100)
);


ALTER TABLE public.book_name OWNER TO postgres;

--
-- Name: book_name_id_seq; Type: SEQUENCE; Schema: public; Owner: postgres
--

CREATE SEQUENCE public.book_name_id_seq
    AS integer
    START WITH 1
    INCREMENT BY 1
    NO MINVALUE
    NO MAXVALUE
    CACHE 1;


ALTER TABLE public.book_name_id_seq OWNER TO postgres;

--
-- Name: book_name_id_seq; Type: SEQUENCE OWNED BY; Schema: public; Owner: postgres
--

ALTER SEQUENCE public.book_name_id_seq OWNED BY public.book_name.id;


--
-- Name: books; Type: TABLE; Schema: public; Owner: postgres
--

CREATE TABLE public.books (
    id integer NOT NULL,
    name_id integer,
    author_id integer,
    publishing_id integer,
    year date
);


ALTER TABLE public.books OWNER TO postgres;

--
-- Name: books_id_seq; Type: SEQUENCE; Schema: public; Owner: postgres
--

CREATE SEQUENCE public.books_id_seq
    AS integer
    START WITH 1
    INCREMENT BY 1
    NO MINVALUE
    NO MAXVALUE
    CACHE 1;


ALTER TABLE public.books_id_seq OWNER TO postgres;

--
-- Name: books_id_seq; Type: SEQUENCE OWNED BY; Schema: public; Owner: postgres
--

ALTER SEQUENCE public.books_id_seq OWNED BY public.books.id;


--
-- Name: books_students; Type: TABLE; Schema: public; Owner: postgres
--

CREATE TABLE public.books_students (
    id integer NOT NULL,
    book_id integer,
    student_id integer,
    date_of_issue date,
    date_of_return date
);


ALTER TABLE public.books_students OWNER TO postgres;

--
-- Name: books_students_id_seq; Type: SEQUENCE; Schema: public; Owner: postgres
--

CREATE SEQUENCE public.books_students_id_seq
    AS integer
    START WITH 1
    INCREMENT BY 1
    NO MINVALUE
    NO MAXVALUE
    CACHE 1;


ALTER TABLE public.books_students_id_seq OWNER TO postgres;

--
-- Name: books_students_id_seq; Type: SEQUENCE OWNED BY; Schema: public; Owner: postgres
--

ALTER SEQUENCE public.books_students_id_seq OWNED BY public.books_students.id;


--
-- Name: faculty; Type: TABLE; Schema: public; Owner: postgres
--

CREATE TABLE public.faculty (
    id integer NOT NULL,
    faculty character varying(100)
);


ALTER TABLE public.faculty OWNER TO postgres;

--
-- Name: faculty_id_seq; Type: SEQUENCE; Schema: public; Owner: postgres
--

CREATE SEQUENCE public.faculty_id_seq
    AS integer
    START WITH 1
    INCREMENT BY 1
    NO MINVALUE
    NO MAXVALUE
    CACHE 1;


ALTER TABLE public.faculty_id_seq OWNER TO postgres;

--
-- Name: faculty_id_seq; Type: SEQUENCE OWNED BY; Schema: public; Owner: postgres
--

ALTER SEQUENCE public.faculty_id_seq OWNED BY public.faculty.id;


--
-- Name: first_name; Type: TABLE; Schema: public; Owner: postgres
--

CREATE TABLE public.first_name (
    id integer NOT NULL,
    first_name character varying(100)
);


ALTER TABLE public.first_name OWNER TO postgres;

--
-- Name: first_name_id_seq; Type: SEQUENCE; Schema: public; Owner: postgres
--

CREATE SEQUENCE public.first_name_id_seq
    AS integer
    START WITH 1
    INCREMENT BY 1
    NO MINVALUE
    NO MAXVALUE
    CACHE 1;


ALTER TABLE public.first_name_id_seq OWNER TO postgres;

--
-- Name: first_name_id_seq; Type: SEQUENCE OWNED BY; Schema: public; Owner: postgres
--

ALTER SEQUENCE public.first_name_id_seq OWNED BY public.first_name.id;


--
-- Name: last_name; Type: TABLE; Schema: public; Owner: postgres
--

CREATE TABLE public.last_name (
    id integer NOT NULL,
    last_name character varying(100)
);


ALTER TABLE public.last_name OWNER TO postgres;

--
-- Name: last_name_id_seq; Type: SEQUENCE; Schema: public; Owner: postgres
--

CREATE SEQUENCE public.last_name_id_seq
    AS integer
    START WITH 1
    INCREMENT BY 1
    NO MINVALUE
    NO MAXVALUE
    CACHE 1;


ALTER TABLE public.last_name_id_seq OWNER TO postgres;

--
-- Name: last_name_id_seq; Type: SEQUENCE OWNED BY; Schema: public; Owner: postgres
--

ALTER SEQUENCE public.last_name_id_seq OWNED BY public.last_name.id;


--
-- Name: middle_name; Type: TABLE; Schema: public; Owner: postgres
--

CREATE TABLE public.middle_name (
    id integer NOT NULL,
    middle_name character varying(100)
);


ALTER TABLE public.middle_name OWNER TO postgres;

--
-- Name: middle_name_id_seq; Type: SEQUENCE; Schema: public; Owner: postgres
--

CREATE SEQUENCE public.middle_name_id_seq
    AS integer
    START WITH 1
    INCREMENT BY 1
    NO MINVALUE
    NO MAXVALUE
    CACHE 1;


ALTER TABLE public.middle_name_id_seq OWNER TO postgres;

--
-- Name: middle_name_id_seq; Type: SEQUENCE OWNED BY; Schema: public; Owner: postgres
--

ALTER SEQUENCE public.middle_name_id_seq OWNED BY public.middle_name.id;


--
-- Name: publishing; Type: TABLE; Schema: public; Owner: postgres
--

CREATE TABLE public.publishing (
    id integer NOT NULL,
    publishing character varying(100)
);


ALTER TABLE public.publishing OWNER TO postgres;

--
-- Name: publishing_id_seq; Type: SEQUENCE; Schema: public; Owner: postgres
--

CREATE SEQUENCE public.publishing_id_seq
    AS integer
    START WITH 1
    INCREMENT BY 1
    NO MINVALUE
    NO MAXVALUE
    CACHE 1;


ALTER TABLE public.publishing_id_seq OWNER TO postgres;

--
-- Name: publishing_id_seq; Type: SEQUENCE OWNED BY; Schema: public; Owner: postgres
--

ALTER SEQUENCE public.publishing_id_seq OWNED BY public.publishing.id;


--
-- Name: student; Type: TABLE; Schema: public; Owner: postgres
--

CREATE TABLE public.student (
    id integer NOT NULL,
    first_name_id integer,
    middle_name_id integer,
    last_name_id integer,
    faculty_id integer
);


ALTER TABLE public.student OWNER TO postgres;

--
-- Name: student_id_seq; Type: SEQUENCE; Schema: public; Owner: postgres
--

CREATE SEQUENCE public.student_id_seq
    AS integer
    START WITH 1
    INCREMENT BY 1
    NO MINVALUE
    NO MAXVALUE
    CACHE 1;


ALTER TABLE public.student_id_seq OWNER TO postgres;

--
-- Name: student_id_seq; Type: SEQUENCE OWNED BY; Schema: public; Owner: postgres
--

ALTER SEQUENCE public.student_id_seq OWNED BY public.student.id;


--
-- Name: author id; Type: DEFAULT; Schema: public; Owner: postgres
--

ALTER TABLE ONLY public.author ALTER COLUMN id SET DEFAULT nextval('public.author_id_seq'::regclass);


--
-- Name: book_name id; Type: DEFAULT; Schema: public; Owner: postgres
--

ALTER TABLE ONLY public.book_name ALTER COLUMN id SET DEFAULT nextval('public.book_name_id_seq'::regclass);


--
-- Name: books id; Type: DEFAULT; Schema: public; Owner: postgres
--

ALTER TABLE ONLY public.books ALTER COLUMN id SET DEFAULT nextval('public.books_id_seq'::regclass);


--
-- Name: books_students id; Type: DEFAULT; Schema: public; Owner: postgres
--

ALTER TABLE ONLY public.books_students ALTER COLUMN id SET DEFAULT nextval('public.books_students_id_seq'::regclass);


--
-- Name: faculty id; Type: DEFAULT; Schema: public; Owner: postgres
--

ALTER TABLE ONLY public.faculty ALTER COLUMN id SET DEFAULT nextval('public.faculty_id_seq'::regclass);


--
-- Name: first_name id; Type: DEFAULT; Schema: public; Owner: postgres
--

ALTER TABLE ONLY public.first_name ALTER COLUMN id SET DEFAULT nextval('public.first_name_id_seq'::regclass);


--
-- Name: last_name id; Type: DEFAULT; Schema: public; Owner: postgres
--

ALTER TABLE ONLY public.last_name ALTER COLUMN id SET DEFAULT nextval('public.last_name_id_seq'::regclass);


--
-- Name: middle_name id; Type: DEFAULT; Schema: public; Owner: postgres
--

ALTER TABLE ONLY public.middle_name ALTER COLUMN id SET DEFAULT nextval('public.middle_name_id_seq'::regclass);


--
-- Name: publishing id; Type: DEFAULT; Schema: public; Owner: postgres
--

ALTER TABLE ONLY public.publishing ALTER COLUMN id SET DEFAULT nextval('public.publishing_id_seq'::regclass);


--
-- Name: student id; Type: DEFAULT; Schema: public; Owner: postgres
--

ALTER TABLE ONLY public.student ALTER COLUMN id SET DEFAULT nextval('public.student_id_seq'::regclass);


--
-- Data for Name: author; Type: TABLE DATA; Schema: public; Owner: postgres
--

COPY public.author (id, first_name_id, middle_name_id, last_name_id) FROM stdin;
1	119	237	267
2	111	176	564
3	133	132	115
4	49	216	19
5	34	101	690
6	160	83	335
7	18	136	1055
8	133	205	582
9	63	113	629
10	18	67	229
11	18	168	991
12	76	157	597
13	2	203	353
14	181	136	797
15	61	238	157
16	139	130	879
17	181	116	759
18	207	238	109
19	150	101	336
20	29	21	283
21	174	132	78
22	139	140	301
23	18	141	67
24	77	108	947
25	144	205	989
26	39	94	490
27	92	216	439
28	34	201	454
29	188	178	489
30	48	216	489
31	98	132	489
32	22	217	271
33	139	132	140
34	74	203	354
35	47	199	147
36	54	68	305
37	200	6	914
38	92	187	123
39	200	160	513
40	188	117	347
41	81	155	347
42	176	216	106
43	207	218	236
44	122	32	753
45	85	216	300
46	39	216	965
47	188	230	7
48	53	127	936
49	207	212	573
50	188	205	845
51	34	237	422
52	63	35	107
53	207	68	481
54	196	90	369
55	119	238	276
56	168	237	818
57	203	160	108
58	207	136	458
59	39	239	437
60	188	90	70
61	97	136	859
62	157	134	553
63	196	130	163
64	176	160	252
65	139	141	252
66	37	28	735
67	30	133	591
68	207	149	395
69	2	244	917
70	149	237	842
71	42	128	840
72	93	232	307
73	133	160	978
74	86	95	1069
75	155	203	409
76	2	50	407
77	34	216	319
78	176	67	51
79	138	161	62
80	97	144	346
81	215	238	27
82	35	245	213
83	154	228	640
84	189	60	1074
85	157	99	896
86	18	101	1029
87	154	171	328
88	7	49	730
89	188	216	873
90	135	28	651
91	139	142	450
92	196	216	413
93	188	124	901
94	176	183	501
95	131	237	234
96	133	48	600
97	204	238	630
98	94	228	23
99	188	128	718
100	128	211	809
101	18	132	579
102	71	33	720
103	75	100	720
104	188	35	152
105	188	13	424
106	196	35	424
107	39	168	254
108	189	149	130
109	105	123	610
110	188	136	166
111	189	232	462
112	64	132	464
113	122	138	615
114	147	244	387
115	39	8	518
116	80	136	433
117	128	218	141
118	47	201	653
119	205	108	635
120	74	212	815
121	196	141	815
122	188	216	326
123	189	245	326
124	2	160	326
125	34	234	222
126	186	244	869
127	181	228	706
128	18	101	695
129	34	30	264
130	2	238	935
131	188	57	45
132	204	205	440
133	154	105	68
134	31	151	554
135	5	188	153
136	125	35	293
137	78	97	480
138	80	237	448
139	188	244	578
140	97	62	445
141	119	239	20
142	85	160	209
143	60	120	964
144	2	245	627
145	34	106	63
146	2	216	390
147	139	101	692
148	155	35	717
149	204	216	200
150	188	35	687
151	197	237	883
152	128	216	672
153	130	11	406
154	196	132	593
155	189	244	504
156	196	116	149
157	2	9	886
158	205	14	383
159	39	35	463
160	207	160	410
161	39	197	994
162	63	244	363
163	39	123	962
164	59	237	758
165	110	81	675
166	133	216	129
167	34	63	999
168	85	199	602
169	195	239	172
170	188	117	291
171	131	140	560
172	204	199	823
173	154	44	569
174	97	25	569
175	174	131	749
176	49	8	543
177	176	132	761
178	119	61	940
179	189	210	801
180	128	91	822
181	128	141	822
182	188	216	190
183	207	77	977
184	167	141	1060
185	88	193	416
186	85	29	793
187	179	240	976
188	214	22	81
189	81	135	223
190	188	101	484
191	189	160	392
192	180	181	199
193	80	160	365
194	34	245	121
195	204	136	710
196	2	218	576
197	133	116	306
198	18	237	378
199	188	140	972
200	188	91	844
201	39	244	385
202	154	6	709
203	140	132	631
204	119	244	631
205	207	245	607
206	155	8	874
207	190	99	1043
208	182	156	608
209	181	67	278
210	207	101	278
211	39	71	21
212	131	105	803
213	18	131	38
214	100	238	472
215	97	101	903
216	204	136	102
217	174	61	274
218	193	99	1044
219	117	136	928
220	195	35	1036
221	128	216	360
222	154	203	861
223	173	175	316
224	133	61	927
225	196	199	756
226	139	245	345
227	108	245	417
228	181	182	22
229	47	136	647
230	108	244	741
231	134	100	691
232	173	172	253
233	55	182	91
234	188	228	726
235	85	67	726
236	123	210	787
237	16	162	775
238	188	160	864
239	57	151	846
240	52	237	419
241	207	239	693
242	108	206	525
243	154	92	71
244	207	149	755
245	188	216	904
246	188	77	495
247	97	238	544
248	34	205	929
249	46	159	929
250	207	149	682
251	176	1	195
252	2	141	794
253	67	130	660
254	39	141	985
255	18	237	941
256	59	168	184
257	68	134	676
258	47	136	628
259	18	131	48
260	211	146	966
261	133	136	249
262	68	147	810
263	18	165	986
264	106	10	986
265	131	2	261
266	98	205	64
267	176	128	388
268	42	67	958
269	85	160	867
270	81	130	17
271	97	132	258
272	97	35	258
273	112	116	1002
274	210	2	604
275	81	245	586
276	207	234	452
277	133	234	165
278	151	107	795
279	154	146	945
280	122	104	110
281	196	205	1011
282	188	238	728
283	47	48	728
284	92	77	105
285	133	31	613
286	47	35	379
287	155	72	853
288	188	58	231
289	187	77	231
290	204	140	401
291	2	58	220
292	204	224	737
293	196	113	179
294	21	143	598
295	188	182	979
296	176	237	381
297	188	245	854
298	108	58	854
299	133	61	854
300	91	159	15
301	18	144	453
302	80	136	453
303	207	160	111
304	155	205	752
305	200	67	60
306	85	237	551
307	207	130	49
308	34	141	580
309	141	144	188
310	80	51	1079
311	39	61	1048
312	131	245	100
313	63	22	819
314	168	216	473
315	45	35	473
316	196	3	473
317	26	180	625
318	189	61	996
319	179	40	1078
320	121	100	243
321	87	44	536
322	109	218	570
323	39	245	913
324	117	13	251
325	79	116	428
326	200	132	769
327	2	160	196
328	34	237	780
329	131	237	908
330	80	35	255
331	117	237	122
332	73	237	939
333	204	132	488
334	196	190	1032
335	201	35	208
336	144	213	331
337	131	160	895
338	188	205	180
339	174	244	8
340	85	216	594
341	133	239	46
342	148	176	956
343	196	140	546
344	154	237	813
345	207	132	547
346	204	216	547
347	2	144	112
348	47	237	382
349	131	237	256
350	128	136	279
351	178	193	351
352	154	136	146
353	188	216	24
354	154	216	114
355	19	99	770
356	4	52	571
357	133	237	432
358	80	113	181
359	139	245	933
360	105	239	375
361	34	44	219
362	80	35	905
363	39	117	537
364	131	131	320
365	66	104	393
366	126	108	595
367	179	104	662
368	211	237	352
369	188	160	250
370	154	182	221
371	172	159	1015
372	128	136	268
373	80	245	309
374	194	80	529
375	188	237	329
376	143	237	329
377	34	235	583
378	108	216	792
379	207	205	924
380	85	9	86
381	196	67	159
382	18	201	785
383	189	237	1045
384	49	5	1068
385	39	5	361
386	93	140	361
387	193	217	970
388	128	237	308
389	108	205	476
390	173	236	39
391	154	220	465
392	161	144	715
393	39	116	833
394	153	108	1082
395	139	201	1031
396	41	75	699
397	34	67	189
398	176	201	337
399	207	182	337
400	189	216	185
401	108	132	527
402	174	136	343
403	6	216	210
404	188	122	92
405	91	167	451
406	192	216	349
407	86	141	358
408	34	102	745
409	207	35	1033
410	3	163	290
411	131	237	572
412	176	182	530
413	59	84	530
414	155	160	530
415	196	67	530
416	49	140	530
417	209	130	538
418	122	79	538
419	188	44	507
420	185	134	892
421	188	132	1025
422	188	5	1025
423	154	237	396
424	39	90	76
425	128	205	456
426	47	168	456
427	197	218	649
428	173	100	637
429	17	141	310
430	63	203	912
431	144	216	559
432	129	6	118
433	188	130	218
434	188	130	762
435	83	219	658
436	196	59	164
437	207	67	93
438	131	113	182
439	196	61	739
440	14	100	281
441	131	216	619
442	94	140	311
443	128	141	589
444	189	239	656
445	210	122	748
446	181	228	827
447	191	110	43
448	204	146	772
449	121	108	721
450	155	245	206
451	2	35	522
452	188	160	198
453	49	205	474
454	2	216	830
455	114	149	50
456	34	245	426
457	23	141	426
458	49	237	426
459	2	136	325
460	131	35	505
461	195	63	584
462	188	116	694
463	197	62	906
464	176	218	314
465	168	132	980
466	97	160	169
467	75	75	1039
468	189	121	674
469	179	147	186
470	34	6	104
471	181	136	132
472	196	16	719
473	196	44	532
474	105	102	40
475	34	213	402
476	18	23	711
477	168	80	29
478	48	140	858
479	204	218	858
480	121	176	405
481	98	132	171
482	207	101	171
483	188	214	678
484	80	144	561
485	196	216	847
486	2	160	974
487	188	237	161
488	97	201	457
489	97	4	806
490	18	10	98
491	188	105	788
492	146	34	330
493	181	237	9
494	186	61	1076
495	8	217	517
496	188	244	61
497	203	245	25
498	145	244	848
499	108	101	57
500	38	232	79
501	204	77	466
502	108	130	1022
503	206	14	1027
504	34	227	332
505	133	218	948
506	47	216	950
507	34	160	891
508	105	35	891
509	145	36	491
510	204	140	820
511	181	125	835
512	174	203	1006
513	2	237	52
514	108	136	151
515	108	140	444
516	2	216	1030
517	176	245	1
518	87	44	790
519	115	169	468
520	18	70	849
521	176	140	372
522	39	205	781
523	32	90	997
524	181	200	925
525	84	116	521
526	204	205	743
527	128	205	802
528	196	237	850
529	128	216	297
530	119	31	876
531	49	201	154
532	118	184	160
533	101	222	664
534	196	153	1057
535	2	35	47
536	63	237	782
537	176	91	285
538	207	132	139
539	188	215	323
540	176	205	323
541	196	239	323
542	170	108	321
543	173	233	321
544	206	159	321
545	155	149	552
546	85	37	1054
547	154	245	937
548	117	22	512
549	6	239	434
550	188	237	94
551	164	108	1037
552	204	245	215
553	39	35	502
554	188	5	981
555	62	104	85
556	131	244	612
557	131	131	397
558	192	122	211
559	165	129	911
560	139	216	194
561	89	136	436
562	34	245	246
563	145	144	246
564	34	101	961
565	154	216	611
566	18	58	611
567	207	216	655
568	188	132	509
569	154	140	509
570	188	238	836
571	154	130	366
572	85	120	894
573	131	16	585
574	193	240	260
575	59	160	967
576	127	67	921
577	81	31	471
578	199	77	53
579	121	45	1035
580	133	160	1065
581	128	212	645
582	176	168	942
583	80	234	942
584	131	119	665
585	119	245	665
586	2	182	665
587	188	25	317
588	57	53	548
589	137	199	744
590	176	160	282
591	86	96	494
592	197	238	1070
593	2	245	705
594	141	31	603
595	97	237	860
596	34	160	493
597	68	217	938
598	176	31	459
599	207	212	216
600	188	48	798
601	197	35	701
602	207	136	669
603	207	239	394
604	174	61	275
605	204	35	959
606	92	3	902
607	97	160	113
608	85	101	506
609	127	232	506
610	124	35	82
611	93	136	596
612	174	237	992
613	154	80	65
614	204	35	702
615	34	216	120
616	2	88	273
617	176	132	391
618	196	152	99
619	150	150	80
620	34	90	514
621	188	8	312
622	160	35	872
623	12	26	618
624	107	228	549
625	189	230	1061
626	21	40	77
627	176	44	632
628	155	15	632
629	204	101	642
630	102	58	680
631	155	244	680
632	163	101	237
633	69	232	116
634	39	216	263
635	34	212	1075
636	108	35	1028
637	195	245	269
638	133	245	101
639	9	216	101
640	181	216	880
641	47	82	508
642	6	205	88
643	188	202	341
644	128	237	1071
645	133	244	890
646	181	101	1049
647	181	170	224
648	155	205	786
649	34	136	470
650	204	8	183
651	188	232	696
652	189	92	34
653	196	72	150
654	63	92	834
655	176	237	727
656	188	218	623
657	34	39	348
658	207	244	524
659	133	244	443
660	133	205	685
661	207	160	124
662	195	141	240
663	18	35	829
664	10	154	368
665	85	245	581
666	70	54	242
667	179	217	539
668	131	237	1046
669	80	205	722
670	207	111	700
671	34	90	704
672	131	35	460
673	85	215	774
674	34	196	499
675	21	99	54
676	121	177	763
677	128	141	415
678	173	159	851
679	174	212	103
680	2	237	103
681	188	89	804
682	174	61	624
683	13	216	712
684	131	6	5
685	34	160	666
686	131	140	155
687	207	77	239
688	108	136	686
689	162	186	650
690	18	179	515
691	2	245	898
692	189	237	909
693	2	237	909
694	179	103	36
695	131	67	333
696	85	245	871
697	97	205	725
698	131	136	1077
699	166	159	998
700	91	223	1007
701	18	237	841
702	179	134	736
703	121	108	742
704	196	216	380
705	195	74	949
706	154	245	740
707	168	201	740
708	2	67	817
709	207	218	1062
710	108	198	158
711	176	237	1003
712	91	180	614
713	131	35	201
714	207	205	968
715	188	89	592
716	188	136	270
717	104	148	235
718	80	35	714
719	156	216	241
720	80	105	370
721	147	132	485
722	131	38	83
723	197	62	362
724	1	192	805
725	81	199	136
726	96	225	133
727	2	27	889
728	204	122	545
729	2	20	455
730	176	244	342
731	181	245	55
732	171	205	875
733	176	244	398
734	80	35	971
735	128	44	646
736	207	201	729
737	34	150	955
738	2	216	955
739	140	149	477
740	56	218	56
741	208	244	667
742	207	218	783
743	132	239	843
744	158	78	125
745	85	130	633
746	2	9	192
747	168	201	746
748	207	237	89
749	34	238	826
750	108	218	713
751	196	237	713
752	122	108	496
753	131	21	837
754	74	77	1052
755	188	237	95
756	173	55	503
757	49	237	765
758	131	140	238
759	34	111	438
760	203	220	247
761	8	151	732
762	82	208	910
763	119	8	885
764	195	216	486
765	133	216	403
766	47	131	814
767	207	238	944
768	131	144	441
769	155	8	1051
770	91	134	562
771	2	160	951
772	2	141	174
773	118	99	1056
774	207	179	1020
775	47	121	1020
776	196	160	1020
777	204	238	292
778	2	141	511
779	34	140	975
780	81	234	523
781	129	67	420
782	139	35	620
783	141	171	995
784	108	245	117
785	13	35	677
786	108	237	447
787	188	132	533
788	27	136	838
789	39	160	364
790	182	159	863
791	133	212	233
792	18	244	668
793	55	141	993
794	181	35	257
795	12	75	10
796	2	237	648
797	91	157	918
798	188	35	97
799	196	203	97
800	2	132	757
801	47	245	757
802	188	137	340
803	128	244	340
804	21	100	654
805	174	101	616
806	105	201	616
807	188	31	327
808	188	245	13
809	189	31	126
810	18	205	575
811	108	10	334
812	154	216	197
813	189	245	601
814	145	132	778
815	140	239	555
816	76	223	639
817	44	245	1081
818	47	136	35
819	97	216	399
820	72	141	1004
821	195	47	142
822	176	85	779
823	18	132	930
824	119	8	930
825	139	237	816
826	68	32	760
827	34	216	287
828	139	237	230
829	204	44	214
830	174	61	723
831	47	191	175
832	196	201	11
833	189	216	932
834	155	160	563
835	188	237	344
836	18	218	703
837	207	237	776
838	94	171	412
839	133	8	622
840	36	246	427
841	34	189	808
842	145	203	870
843	127	173	870
844	188	116	1053
845	140	67	373
846	59	216	877
847	155	238	768
848	188	73	643
849	108	35	661
850	34	158	75
851	2	245	634
852	65	122	707
853	140	228	519
854	2	17	556
855	2	237	42
856	188	132	670
857	196	101	461
858	207	238	982
859	98	9	446
860	120	244	606
861	49	174	355
862	207	35	557
863	139	8	322
864	207	35	322
865	18	67	31
866	157	55	1034
867	186	115	534
868	131	244	771
869	39	67	225
870	2	60	983
871	181	5	127
872	154	182	3
873	85	31	449
874	76	194	516
875	174	203	1047
876	154	203	652
877	155	35	376
878	207	102	298
879	154	216	862
880	112	18	37
881	189	218	177
882	2	67	1080
883	2	101	66
884	204	171	673
885	18	164	888
886	31	97	280
887	168	218	377
888	157	151	26
889	142	160	738
890	95	35	565
891	140	141	475
892	39	101	915
893	188	130	259
894	128	136	1000
895	108	203	828
896	214	237	865
897	119	140	356
898	41	159	599
899	204	205	384
900	188	237	96
901	97	140	96
902	50	237	226
903	186	76	1073
904	188	19	839
905	196	245	119
906	133	2	296
907	92	9	296
908	131	237	644
909	55	67	641
910	145	205	478
911	169	9	30
912	196	71	731
913	196	245	943
914	128	144	812
915	34	124	227
916	162	69	350
917	108	201	773
918	2	245	679
919	119	205	684
920	188	59	526
921	204	244	659
922	91	180	302
923	174	201	187
924	179	175	357
925	215	61	750
926	129	113	1058
927	204	132	1026
928	97	145	479
929	207	212	973
930	196	244	697
931	108	215	1018
932	173	180	367
933	133	140	18
934	80	244	244
935	15	32	540
936	139	245	1017
937	131	244	832
938	2	221	1072
939	157	104	272
940	188	91	636
941	34	216	176
942	34	228	984
943	59	244	984
944	49	211	4
945	160	35	430
946	52	144	688
947	140	205	688
948	97	216	1064
949	131	160	683
950	176	160	431
951	155	80	338
952	34	136	262
953	188	160	1013
954	105	160	566
955	119	35	566
956	34	131	922
957	2	203	922
958	121	109	303
959	2	245	1016
960	133	237	131
961	139	141	934
962	188	136	173
963	176	105	248
964	34	244	926
965	122	104	821
966	133	160	946
967	97	212	587
968	154	42	212
969	18	5	887
970	189	243	590
971	31	180	191
972	133	239	882
973	189	61	313
974	97	216	528
975	41	240	663
976	34	166	868
977	184	226	952
978	81	232	1042
979	154	229	286
980	52	239	609
981	62	151	1066
982	196	44	1040
983	90	245	987
984	14	108	128
985	2	201	657
986	40	141	134
987	202	241	442
988	189	93	14
989	39	245	386
990	174	62	386
991	47	48	143
992	174	31	69
993	71	231	960
994	76	14	178
995	85	44	734
996	2	245	734
997	188	136	638
998	103	86	16
999	140	139	855
1000	186	44	855
1001	34	216	339
1002	200	238	84
1003	51	130	796
1004	168	205	535
1005	175	207	791
1006	18	115	1009
1007	140	120	567
1008	204	2	751
1009	83	159	916
1010	131	136	811
1011	8	32	747
1012	87	46	299
1013	207	239	324
1014	204	205	359
1015	188	35	167
1016	136	194	931
1017	85	245	202
1018	97	146	969
1019	39	132	824
1020	188	216	893
1021	206	223	799
1022	85	205	531
1023	34	244	1012
1024	87	111	1014
1025	49	245	754
1026	188	17	568
1027	154	35	568
1028	176	141	414
1029	128	126	689
1030	189	218	919
1031	189	35	1067
1032	196	8	1067
1033	188	179	520
1034	63	216	374
1035	188	141	777
1036	113	160	777
1037	6	10	777
1038	38	9	294
1039	34	201	671
1040	208	237	32
1041	128	237	32
1042	196	237	32
1043	97	213	852
1044	154	60	988
1045	25	91	144
1046	204	216	429
1047	80	31	137
1048	188	130	487
1049	207	67	487
1050	139	228	418
1051	139	245	467
1052	43	56	897
1053	216	204	371
1054	198	43	44
1055	28	237	170
1056	34	201	766
1057	139	205	228
1058	145	185	957
1059	212	136	389
1060	207	135	724
1061	196	203	315
1062	26	100	497
1063	105	203	469
1064	20	7	72
1065	183	87	168
1066	188	73	87
1067	188	65	558
1068	196	228	621
1069	196	244	716
1070	154	228	878
1071	34	160	203
1072	47	22	541
1073	188	111	58
1074	213	41	1050
1075	68	147	800
1076	159	64	265
1077	207	149	33
1078	18	136	435
1079	172	159	923
1080	92	228	920
1081	99	40	288
1082	2	179	784
1083	76	242	289
1084	150	195	605
1085	173	134	425
1086	41	180	404
1087	93	136	423
1088	188	35	482
1089	55	237	73
1090	188	216	1019
1091	2	218	588
1092	177	245	866
1093	179	12	12
1094	188	35	764
1095	2	35	1063
1096	207	116	698
1097	174	218	6
1098	154	237	856
1099	140	238	856
1100	108	244	138
1101	33	8	831
1102	18	66	733
1103	112	35	954
1104	179	112	90
1105	189	245	400
1106	154	132	542
1107	155	237	204
1108	8	99	2
1109	2	101	500
1110	139	61	1038
1111	139	132	1023
1112	114	98	28
1113	31	45	28
1114	196	216	963
1115	188	171	193
1116	196	237	205
1117	174	212	1021
1118	131	35	574
1119	174	35	232
1120	2	245	492
1121	154	203	881
1122	47	239	148
1123	2	101	421
1124	75	180	277
1125	168	244	953
1126	86	239	1024
1127	80	77	245
1128	97	216	1041
1129	154	245	1059
1130	189	205	900
1131	207	141	900
1132	116	14	498
1133	189	216	990
1134	42	160	990
1135	188	141	510
1136	188	218	807
1137	131	244	145
1138	121	159	1005
1139	81	114	857
1140	204	136	135
1141	128	35	483
1142	86	35	483
1143	150	136	304
1144	210	9	156
1145	131	136	884
1146	87	136	207
1147	197	234	162
1148	58	237	408
1149	24	5	899
1150	74	239	318
1151	6	237	767
1152	97	205	550
1153	188	209	284
1154	49	237	708
1155	39	203	825
1156	92	232	577
1157	54	42	217
1158	49	216	1008
1159	207	216	907
1160	47	6	41
1161	174	140	626
1162	145	216	1010
1163	55	120	74
1164	139	118	1001
1165	39	140	295
1166	47	22	295
1167	67	140	266
1168	11	89	59
1169	196	149	681
1170	146	108	617
1171	97	4	411
1172	152	24	789
\.


--
-- Data for Name: book_name; Type: TABLE DATA; Schema: public; Owner: postgres
--

COPY public.book_name (id, book_name) FROM stdin;
1	Секрет потерянной силы
2	Моё последнее одиночество
3	Мертвый защитник
4	Моё секретное молчание
5	Поющая мышь
6	Мой скрытый усилие
7	Осень внутри ярости
8	Прекрасное лето
9	Мой основной исход
10	Чудеса в центре мелодии
11	Крайний – не последний
12	Тени за спиной
13	Университет огненных чужеземцев
14	Персональная игра
15	Душа ненавистного графа
16	Долговременное бесчувствие
17	Мысль во тьме
18	Твой любимый псих
19	Колледж странствующих красавиц
20	Академия мертвых магов
21	Жена всемогущего графа
22	Простая просьба
23	Обрывки вашей пустоты
24	Слёзы после скорби
25	Дом на берегу озера
26	Голубой блеск вдалеке
27	Моё секретное наказание
28	Ложные традиции верных слуг солнца
29	Заложница загадочного злодея
30	Сладкий поцелуй
31	Удачливое завоевание
32	Страницы хрупкой эйфории
33	Потрясающее одиночество
34	Ассимиляция
35	Королева тайн
36	Обрывки убитой ярости
37	Портрет дракона
38	Величественные ритуалы
39	Секрет Луны
40	Школа демонических стрелков
41	Мой основной усилие
42	Черная станция
43	Личная осень
44	Моё постоянное путешествие
45	Моё бесстрашное лето
46	Мой наглый скандал
47	Курсы похищенных стрелков
48	Пир для голодных
49	Одинокий мечник
50	В поисках счастья
51	Маленький дьявол
52	Взгляд из Пустоты
53	Забытое имя
54	Маг еды
55	Когда цветы заговорят...
56	Пряничный домик в Черном Городе
57	Хрустальный цветок
58	В поисках того самого
59	Секретарь ненавистного барона
60	Пряничный домик в Черном Городе
61	Институт бездомных воителей
62	Киборг
63	Хорошие дети плачут молча
64	Океан моей боли
65	Моё максимальное одиночество
66	Контроль боли
67	Вошедшие в историю ученые острова Тритон
68	Королева тайн
69	Каменное сердце
70	Алая роза
71	Маленькая фантазия
72	Алые глаза
73	Небо среди крови
74	Потрясающий мир
75	Интернет-друг
76	Спрятанный усилие
77	Кафедра темных стражей
78	Воровка для незримого варвара
79	Моё вечное решение
80	Мертвое море
81	Мой спрятанный поиск
82	Колледж высших магов
83	Русская канарейка
84	Копилка неудачника
85	Невероятная ворота
86	Ангел изнутри крови
87	Безумный день в общежитии
88	Неожиданность выбора
89	Удачное разрешение
90	Простая просьба
91	Ангел утраченной надежды
92	Чайная церемония фей
93	Момент растерзанной тревоги
94	Рассвет счастливой вселенной
95	Тайное разрешение
96	Моя потрясающая осень
97	Медленная осень
98	Удачное завоевание
99	Курсы мертвых стражей
100	Моё медленное одиночество
101	И сделать шаг
102	Голубой блеск вдалеке
103	Знаменитые воины современности
104	Моя триумфальная игра
105	Страницы внутри боли
106	Гимназия ненужных мерзавцев
107	Проект 019
108	Жажда воздушной игры
109	Секретное одиночество
110	Мой сказочный мир
111	Моя максимальная одиссея
112	Звёзды только ночью
113	Вечный октябрь
114	Первая преграда
115	Страницы забытой любви
116	Море жизни
117	Постоянный спор
118	Одноглазое окно
119	Магическая собака
120	Пепел лжи
121	Моя максимальная одиссея
122	Звёзды только ночью
123	Вечный октябрь
124	Первая преграда
125	Страницы забытой любви
126	Море жизни
127	Постоянный спор
128	Одноглазое окно
129	Магическая собака
130	Пепел лжи
131	Моя максимальная одиссея
132	Звёзды только ночью
133	Вечный октябрь
134	Первая преграда
135	Страницы забытой любви
136	Море жизни
137	Постоянный спор
138	Одноглазое окно
139	Магическая собака
140	Пепел лжи
141	Твои несбыточные мечты
142	Киберпомутнение
143	Океан волшебной любви
144	Рассвет последней тишины
145	Ядовитый питомец
146	Первый город
147	Седьмая преграда
148	Моя красивая одиссея
149	Моя окончательная ворота
150	Улитка
151	Мой персональный скандал
152	Твой любимый псих
153	Безмолвное небо
154	Безумный день в общежитии
155	Необычный путь
156	Нянька для ледяного графа
157	Ходячие кошмары
158	Год с чудачкой
159	Мост жизни
160	Тени забытого городка
161	Забытые святыни культов силы
162	Громадное наказание
163	Последний сон
164	Мир моей боли
165	Пульсация
166	Лабиринт крови
167	Твой любимый псих
168	Университет гламурных красавиц
169	Тысяча и одна жизнь
170	Последний сон
171	Помощница одинокого разбойника
172	Величественные ритуалы
173	Бесконечность возможностей
174	Перевернутая Судьба
175	Наглая одиссея
176	Мысль во тьме
177	Звёзды только ночью
178	Училище ненужных некромантов
179	Моя максимальная зима
180	Маленькая фантазия
181	Каменное сердце
182	Нити любви
183	Разукрась мои воспоминания
184	Нянька для ненавистного волка
185	Год с чудачкой
186	Личное разрешение
187	Неожиданность выбора
188	Моё постоянное решение
189	Лезвие на воде
190	Я научился ходить по воде
191	Лицей забытых бродяг
192	Мертвые кости
193	Мир забытой ночи
194	Последняя борьба
195	Курсы похищенных драконов
196	Моё вечное завоевание
197	Вечность
198	Гимназия черных мерзавцев
199	Я научился ходить по воде
200	Города жизни
\.


--
-- Data for Name: books; Type: TABLE DATA; Schema: public; Owner: postgres
--

COPY public.books (id, name_id, author_id, publishing_id, year) FROM stdin;
1	120	56	41	2017-01-01
2	192	5	35	2016-01-01
3	37	695	8	1979-01-01
4	87	467	39	1984-01-01
5	173	708	37	2001-01-01
6	136	1027	1	1994-01-01
7	34	863	25	2013-01-01
8	34	1047	48	2018-01-01
9	21	875	10	1975-01-01
10	168	611	48	2016-01-01
11	185	59	24	1982-01-01
12	17	506	37	1982-01-01
13	89	576	34	1997-01-01
14	55	98	24	1973-01-01
15	113	1061	49	1994-01-01
16	186	769	9	1997-01-01
17	129	564	8	1988-01-01
18	159	184	24	1997-01-01
19	19	1012	27	2000-01-01
20	144	713	6	2001-01-01
21	27	556	47	1986-01-01
22	132	133	44	1981-01-01
23	59	954	30	1980-01-01
24	6	922	9	1985-01-01
25	72	849	8	2020-01-01
26	31	416	50	1998-01-01
27	45	247	20	1987-01-01
28	35	999	28	2017-01-01
29	17	590	18	1996-01-01
30	59	957	24	1997-01-01
31	8	788	24	1972-01-01
32	133	999	44	2011-01-01
33	195	1078	34	1974-01-01
34	65	987	10	2016-01-01
35	145	718	3	1992-01-01
36	149	293	2	1977-01-01
37	142	299	3	2012-01-01
38	157	779	49	1999-01-01
39	4	667	27	2005-01-01
40	108	627	6	1975-01-01
41	158	570	34	1976-01-01
42	84	229	47	2014-01-01
43	162	310	31	1976-01-01
44	22	506	15	2017-01-01
45	127	1032	12	1986-01-01
46	110	1166	8	1980-01-01
47	122	1087	48	1993-01-01
48	10	1077	5	1985-01-01
49	196	480	39	2005-01-01
50	168	427	41	1985-01-01
51	10	819	24	2016-01-01
52	147	246	38	1973-01-01
53	6	151	16	1970-01-01
54	61	1162	30	1996-01-01
55	105	1169	2	1999-01-01
56	180	1046	47	2002-01-01
57	75	110	9	1997-01-01
58	52	977	45	1974-01-01
59	117	516	17	2014-01-01
60	180	895	14	2009-01-01
61	104	203	33	1989-01-01
62	139	1140	4	2007-01-01
63	107	382	28	1998-01-01
64	8	927	42	2012-01-01
65	38	211	45	2007-01-01
66	87	51	42	1988-01-01
67	165	6	34	2015-01-01
68	23	385	10	1998-01-01
69	112	1102	26	1994-01-01
70	131	241	21	1988-01-01
71	6	20	39	2013-01-01
72	163	552	30	2018-01-01
73	61	86	31	2018-01-01
74	177	60	29	2010-01-01
75	121	659	22	2009-01-01
76	43	822	17	2004-01-01
77	175	255	38	1987-01-01
78	123	342	44	1992-01-01
79	35	971	3	1998-01-01
80	139	1036	24	1976-01-01
81	47	247	31	1982-01-01
82	47	1104	1	1973-01-01
83	164	484	43	1997-01-01
84	102	520	34	2003-01-01
85	197	358	25	2001-01-01
86	119	526	40	1992-01-01
87	38	311	44	1982-01-01
88	4	223	43	1972-01-01
89	191	809	4	2004-01-01
90	161	93	35	2002-01-01
91	88	920	26	2012-01-01
92	154	1105	11	1985-01-01
93	29	1144	13	2006-01-01
94	140	410	39	2008-01-01
95	36	94	36	1984-01-01
96	41	167	4	1981-01-01
97	190	104	19	1983-01-01
98	140	221	6	2015-01-01
99	76	838	10	2009-01-01
100	81	1091	5	2008-01-01
101	144	366	41	1990-01-01
102	105	768	49	1983-01-01
103	191	601	30	1995-01-01
104	73	149	16	2015-01-01
105	198	532	12	1986-01-01
106	93	592	43	1974-01-01
107	19	634	2	1982-01-01
108	93	1091	44	2002-01-01
109	122	717	47	2001-01-01
110	110	273	40	2011-01-01
111	193	221	44	1993-01-01
112	70	291	50	1978-01-01
113	69	34	29	1980-01-01
114	167	20	11	1974-01-01
115	145	818	11	1974-01-01
116	175	1040	2	1979-01-01
117	134	372	8	1987-01-01
118	196	538	23	1970-01-01
119	190	798	9	1998-01-01
120	157	713	1	2005-01-01
121	199	1128	40	1992-01-01
122	93	350	30	1988-01-01
123	66	404	11	2013-01-01
124	108	1163	40	1979-01-01
125	30	249	23	1973-01-01
126	5	121	29	1998-01-01
127	149	40	29	1990-01-01
128	177	594	3	1976-01-01
129	82	392	36	1985-01-01
130	130	1004	9	2020-01-01
131	57	577	17	1978-01-01
132	122	1011	2	1999-01-01
133	172	999	10	1976-01-01
134	78	140	1	1972-01-01
135	55	206	28	1974-01-01
136	86	281	7	2000-01-01
137	33	112	12	1996-01-01
138	22	84	3	2018-01-01
139	143	560	42	2002-01-01
140	180	734	31	1973-01-01
141	175	989	37	2015-01-01
142	50	1146	32	2013-01-01
143	171	1075	38	2002-01-01
144	20	441	41	1991-01-01
145	85	579	15	1980-01-01
146	143	320	15	1991-01-01
147	109	1052	16	2018-01-01
148	53	705	41	1975-01-01
149	191	13	3	1987-01-01
150	28	1056	30	1970-01-01
151	51	30	39	1985-01-01
152	107	385	14	2020-01-01
153	69	890	44	1996-01-01
154	179	317	48	2001-01-01
155	98	649	43	2004-01-01
156	104	522	44	1981-01-01
157	131	67	20	2008-01-01
158	82	402	46	1987-01-01
159	6	11	45	1994-01-01
160	146	213	7	1977-01-01
161	135	982	1	2006-01-01
162	27	382	31	2018-01-01
163	62	579	28	1976-01-01
164	176	299	17	2014-01-01
165	5	974	48	1976-01-01
166	133	658	24	1992-01-01
167	158	58	29	1980-01-01
168	146	1078	40	2009-01-01
169	184	1063	11	1978-01-01
170	118	1047	34	1973-01-01
171	108	325	45	2007-01-01
172	79	637	2	1989-01-01
173	63	591	33	1983-01-01
174	102	340	35	2001-01-01
175	111	624	1	1976-01-01
176	89	375	31	2013-01-01
177	183	1116	5	2020-01-01
178	158	281	21	1977-01-01
179	159	558	4	1989-01-01
180	15	494	23	1985-01-01
181	102	79	7	1993-01-01
182	86	542	43	2017-01-01
183	113	478	28	1977-01-01
184	55	341	25	1974-01-01
185	169	25	35	1983-01-01
186	92	471	35	1991-01-01
187	90	754	12	2004-01-01
188	52	725	30	1976-01-01
189	44	276	45	1974-01-01
190	169	514	36	2009-01-01
191	56	557	19	2001-01-01
192	192	56	15	1982-01-01
193	173	856	46	1972-01-01
194	32	1068	44	1997-01-01
195	81	697	17	1974-01-01
196	5	818	26	1997-01-01
197	182	86	26	1987-01-01
198	44	914	8	2002-01-01
199	90	841	42	2007-01-01
200	154	116	25	1971-01-01
201	116	436	16	1999-01-01
202	92	344	47	2003-01-01
203	197	1077	28	1971-01-01
204	43	746	17	1990-01-01
205	136	1128	38	1986-01-01
206	141	662	37	1997-01-01
207	55	836	19	1978-01-01
208	88	290	41	2016-01-01
209	117	1138	1	2017-01-01
210	18	598	14	1979-01-01
211	12	932	42	1970-01-01
212	2	20	19	1976-01-01
213	35	29	3	1970-01-01
214	85	434	17	1983-01-01
215	76	999	1	2013-01-01
216	80	617	1	1971-01-01
217	7	993	36	1981-01-01
218	108	625	19	2014-01-01
219	112	776	9	1980-01-01
220	126	1001	28	1993-01-01
221	141	501	18	1974-01-01
222	120	769	9	1991-01-01
223	60	200	5	2000-01-01
224	188	700	38	1995-01-01
225	175	250	38	2020-01-01
226	160	1061	49	2012-01-01
227	94	17	39	1987-01-01
228	200	1142	23	1980-01-01
229	197	910	37	2015-01-01
230	106	899	38	1996-01-01
231	58	264	50	1983-01-01
232	190	222	49	2018-01-01
233	24	559	49	1979-01-01
234	167	843	10	1980-01-01
235	130	249	32	1993-01-01
236	55	50	47	2004-01-01
237	35	299	8	2019-01-01
238	64	399	5	1989-01-01
239	46	439	10	2011-01-01
240	15	350	1	1978-01-01
241	3	610	1	1979-01-01
242	97	169	49	2012-01-01
243	126	797	28	1976-01-01
244	121	919	11	2003-01-01
245	56	799	22	2012-01-01
246	127	713	6	1986-01-01
247	47	802	44	1971-01-01
248	115	999	8	1972-01-01
249	185	210	40	2011-01-01
250	115	154	35	1993-01-01
251	54	513	30	1994-01-01
252	162	323	10	1984-01-01
253	151	1131	50	2015-01-01
254	117	173	11	1988-01-01
255	176	834	1	1998-01-01
256	165	96	30	1974-01-01
257	80	168	3	1978-01-01
258	31	1075	34	1975-01-01
259	33	578	9	2003-01-01
260	191	1008	6	2009-01-01
261	126	1026	31	1988-01-01
262	27	897	31	2019-01-01
263	164	766	35	1974-01-01
264	95	171	17	2020-01-01
265	99	303	11	1996-01-01
266	103	228	3	1992-01-01
267	140	695	31	1996-01-01
268	77	546	26	1990-01-01
269	103	486	13	2009-01-01
270	167	944	6	1987-01-01
271	109	360	29	1992-01-01
272	75	938	4	1981-01-01
273	137	22	8	1991-01-01
274	152	175	33	2012-01-01
275	129	120	43	2006-01-01
276	130	588	48	1997-01-01
277	179	233	13	1989-01-01
278	130	715	31	2006-01-01
279	12	493	7	2007-01-01
280	65	508	41	1978-01-01
281	83	122	13	1996-01-01
282	142	914	1	1987-01-01
283	116	50	13	2001-01-01
284	138	649	10	2018-01-01
285	48	168	34	2001-01-01
286	198	1064	27	1993-01-01
287	187	9	12	2014-01-01
288	98	3	44	2010-01-01
289	142	63	36	1983-01-01
290	199	694	10	2015-01-01
291	168	263	13	1999-01-01
292	114	1057	28	2008-01-01
293	18	292	22	1983-01-01
294	114	707	14	1979-01-01
295	67	995	10	1998-01-01
296	157	71	1	2004-01-01
297	169	596	27	2002-01-01
298	73	1140	15	1972-01-01
299	192	624	1	1977-01-01
300	81	651	30	2005-01-01
301	103	1141	32	1977-01-01
302	92	976	12	2010-01-01
303	190	465	25	2019-01-01
304	126	1103	42	1996-01-01
305	90	55	29	2011-01-01
306	16	369	10	1982-01-01
307	100	649	46	2007-01-01
308	153	856	12	2019-01-01
309	9	797	47	1996-01-01
310	28	718	22	2017-01-01
311	184	973	33	1973-01-01
312	163	295	25	2001-01-01
313	196	755	7	1993-01-01
314	17	149	25	1970-01-01
315	35	841	19	2020-01-01
316	84	391	9	1970-01-01
317	64	103	31	1972-01-01
318	80	1055	32	1975-01-01
319	52	1071	15	1996-01-01
320	101	326	9	2009-01-01
321	164	345	50	2008-01-01
322	189	224	16	1981-01-01
323	21	707	37	1983-01-01
324	55	951	46	1988-01-01
325	45	607	36	1988-01-01
326	109	185	41	2005-01-01
327	189	37	49	1986-01-01
328	134	819	37	1996-01-01
329	29	119	47	1973-01-01
330	123	864	43	2011-01-01
331	47	306	8	2006-01-01
332	180	1047	18	2007-01-01
333	197	1033	16	2010-01-01
334	108	115	11	1999-01-01
335	24	1060	17	2001-01-01
336	71	1002	45	2017-01-01
337	108	1163	30	1979-01-01
338	100	931	8	1977-01-01
339	140	1035	38	2018-01-01
340	29	590	21	2017-01-01
341	89	693	45	1985-01-01
342	152	987	46	1972-01-01
343	98	1042	43	2016-01-01
344	23	719	45	1981-01-01
345	51	678	4	1971-01-01
346	82	609	48	1992-01-01
347	183	519	34	1975-01-01
348	123	371	33	1996-01-01
349	147	620	21	2011-01-01
350	112	238	33	1999-01-01
351	23	340	40	2011-01-01
352	195	827	22	1990-01-01
353	34	184	14	2005-01-01
354	71	583	39	1985-01-01
355	12	333	31	1988-01-01
356	185	159	5	2008-01-01
357	63	1132	2	2004-01-01
358	86	714	41	1994-01-01
359	161	1039	31	1972-01-01
360	53	1047	6	2009-01-01
361	28	340	14	2017-01-01
362	157	151	38	1979-01-01
363	98	1008	15	2017-01-01
364	135	105	16	1973-01-01
365	69	1167	43	1971-01-01
366	113	883	49	1996-01-01
367	127	949	38	2018-01-01
368	25	62	16	2012-01-01
369	1	870	7	1999-01-01
370	191	1089	36	2018-01-01
371	56	550	32	1996-01-01
372	100	227	33	2014-01-01
373	41	764	35	1997-01-01
374	172	167	22	1983-01-01
375	58	679	2	2018-01-01
376	35	20	49	2011-01-01
377	117	468	12	2018-01-01
378	101	805	18	1994-01-01
379	168	1111	29	2014-01-01
380	186	138	4	1997-01-01
381	40	455	30	2016-01-01
382	94	371	48	1980-01-01
383	180	712	42	1976-01-01
384	147	82	16	2000-01-01
385	126	959	46	2018-01-01
386	51	571	47	2007-01-01
387	50	77	31	1999-01-01
388	39	408	44	1987-01-01
389	133	468	30	1988-01-01
390	19	654	1	2005-01-01
391	124	580	12	1981-01-01
392	4	1023	35	1972-01-01
393	108	1122	27	2010-01-01
394	90	449	31	1976-01-01
395	136	86	23	1976-01-01
396	190	937	45	1971-01-01
397	72	709	12	1970-01-01
398	82	198	45	1985-01-01
399	96	395	48	2006-01-01
400	19	535	5	2004-01-01
401	44	753	33	1993-01-01
402	101	704	30	1993-01-01
403	189	1072	15	1980-01-01
404	76	1168	31	1992-01-01
405	59	540	19	2005-01-01
406	106	63	36	1982-01-01
407	94	252	37	1976-01-01
408	99	310	13	2018-01-01
409	49	686	46	2019-01-01
410	22	875	24	2015-01-01
411	172	1083	29	2020-01-01
412	135	618	16	2015-01-01
413	27	258	36	2012-01-01
414	7	1131	21	2010-01-01
415	49	774	12	2013-01-01
416	113	353	47	1973-01-01
417	123	232	41	1975-01-01
418	183	532	34	2008-01-01
419	129	672	40	1987-01-01
420	147	24	1	1970-01-01
421	101	937	1	1971-01-01
422	88	1159	17	2013-01-01
423	17	535	33	1976-01-01
424	4	732	8	1986-01-01
425	156	1145	12	2010-01-01
426	35	877	33	1982-01-01
427	120	550	31	2009-01-01
428	122	83	36	2009-01-01
429	179	952	4	2002-01-01
430	102	1093	39	2005-01-01
431	81	36	6	2012-01-01
432	50	415	21	1976-01-01
433	23	936	22	2009-01-01
434	191	1082	37	1977-01-01
435	158	206	49	2001-01-01
436	166	1169	8	1971-01-01
437	12	497	20	1980-01-01
438	57	1042	20	1985-01-01
439	26	887	21	1977-01-01
440	8	141	44	1980-01-01
441	46	88	11	1992-01-01
442	85	683	48	1973-01-01
443	36	167	43	1981-01-01
444	183	595	18	2002-01-01
445	99	771	3	2003-01-01
446	134	1116	38	1978-01-01
447	11	17	12	2018-01-01
448	115	503	42	2006-01-01
449	105	166	40	1993-01-01
450	197	1064	32	1975-01-01
451	13	651	41	2001-01-01
452	130	1031	27	2007-01-01
453	104	452	7	1987-01-01
454	33	760	42	2017-01-01
455	31	864	19	1986-01-01
456	123	436	44	1980-01-01
457	34	1082	6	1979-01-01
458	96	900	14	1999-01-01
459	136	492	34	1986-01-01
460	63	507	43	1987-01-01
461	141	606	32	2018-01-01
462	171	664	18	1979-01-01
463	132	96	33	2015-01-01
464	51	144	7	2000-01-01
465	85	1172	48	2002-01-01
466	94	1050	13	1977-01-01
467	4	184	37	1994-01-01
468	158	850	43	2020-01-01
469	190	138	21	2008-01-01
470	46	217	10	1978-01-01
471	5	264	31	1993-01-01
472	37	569	46	2013-01-01
473	30	118	17	1979-01-01
474	67	637	27	2003-01-01
475	5	521	47	2017-01-01
476	110	512	25	1993-01-01
477	39	992	47	2005-01-01
478	153	74	6	1981-01-01
479	29	1042	35	1982-01-01
480	39	597	16	1990-01-01
481	4	8	23	2007-01-01
482	161	206	24	2007-01-01
483	74	240	29	1984-01-01
484	69	1138	27	2011-01-01
485	161	541	26	2009-01-01
486	35	489	21	2004-01-01
487	188	229	20	1979-01-01
488	54	488	5	2009-01-01
489	158	628	2	2010-01-01
490	13	1038	40	2008-01-01
491	12	1082	45	2016-01-01
492	137	132	10	1977-01-01
493	66	134	10	1984-01-01
494	24	518	36	1987-01-01
495	185	54	41	1972-01-01
496	101	738	6	2009-01-01
497	138	658	10	1978-01-01
498	124	718	47	1990-01-01
499	122	1095	6	1975-01-01
500	154	998	14	2007-01-01
501	30	347	24	1973-01-01
502	121	1071	5	2005-01-01
503	47	42	16	1973-01-01
504	190	1055	22	1976-01-01
505	118	430	48	2011-01-01
506	72	226	34	2016-01-01
507	159	1135	31	1989-01-01
508	156	963	31	1972-01-01
509	128	1076	8	1987-01-01
510	65	364	47	2004-01-01
511	6	1164	21	2017-01-01
512	44	948	24	1971-01-01
513	89	1134	36	1986-01-01
514	60	394	46	1972-01-01
515	64	931	33	2005-01-01
516	94	671	28	2014-01-01
517	161	191	2	2003-01-01
518	180	559	35	1982-01-01
519	44	328	10	2008-01-01
520	179	866	25	2006-01-01
521	91	106	42	1975-01-01
522	179	187	29	2009-01-01
523	74	139	24	2011-01-01
524	72	179	32	1992-01-01
525	198	920	9	1993-01-01
526	63	1128	26	2008-01-01
527	95	315	1	1997-01-01
528	172	231	10	1984-01-01
529	81	568	18	2015-01-01
530	191	350	7	1980-01-01
531	177	982	4	1982-01-01
532	148	1101	37	1994-01-01
533	189	730	23	1970-01-01
534	12	1117	45	1983-01-01
535	112	383	8	1999-01-01
536	175	469	19	1973-01-01
537	165	929	17	2015-01-01
538	92	753	9	1980-01-01
539	150	725	37	1982-01-01
540	170	1048	18	1991-01-01
541	59	881	10	1984-01-01
542	59	860	3	1994-01-01
543	45	731	25	2015-01-01
544	67	188	45	2013-01-01
545	70	712	7	1987-01-01
546	26	127	18	2003-01-01
547	43	857	16	2013-01-01
548	37	428	35	1975-01-01
549	163	728	36	2018-01-01
550	49	708	46	1975-01-01
551	89	1023	3	1993-01-01
552	150	312	19	2005-01-01
553	99	818	42	2003-01-01
554	152	637	49	1971-01-01
555	155	363	38	1990-01-01
556	79	1147	23	1974-01-01
557	86	1032	15	2017-01-01
558	134	261	48	1977-01-01
559	145	804	46	1980-01-01
560	83	1	38	2017-01-01
561	138	683	32	2009-01-01
562	89	733	6	1987-01-01
563	194	1000	40	1993-01-01
564	88	365	31	2007-01-01
565	48	706	8	2007-01-01
566	100	741	44	2012-01-01
567	121	115	12	1971-01-01
568	169	650	27	1993-01-01
569	94	1136	1	1991-01-01
570	144	616	21	1989-01-01
571	49	634	20	1993-01-01
572	176	54	25	1986-01-01
573	135	470	38	1978-01-01
574	39	1107	4	2008-01-01
575	87	446	24	1986-01-01
576	20	330	43	1986-01-01
577	5	797	12	2001-01-01
578	89	813	31	1992-01-01
579	29	446	14	2003-01-01
580	119	1099	2	1984-01-01
581	112	652	12	2007-01-01
582	157	678	30	1994-01-01
583	175	97	20	1976-01-01
584	193	69	34	2016-01-01
585	38	325	10	1984-01-01
586	76	324	41	1993-01-01
587	199	449	9	1977-01-01
588	198	510	13	2011-01-01
589	167	20	28	2012-01-01
590	61	84	14	1982-01-01
591	27	698	48	1976-01-01
592	10	537	27	1988-01-01
593	50	312	30	1999-01-01
594	174	711	41	1973-01-01
595	168	881	16	2005-01-01
596	22	765	4	1983-01-01
597	146	1023	26	1994-01-01
598	180	639	28	1983-01-01
599	85	476	25	1988-01-01
600	168	306	44	1981-01-01
601	40	852	30	1989-01-01
602	119	822	35	1975-01-01
603	49	523	18	1979-01-01
604	16	120	1	1993-01-01
605	3	661	36	2015-01-01
606	175	789	17	1971-01-01
607	200	1011	22	2014-01-01
608	39	877	10	1974-01-01
609	131	708	40	1995-01-01
610	75	574	27	1990-01-01
611	83	249	27	1991-01-01
612	134	578	40	2015-01-01
613	65	160	6	1991-01-01
614	147	347	9	1975-01-01
615	146	559	47	1975-01-01
616	80	14	45	1994-01-01
617	71	861	11	2019-01-01
618	166	255	9	1986-01-01
619	158	493	43	1981-01-01
620	48	613	6	1998-01-01
621	197	1168	3	1990-01-01
622	90	915	31	1992-01-01
623	72	24	46	2019-01-01
624	57	1064	18	1974-01-01
625	31	276	27	1987-01-01
626	8	851	15	2001-01-01
627	12	711	43	2003-01-01
628	180	50	45	1990-01-01
629	169	1117	36	1992-01-01
630	109	848	42	2002-01-01
631	39	66	33	2016-01-01
632	52	331	38	1980-01-01
633	123	441	43	1982-01-01
634	114	656	33	2000-01-01
635	167	822	23	2001-01-01
636	153	33	39	1996-01-01
637	176	328	15	2000-01-01
638	199	1101	36	1975-01-01
639	135	725	32	2020-01-01
640	84	245	22	1979-01-01
641	55	458	24	2001-01-01
642	43	617	16	1970-01-01
643	134	881	45	2012-01-01
644	35	108	42	2020-01-01
645	80	594	36	1986-01-01
646	11	44	32	1979-01-01
647	114	255	43	1991-01-01
648	35	8	19	2020-01-01
649	5	942	30	1977-01-01
650	1	530	15	2012-01-01
651	180	642	36	2000-01-01
652	93	940	29	2011-01-01
653	59	775	28	2007-01-01
654	22	650	24	1990-01-01
655	165	988	20	1993-01-01
656	64	717	45	1994-01-01
657	9	312	26	1990-01-01
658	164	910	39	2015-01-01
659	182	419	6	1998-01-01
660	40	922	35	2004-01-01
661	89	79	38	1986-01-01
662	158	361	31	2018-01-01
663	189	435	8	2009-01-01
664	25	598	14	1982-01-01
665	151	1154	47	1997-01-01
666	97	516	13	1990-01-01
667	180	870	29	1989-01-01
668	115	902	23	1982-01-01
669	153	165	13	2000-01-01
670	185	1001	15	1982-01-01
671	71	249	9	1971-01-01
672	22	785	20	2010-01-01
673	101	757	45	1986-01-01
674	112	131	17	1983-01-01
675	164	341	21	2013-01-01
676	127	48	13	1990-01-01
677	40	1164	37	2015-01-01
678	66	214	1	2009-01-01
679	59	974	25	2002-01-01
680	115	754	47	1975-01-01
681	125	822	25	1971-01-01
682	27	455	36	2002-01-01
683	157	1079	11	1983-01-01
684	90	554	35	2005-01-01
685	125	250	29	1977-01-01
686	34	662	6	1990-01-01
687	123	303	10	1985-01-01
688	117	475	11	1980-01-01
689	102	881	2	1978-01-01
690	193	194	8	2001-01-01
691	13	788	47	2017-01-01
692	89	122	42	1971-01-01
693	55	88	22	1986-01-01
694	72	560	21	1970-01-01
695	195	1154	46	1977-01-01
696	45	1087	7	1973-01-01
697	51	666	48	1972-01-01
698	30	617	46	2018-01-01
699	84	360	44	1975-01-01
700	124	106	49	2000-01-01
701	173	525	1	2012-01-01
702	127	1126	10	1992-01-01
703	180	1070	11	1970-01-01
704	2	366	23	1972-01-01
705	54	967	37	1983-01-01
706	52	614	36	2006-01-01
707	121	411	5	2011-01-01
708	37	633	46	1992-01-01
709	62	993	34	1989-01-01
710	182	57	25	1985-01-01
711	69	852	39	2013-01-01
712	183	506	4	2017-01-01
713	157	978	37	2016-01-01
714	69	415	14	1982-01-01
715	145	8	1	1980-01-01
716	105	683	45	2020-01-01
717	7	741	3	2006-01-01
718	47	941	9	2008-01-01
719	168	184	49	2013-01-01
720	24	983	2	1993-01-01
721	146	617	48	1985-01-01
722	147	258	44	2008-01-01
723	196	895	9	2013-01-01
724	63	677	43	2019-01-01
725	183	553	31	1994-01-01
726	165	1031	41	1991-01-01
727	8	698	40	1979-01-01
728	71	822	46	2016-01-01
729	52	406	43	1979-01-01
730	58	849	9	2004-01-01
731	29	779	34	2003-01-01
732	88	720	3	1986-01-01
733	150	257	50	1992-01-01
734	21	878	7	1996-01-01
735	167	793	27	2011-01-01
736	32	462	39	2016-01-01
737	176	413	13	1977-01-01
738	151	133	27	1977-01-01
739	144	844	9	1978-01-01
740	196	784	16	2001-01-01
741	32	575	38	1986-01-01
742	77	491	9	2006-01-01
743	130	1153	12	1999-01-01
744	141	514	2	2006-01-01
745	28	1084	40	1989-01-01
746	9	325	12	1996-01-01
747	125	354	6	1992-01-01
748	52	26	49	2008-01-01
749	78	780	2	1984-01-01
750	36	667	37	2012-01-01
751	194	521	17	2008-01-01
752	147	943	29	2012-01-01
753	19	867	10	1984-01-01
754	108	1087	15	1977-01-01
755	119	104	18	1993-01-01
756	71	921	44	1993-01-01
757	77	369	13	1971-01-01
758	156	75	50	2005-01-01
759	8	2	49	2014-01-01
760	21	402	20	2013-01-01
761	156	1078	40	1973-01-01
762	88	88	34	1999-01-01
763	157	11	45	1982-01-01
764	34	813	11	1991-01-01
765	76	900	39	1974-01-01
766	111	742	49	2002-01-01
767	94	67	7	1973-01-01
768	187	146	36	1973-01-01
769	85	610	15	1970-01-01
770	1	207	32	1990-01-01
771	189	697	36	1990-01-01
772	164	782	43	2008-01-01
773	63	161	21	2002-01-01
774	184	203	38	1985-01-01
775	3	997	13	2007-01-01
776	197	75	14	1991-01-01
777	138	599	37	2006-01-01
778	158	1011	46	2004-01-01
779	104	558	9	2006-01-01
780	151	641	29	2010-01-01
781	150	962	31	1998-01-01
782	40	338	6	1995-01-01
783	70	2	5	1987-01-01
784	179	785	38	1981-01-01
785	120	1162	6	2000-01-01
786	32	962	9	2014-01-01
787	57	250	15	1973-01-01
788	173	897	2	1986-01-01
789	185	781	43	1975-01-01
790	66	997	24	1981-01-01
791	85	93	14	2020-01-01
792	86	350	29	2009-01-01
793	91	965	11	2018-01-01
794	74	774	31	2012-01-01
795	120	942	3	1991-01-01
796	148	1100	2	2000-01-01
797	124	616	22	2018-01-01
798	35	490	5	1991-01-01
799	52	1118	3	1979-01-01
800	41	1002	41	1996-01-01
801	33	778	31	1990-01-01
802	20	632	41	2015-01-01
803	80	1045	25	1977-01-01
804	12	748	50	1999-01-01
805	28	35	45	1978-01-01
806	90	4	45	1992-01-01
807	60	143	38	2007-01-01
808	15	572	40	2007-01-01
809	12	449	22	2014-01-01
810	62	817	39	1991-01-01
811	189	198	37	2017-01-01
812	193	92	11	1996-01-01
813	50	1059	49	2006-01-01
814	63	821	4	2017-01-01
815	27	661	8	1992-01-01
816	102	827	6	1976-01-01
817	195	1095	36	2004-01-01
818	64	110	11	1980-01-01
819	125	389	6	2019-01-01
820	10	316	36	1975-01-01
821	91	67	15	2012-01-01
822	50	1046	36	1970-01-01
823	199	564	8	2006-01-01
824	100	1119	21	2006-01-01
825	180	1093	25	1995-01-01
826	178	971	47	2014-01-01
827	53	17	36	1985-01-01
828	138	74	12	1993-01-01
829	135	581	50	1988-01-01
830	91	117	40	1996-01-01
831	57	904	8	1983-01-01
832	131	164	35	1994-01-01
833	28	1143	12	1986-01-01
834	184	554	37	1975-01-01
835	16	114	14	2009-01-01
836	145	228	13	2000-01-01
837	158	1147	39	2020-01-01
838	13	95	42	2018-01-01
839	167	850	47	2017-01-01
840	171	137	34	2006-01-01
841	14	271	20	2017-01-01
842	99	1128	37	2008-01-01
843	25	475	6	1998-01-01
844	102	550	21	1995-01-01
845	47	6	25	2019-01-01
846	71	407	49	1989-01-01
847	66	421	22	2007-01-01
848	38	239	33	2004-01-01
849	133	430	6	2018-01-01
850	100	661	41	1972-01-01
851	103	10	47	1992-01-01
852	119	992	45	2003-01-01
853	172	999	46	2008-01-01
854	72	534	36	2011-01-01
855	72	1044	31	1985-01-01
856	73	822	11	2001-01-01
857	186	599	21	1987-01-01
858	50	143	13	2009-01-01
859	165	2	10	2005-01-01
860	36	595	22	2010-01-01
861	163	666	26	2009-01-01
862	142	441	46	2006-01-01
863	105	970	17	1974-01-01
864	5	1131	40	1971-01-01
865	160	1085	40	1990-01-01
866	103	261	13	1983-01-01
867	177	48	28	1996-01-01
868	50	330	13	2007-01-01
869	175	641	9	2003-01-01
870	87	1025	38	2013-01-01
871	130	419	4	1979-01-01
872	2	137	49	2008-01-01
873	58	660	40	2016-01-01
874	165	676	10	1989-01-01
875	20	857	15	1987-01-01
876	122	855	31	1993-01-01
877	185	129	18	1981-01-01
878	47	75	14	1975-01-01
879	152	1118	9	2000-01-01
880	144	723	23	2017-01-01
881	26	140	5	2005-01-01
882	81	448	5	1999-01-01
883	19	750	44	2001-01-01
884	92	487	41	2008-01-01
885	68	184	47	2017-01-01
886	122	512	43	1988-01-01
887	114	422	44	1996-01-01
888	181	775	4	1972-01-01
889	18	941	1	1998-01-01
890	72	59	11	1977-01-01
891	40	8	39	1971-01-01
892	1	413	7	1986-01-01
893	125	345	21	1981-01-01
894	192	573	22	2014-01-01
895	86	26	12	1997-01-01
896	43	812	45	1998-01-01
897	185	692	22	2000-01-01
898	196	1048	18	2007-01-01
899	89	269	23	1985-01-01
900	188	176	11	2020-01-01
901	77	752	18	2013-01-01
902	65	780	46	2010-01-01
903	179	1010	8	2009-01-01
904	33	1037	12	1977-01-01
905	141	614	4	2014-01-01
906	92	280	3	1984-01-01
907	100	1042	37	1995-01-01
908	59	323	37	2006-01-01
909	152	729	15	1990-01-01
910	165	326	30	2018-01-01
911	190	785	39	1995-01-01
912	54	304	26	2013-01-01
913	31	189	15	1977-01-01
914	89	817	19	2019-01-01
915	25	316	39	1982-01-01
916	62	385	31	2016-01-01
917	97	132	13	1978-01-01
918	60	1078	37	2007-01-01
919	121	735	39	1979-01-01
920	182	711	46	1982-01-01
921	157	225	21	2007-01-01
922	58	161	11	1987-01-01
923	57	1096	37	1992-01-01
924	5	81	7	2006-01-01
925	181	709	40	1979-01-01
926	67	925	25	2011-01-01
927	22	206	45	2007-01-01
928	37	307	50	1994-01-01
929	187	111	11	1983-01-01
930	149	530	2	1978-01-01
931	171	1014	3	2003-01-01
932	58	788	49	1981-01-01
933	56	249	40	2017-01-01
934	53	570	4	2015-01-01
935	98	431	37	1994-01-01
936	59	408	46	2006-01-01
937	9	557	29	1980-01-01
938	43	1091	38	2005-01-01
939	43	1066	4	1990-01-01
940	63	791	43	1980-01-01
941	38	788	33	1973-01-01
942	146	661	6	1992-01-01
943	183	913	19	1979-01-01
944	43	7	42	1982-01-01
945	165	1129	42	1990-01-01
946	101	361	19	1983-01-01
947	71	502	24	1978-01-01
948	168	1066	4	1996-01-01
949	1	806	10	1989-01-01
950	56	211	18	2004-01-01
951	191	1092	17	2007-01-01
952	59	1031	20	1971-01-01
953	167	557	41	2018-01-01
954	136	966	30	1987-01-01
955	1	350	49	1999-01-01
956	108	302	19	2007-01-01
957	78	259	25	1989-01-01
958	98	1092	40	2012-01-01
959	162	198	3	1992-01-01
960	97	1094	18	1974-01-01
961	40	375	1	1979-01-01
962	160	98	30	2003-01-01
963	170	131	15	2017-01-01
964	156	450	27	2010-01-01
965	58	737	45	1977-01-01
966	14	945	15	1985-01-01
967	17	753	33	2015-01-01
968	27	664	1	1992-01-01
969	5	1082	25	1998-01-01
970	64	292	42	2003-01-01
971	86	702	7	1999-01-01
972	196	965	27	1974-01-01
973	157	879	37	1983-01-01
974	17	133	27	2017-01-01
975	6	92	49	2001-01-01
976	191	408	5	1973-01-01
977	11	75	22	2007-01-01
978	45	499	34	1999-01-01
979	117	54	24	1972-01-01
980	40	403	36	2001-01-01
981	24	50	13	1993-01-01
982	198	311	46	1988-01-01
983	122	826	37	1996-01-01
984	80	742	42	2006-01-01
985	75	87	15	1985-01-01
986	99	907	36	2018-01-01
987	133	687	43	2011-01-01
988	8	576	16	1998-01-01
989	179	569	1	2014-01-01
990	151	71	37	1975-01-01
991	130	149	12	1971-01-01
992	154	654	39	1994-01-01
993	109	299	12	1990-01-01
994	182	437	17	1994-01-01
995	76	676	19	1995-01-01
996	11	1051	39	1981-01-01
997	189	795	33	1974-01-01
998	26	1144	33	1985-01-01
999	136	745	7	1999-01-01
1000	57	887	40	2002-01-01
\.


--
-- Data for Name: books_students; Type: TABLE DATA; Schema: public; Owner: postgres
--

COPY public.books_students (id, book_id, student_id, date_of_issue, date_of_return) FROM stdin;
1	798	11	2017-04-28	2019-05-28
2	915	22	2019-09-14	2020-09-20
3	131	65	2020-03-25	2020-03-27
4	493	77	2017-03-10	2017-03-15
5	814	59	2015-09-03	2016-09-08
6	881	78	2020-01-25	2020-01-28
7	689	16	2017-01-19	2017-01-22
8	160	22	2017-11-20	2018-12-25
9	59	89	2018-05-10	2019-05-17
10	169	87	2015-09-09	2016-10-12
11	399	69	2018-09-14	2020-11-15
12	788	3	2015-08-25	2015-09-28
13	354	42	2015-03-13	2016-03-17
14	649	63	2015-05-02	2017-06-05
15	60	57	2020-07-02	2020-08-02
16	993	14	2017-04-16	2018-05-19
17	160	48	2019-12-25	2019-12-28
18	467	94	2016-04-03	2017-06-05
19	549	57	2018-02-08	2019-02-14
20	166	66	2016-07-07	2016-09-08
21	939	56	2020-08-11	2020-09-18
22	812	72	2019-05-18	2020-06-23
23	739	7	2019-03-05	2019-05-05
24	487	40	2015-12-01	2016-12-02
25	521	37	2016-04-16	2017-06-17
26	129	58	2015-03-14	2017-04-21
27	520	59	2015-02-10	2015-03-17
28	597	28	2015-06-15	2017-06-17
29	518	67	2017-01-14	2019-02-15
30	943	32	2019-09-23	2019-11-24
31	449	21	2017-11-24	2018-12-27
32	409	2	2018-03-27	2020-05-28
33	293	55	2019-12-20	2020-12-23
34	126	85	2019-09-14	2019-10-17
35	948	63	2016-04-18	2016-06-23
36	840	42	2020-10-10	2020-10-15
37	876	70	2019-12-24	2020-12-28
38	382	17	2016-09-03	2016-11-07
39	387	89	2015-11-04	2016-12-10
40	707	94	2019-01-21	2020-03-27
41	643	41	2018-11-02	2018-12-09
42	111	68	2015-09-26	2015-11-28
43	474	19	2018-04-25	2020-05-25
44	936	87	2019-11-11	2020-11-17
45	72	95	2018-12-23	2019-12-26
46	931	40	2015-03-10	2017-05-12
47	991	82	2016-11-03	2016-12-09
48	216	9	2018-04-20	2018-06-20
49	319	55	2020-07-28	2020-09-28
50	891	12	2015-01-27	2017-01-28
51	757	75	2018-01-21	2020-01-25
52	449	61	2016-11-16	2018-11-16
53	526	39	2018-06-23	2018-07-24
54	763	55	2019-12-07	2020-12-09
55	200	59	2018-03-03	2020-05-07
56	708	90	2018-01-12	2020-03-18
57	401	79	2018-10-16	2020-12-17
58	993	77	2019-07-10	2020-08-11
59	992	81	2016-06-20	2017-08-20
60	714	82	2017-12-20	2018-12-23
61	50	86	2016-03-09	2016-03-09
62	878	16	2018-09-05	2020-09-06
63	531	38	2019-05-18	2020-07-20
64	729	92	2016-03-10	2018-03-13
65	667	23	2017-04-16	2018-05-18
66	855	33	2015-01-25	2017-02-28
67	76	66	2019-02-21	2020-03-27
68	728	2	2017-06-13	2018-07-15
69	232	79	2016-12-02	2017-12-07
70	146	54	2015-07-27	2015-09-27
71	611	58	2018-07-24	2020-08-25
72	36	100	2017-05-18	2017-05-25
73	438	30	2020-07-06	2020-09-07
74	58	3	2015-07-20	2017-08-20
75	410	3	2018-11-13	2018-12-15
76	813	53	2015-07-28	2017-08-28
77	875	14	2020-02-24	2020-02-28
78	393	91	2018-11-19	2019-12-21
79	569	100	2020-01-16	2020-02-17
80	673	83	2020-06-07	2020-07-11
81	286	87	2016-02-19	2018-03-24
82	221	4	2016-04-28	2018-06-28
83	147	83	2015-12-06	2017-12-07
84	707	90	2017-09-16	2017-10-21
85	9	70	2019-08-26	2020-08-28
86	87	18	2018-02-20	2019-03-23
87	214	49	2015-05-02	2015-06-09
88	551	71	2020-12-04	2020-12-09
89	243	56	2017-04-10	2017-04-12
90	454	98	2020-02-07	2020-03-09
91	540	44	2020-06-21	2020-07-27
92	393	78	2016-12-03	2018-12-07
93	220	25	2019-12-03	2019-12-04
94	916	7	2015-03-01	2015-03-05
95	116	18	2019-02-18	2020-04-25
96	182	26	2017-04-23	2019-05-26
97	583	4	2020-03-25	2020-05-27
98	129	51	2018-07-14	2018-09-16
99	395	63	2019-01-12	2020-03-16
100	854	52	2018-04-25	2019-06-28
101	156	88	2020-01-26	2020-03-28
102	648	55	2019-07-10	2019-07-12
103	990	90	2020-05-09	2020-06-13
104	883	86	2018-09-08	2020-09-12
105	69	43	2017-12-07	2017-12-10
106	275	50	2015-10-13	2016-10-16
107	296	12	2016-08-20	2018-08-25
108	6	62	2015-05-20	2017-07-20
109	174	2	2020-04-12	2020-06-17
110	934	48	2016-02-20	2018-03-27
111	164	30	2016-11-20	2017-12-20
112	111	66	2015-01-03	2016-01-05
113	480	73	2020-06-10	2020-06-17
114	525	82	2015-03-16	2017-03-23
115	858	26	2019-01-05	2020-01-07
116	885	32	2017-07-17	2019-09-24
117	477	81	2016-12-10	2017-12-14
118	313	89	2018-08-19	2018-09-19
119	745	33	2017-10-20	2019-12-27
120	454	7	2015-09-08	2016-10-14
121	235	20	2020-03-09	2020-03-14
122	268	67	2015-11-09	2015-11-10
123	275	31	2017-08-17	2018-08-21
124	29	67	2019-11-04	2019-12-11
125	658	81	2020-07-19	2020-09-20
126	388	98	2015-10-04	2017-11-09
127	593	16	2016-06-11	2016-06-17
128	913	21	2018-03-23	2020-03-24
129	85	85	2018-04-03	2018-04-04
130	522	57	2017-12-23	2017-12-23
131	472	46	2018-04-02	2018-06-02
132	124	98	2015-03-01	2016-04-04
133	485	57	2015-06-25	2015-06-28
134	620	83	2020-08-28	2020-09-28
135	588	74	2017-04-04	2019-06-07
136	368	92	2019-02-18	2019-02-21
137	689	14	2019-11-11	2020-11-11
138	36	31	2019-10-16	2019-10-22
139	971	100	2016-03-18	2016-03-20
140	403	28	2016-10-10	2017-10-15
141	307	29	2016-06-23	2018-06-25
142	430	71	2017-10-09	2017-10-12
143	152	80	2020-11-23	2020-12-26
144	357	54	2017-07-24	2017-09-25
145	652	88	2019-01-18	2020-02-23
146	226	96	2015-11-08	2016-12-11
147	157	56	2016-10-06	2016-10-13
148	788	24	2016-07-13	2016-07-19
149	337	98	2020-12-24	2020-12-27
150	680	64	2018-07-19	2020-08-19
151	742	17	2018-04-22	2019-04-22
152	261	53	2015-02-26	2016-04-28
153	433	26	2016-09-27	2016-09-28
154	486	31	2016-08-04	2018-10-09
155	866	11	2019-12-25	2020-12-25
156	274	75	2019-03-07	2019-03-11
157	263	4	2017-12-09	2019-12-10
158	369	2	2018-02-28	2019-03-28
159	948	98	2016-11-24	2018-12-28
160	63	100	2015-09-03	2016-11-06
161	737	62	2018-09-28	2020-10-28
162	666	95	2016-10-23	2018-11-28
163	291	61	2016-06-25	2018-06-25
164	660	49	2019-11-25	2020-12-28
165	907	43	2016-01-26	2016-02-28
166	691	63	2020-09-25	2020-10-25
167	863	90	2018-08-28	2019-10-28
168	43	64	2015-12-21	2015-12-25
169	610	16	2018-02-13	2019-02-19
170	979	6	2016-09-26	2018-09-26
171	22	49	2019-08-15	2020-08-21
172	41	22	2020-08-24	2020-09-24
173	769	31	2020-12-17	2020-12-21
174	686	58	2016-10-15	2018-12-20
175	14	12	2020-05-15	2020-07-17
176	724	39	2018-12-04	2020-12-07
177	14	73	2015-01-11	2017-03-13
178	858	82	2018-11-17	2018-12-19
179	503	44	2020-01-01	2020-01-08
180	665	95	2018-11-16	2020-11-17
181	104	62	2019-01-27	2020-02-28
182	106	82	2018-11-16	2018-11-21
183	11	96	2018-03-24	2018-03-27
184	807	51	2019-11-27	2020-12-27
185	606	100	2020-12-25	2020-12-26
186	611	22	2016-10-16	2017-12-16
187	394	43	2018-12-22	2018-12-28
188	778	35	2015-06-24	2016-06-28
189	756	67	2019-07-28	2020-07-28
190	332	68	2016-09-03	2016-10-09
191	610	51	2015-10-19	2017-11-23
192	865	57	2019-12-24	2020-12-26
193	89	90	2015-06-27	2016-08-28
194	655	35	2018-04-28	2018-05-28
195	199	55	2017-07-19	2017-09-26
196	882	78	2015-02-05	2016-04-10
197	445	54	2018-10-24	2020-11-25
198	379	38	2019-08-17	2020-10-20
199	595	9	2020-10-18	2020-12-18
200	591	18	2020-07-18	2020-07-19
201	926	70	2018-06-14	2018-07-16
202	569	22	2018-06-18	2019-08-21
203	939	20	2015-11-19	2016-12-20
204	199	14	2017-02-03	2018-03-09
205	231	91	2017-08-10	2017-10-12
206	539	84	2019-09-27	2020-09-28
207	345	35	2018-05-28	2020-05-28
208	373	23	2015-05-03	2016-07-10
209	971	63	2019-11-03	2019-11-07
210	448	81	2016-04-02	2017-06-07
211	687	30	2017-07-28	2018-08-28
212	83	68	2017-11-27	2018-11-28
213	973	35	2016-12-01	2016-12-01
214	952	9	2016-11-05	2017-12-07
215	928	90	2015-10-25	2015-10-28
216	518	79	2015-12-07	2017-12-08
217	384	63	2020-05-18	2020-06-18
218	230	43	2020-08-15	2020-10-16
219	760	54	2018-08-11	2020-08-12
220	608	95	2015-07-14	2015-09-16
221	769	27	2020-01-13	2020-01-20
222	646	21	2015-08-03	2017-09-07
223	290	57	2018-05-14	2018-05-21
224	212	70	2015-10-18	2015-10-20
225	218	65	2016-02-23	2017-03-28
226	676	58	2017-03-20	2018-04-26
227	449	79	2015-09-24	2015-09-28
228	515	47	2020-12-03	2020-12-07
229	771	26	2017-11-01	2018-12-06
230	167	15	2020-08-05	2020-08-10
231	970	22	2018-08-06	2019-08-11
232	453	98	2020-07-19	2020-08-23
233	309	35	2019-08-10	2019-08-17
234	789	52	2015-10-24	2016-11-28
235	220	95	2019-08-21	2019-09-28
236	452	69	2018-11-10	2019-11-16
237	769	27	2020-12-21	2020-12-27
238	8	67	2018-07-12	2020-09-14
239	133	58	2020-01-28	2020-02-28
240	313	37	2017-03-17	2018-05-23
241	143	51	2016-05-15	2018-07-21
242	342	37	2018-04-24	2018-05-28
243	489	11	2019-03-11	2019-05-13
244	358	49	2019-04-23	2020-05-24
245	550	21	2016-11-28	2018-11-28
246	968	30	2016-10-07	2018-12-11
247	254	14	2015-01-15	2016-03-15
248	387	49	2019-07-06	2019-07-11
249	227	6	2016-03-08	2016-05-13
250	833	50	2020-03-25	2020-05-28
251	317	17	2019-06-27	2020-07-28
252	309	39	2017-09-26	2017-10-28
253	215	66	2016-03-14	2017-05-19
254	413	45	2017-04-17	2017-04-21
255	638	6	2020-05-27	2020-07-28
256	370	5	2016-05-20	2018-05-22
257	674	97	2018-12-17	2018-12-24
258	417	85	2018-01-22	2019-02-28
259	945	94	2019-02-06	2019-03-09
260	316	57	2016-08-16	2018-08-17
261	473	81	2015-06-04	2017-07-06
262	675	92	2016-09-08	2017-11-14
263	707	66	2019-08-11	2020-08-11
264	580	15	2018-12-26	2020-12-27
265	295	36	2016-01-02	2018-02-09
266	143	46	2019-08-18	2020-10-23
267	866	51	2017-03-08	2017-03-12
268	356	22	2016-11-25	2017-12-25
269	123	41	2017-12-26	2018-12-28
270	263	23	2018-05-14	2020-05-15
271	45	100	2020-01-23	2020-03-23
272	177	42	2015-11-26	2015-11-27
273	147	47	2019-11-27	2020-12-28
274	183	13	2015-11-27	2015-12-27
275	305	57	2017-02-06	2017-03-11
276	943	18	2016-09-11	2018-11-14
277	440	54	2018-03-02	2018-04-08
278	243	43	2017-07-17	2017-08-21
279	703	79	2017-09-22	2017-10-25
280	9	54	2017-02-03	2017-03-08
281	283	97	2019-07-21	2020-09-28
282	253	52	2020-12-05	2020-12-06
283	267	94	2016-08-11	2017-10-11
284	52	51	2017-09-19	2017-10-19
285	112	30	2015-02-24	2017-04-28
286	85	95	2018-07-27	2019-09-28
287	416	22	2019-05-19	2020-05-21
288	933	6	2018-02-20	2018-02-25
289	584	98	2020-11-26	2020-11-28
290	910	45	2016-06-13	2017-07-16
291	370	67	2017-01-25	2018-01-25
292	367	32	2015-09-20	2017-09-22
293	95	19	2019-10-05	2020-11-09
294	230	46	2016-07-11	2016-07-12
295	86	63	2016-09-28	2018-10-28
296	452	18	2019-01-07	2020-03-11
297	65	17	2018-04-06	2018-06-12
298	46	16	2015-08-08	2015-10-12
299	609	79	2020-11-21	2020-12-22
300	73	4	2020-06-12	2020-07-16
301	465	43	2015-05-07	2017-06-08
302	373	35	2020-05-13	2020-07-20
303	657	27	2015-08-09	2015-10-09
304	392	26	2015-03-05	2017-03-10
305	879	34	2020-10-05	2020-10-06
306	434	100	2019-08-07	2020-09-11
307	738	81	2020-08-11	2020-10-13
308	922	15	2017-09-23	2019-10-28
309	910	34	2018-04-12	2018-05-16
310	981	72	2019-11-19	2019-12-24
311	396	12	2019-11-02	2020-12-09
312	30	40	2015-11-09	2017-12-13
313	567	25	2020-01-23	2020-02-23
314	278	75	2017-06-23	2019-07-23
315	745	8	2016-03-24	2016-05-28
316	520	96	2018-12-05	2018-12-09
317	287	46	2018-11-24	2019-11-27
318	343	27	2018-05-07	2018-06-09
319	574	10	2015-12-24	2017-12-25
320	893	33	2015-02-10	2016-04-15
321	359	85	2019-07-24	2020-07-24
322	728	8	2019-01-20	2019-02-25
323	767	13	2018-07-28	2018-07-28
324	775	13	2017-08-12	2018-10-15
325	138	90	2018-06-15	2018-07-21
326	444	38	2016-06-22	2017-08-22
327	166	11	2020-03-23	2020-04-24
328	119	44	2019-12-05	2020-12-12
329	8	66	2018-02-19	2020-02-26
330	928	44	2020-02-02	2020-02-04
331	273	25	2019-10-10	2020-10-11
332	539	67	2015-10-02	2017-10-04
333	535	25	2019-01-24	2020-02-28
334	975	16	2018-12-02	2019-12-04
335	517	86	2018-12-10	2018-12-14
336	294	50	2017-04-25	2018-05-27
337	121	35	2015-11-19	2015-12-22
338	202	54	2017-01-01	2019-01-06
339	976	67	2017-08-19	2017-09-21
340	178	75	2019-05-19	2019-07-19
341	183	98	2020-01-19	2020-01-25
342	196	77	2017-03-20	2017-04-26
343	722	92	2020-04-21	2020-04-23
344	720	71	2016-03-14	2016-05-20
345	450	74	2015-02-14	2015-02-21
346	484	82	2016-05-26	2016-05-28
347	29	50	2020-09-19	2020-10-21
348	75	17	2015-12-23	2017-12-27
349	241	61	2016-09-15	2017-11-16
350	707	59	2019-02-17	2020-04-23
351	745	37	2015-03-25	2016-03-25
352	112	27	2020-08-26	2020-08-28
353	356	99	2017-02-07	2017-04-13
354	892	81	2016-06-13	2018-06-15
355	74	91	2020-11-23	2020-12-26
356	784	59	2018-12-26	2018-12-28
357	648	74	2019-03-15	2020-05-15
358	671	18	2015-04-13	2017-04-20
359	29	59	2018-03-22	2020-03-28
360	24	40	2020-06-19	2020-08-21
361	398	9	2016-09-11	2018-10-17
362	949	80	2015-06-25	2016-07-27
363	111	46	2018-04-08	2019-04-12
364	465	56	2018-01-02	2020-01-08
365	2	96	2019-09-25	2020-09-28
366	350	79	2016-07-06	2016-07-13
367	423	54	2015-03-06	2015-04-07
368	752	10	2020-12-04	2020-12-08
369	370	13	2020-04-27	2020-06-28
370	415	25	2018-04-15	2018-06-16
371	761	24	2018-07-13	2018-09-14
372	825	93	2020-12-07	2020-12-11
373	169	4	2020-09-26	2020-09-27
374	112	71	2019-05-14	2019-07-17
375	496	32	2016-10-14	2016-11-21
376	838	58	2016-01-03	2018-01-09
377	513	80	2020-02-22	2020-04-24
378	910	13	2016-03-21	2017-04-27
379	353	16	2015-05-02	2015-07-06
380	72	83	2015-05-19	2015-06-25
381	794	67	2016-12-07	2016-12-10
382	119	72	2019-07-07	2019-08-14
383	207	7	2015-06-11	2016-07-11
384	470	66	2019-09-01	2020-10-02
385	331	71	2019-05-06	2020-07-12
386	423	87	2020-08-13	2020-09-18
387	496	29	2019-05-02	2020-07-06
388	72	71	2019-09-12	2020-11-14
389	74	92	2017-06-09	2017-06-12
390	636	60	2017-11-24	2018-12-28
391	753	85	2016-03-15	2018-05-15
392	551	54	2015-09-21	2015-10-25
393	589	66	2015-01-13	2015-01-17
394	305	12	2019-12-23	2020-12-24
395	425	11	2020-08-26	2020-09-28
396	338	75	2016-05-20	2018-06-26
397	636	37	2018-01-19	2019-02-25
398	791	85	2019-04-22	2020-06-27
399	557	47	2018-08-20	2018-08-25
400	846	68	2020-08-21	2020-10-27
401	1000	72	2018-05-05	2018-05-08
402	913	13	2020-03-28	2020-03-28
403	266	79	2020-05-01	2020-07-03
404	586	32	2020-02-28	2020-03-28
405	829	60	2015-05-08	2015-06-08
406	721	91	2020-11-22	2020-12-24
407	535	14	2018-07-10	2018-09-13
408	1000	53	2015-03-22	2016-03-26
409	698	25	2016-01-02	2016-03-08
410	659	42	2018-06-17	2019-08-20
411	146	42	2016-09-15	2016-10-20
412	994	54	2020-08-06	2020-09-12
413	374	62	2019-06-17	2020-07-21
414	151	35	2020-09-22	2020-09-28
415	229	76	2018-02-15	2019-03-21
416	25	10	2017-02-02	2017-04-07
417	23	14	2015-05-06	2015-06-13
418	488	64	2015-12-23	2015-12-28
419	77	22	2015-06-05	2017-06-12
420	119	52	2016-02-28	2018-02-28
421	235	8	2016-12-25	2017-12-28
422	29	15	2015-10-15	2016-12-22
423	357	38	2016-05-09	2018-07-11
424	71	55	2020-06-06	2020-06-07
425	282	70	2015-02-20	2016-03-20
426	849	39	2020-03-09	2020-03-10
427	135	71	2015-11-06	2016-12-09
428	388	94	2015-12-27	2017-12-28
429	529	14	2019-02-08	2020-04-08
430	867	88	2018-04-26	2019-06-28
431	153	86	2018-01-03	2020-03-06
432	962	95	2015-10-12	2017-10-16
433	773	55	2015-10-15	2015-11-20
434	168	35	2020-12-19	2020-12-25
435	545	11	2016-09-26	2016-11-28
436	219	2	2018-11-18	2020-11-19
437	451	44	2020-12-17	2020-12-22
438	48	41	2018-10-21	2019-11-21
439	791	18	2018-01-21	2019-03-23
440	760	19	2020-12-03	2020-12-10
441	628	69	2020-02-07	2020-03-09
442	747	49	2017-12-06	2017-12-07
443	501	73	2020-06-07	2020-06-11
444	13	92	2020-05-02	2020-07-02
445	378	54	2015-08-07	2017-09-10
446	990	89	2018-04-20	2018-04-20
447	248	12	2015-03-11	2016-05-12
448	38	41	2018-08-05	2019-08-12
449	372	23	2015-08-04	2015-10-08
450	9	77	2017-06-27	2017-07-27
451	264	24	2018-03-06	2019-05-13
452	825	73	2017-10-08	2018-10-13
453	338	31	2018-07-24	2019-07-28
454	740	40	2017-09-03	2018-11-07
455	871	6	2020-09-01	2020-11-03
456	845	35	2019-12-24	2020-12-27
457	832	14	2018-03-13	2020-05-20
458	664	58	2017-04-06	2017-06-06
459	342	60	2018-06-02	2019-07-08
460	842	82	2018-04-19	2018-05-23
461	705	82	2016-02-17	2017-03-23
462	650	27	2015-01-15	2015-02-20
463	413	39	2017-11-07	2018-12-10
464	472	60	2018-11-22	2020-12-22
465	177	57	2018-06-12	2020-07-14
466	514	86	2018-04-23	2019-06-27
467	978	87	2020-12-15	2020-12-19
468	427	40	2020-08-12	2020-08-14
469	770	48	2017-11-19	2019-12-26
470	38	89	2019-02-18	2020-04-24
471	246	65	2015-06-24	2017-07-24
472	542	7	2018-12-08	2019-12-12
473	321	21	2019-11-23	2020-12-24
474	321	62	2015-01-03	2017-02-06
475	569	70	2015-04-22	2017-06-22
476	761	96	2017-07-13	2017-09-14
477	288	46	2020-01-26	2020-02-27
478	106	83	2015-11-05	2017-11-06
479	253	90	2016-01-03	2016-03-07
480	444	61	2015-03-18	2016-05-25
481	436	36	2020-05-14	2020-06-15
482	432	18	2017-06-03	2018-06-05
483	427	37	2016-04-20	2018-05-23
484	224	21	2017-10-23	2019-10-28
485	433	59	2020-01-04	2020-03-07
486	452	3	2015-01-05	2015-02-08
487	950	9	2016-10-10	2016-12-16
488	342	41	2018-04-16	2020-04-16
489	451	97	2015-08-28	2015-10-28
490	338	37	2016-07-03	2016-09-06
491	912	95	2019-02-06	2020-02-08
492	757	38	2020-02-07	2020-03-14
493	1000	98	2015-08-27	2015-10-28
494	601	12	2016-12-04	2017-12-11
495	960	81	2020-01-14	2020-01-19
496	347	16	2017-11-24	2019-12-24
497	478	34	2018-08-26	2018-09-28
498	452	20	2017-04-26	2019-04-28
499	431	89	2020-05-20	2020-07-26
500	351	77	2020-04-19	2020-05-23
501	845	26	2016-09-24	2018-09-28
502	140	87	2020-05-22	2020-07-27
503	334	35	2016-07-19	2016-07-26
504	229	91	2016-11-04	2016-12-07
505	543	31	2018-10-24	2019-12-28
506	874	56	2016-12-16	2017-12-21
507	939	23	2016-11-23	2016-12-25
508	599	8	2019-05-27	2019-06-28
509	626	62	2015-10-23	2016-12-25
510	390	38	2020-05-01	2020-07-01
511	576	39	2019-05-21	2020-06-22
512	863	25	2019-04-23	2020-06-25
513	54	57	2019-01-20	2020-02-26
514	845	55	2020-06-07	2020-07-10
515	139	43	2015-05-13	2017-07-13
516	826	42	2019-11-02	2019-12-04
517	511	36	2020-12-11	2020-12-16
518	984	57	2016-05-21	2017-07-21
519	364	45	2017-01-25	2017-03-26
520	308	7	2018-09-14	2018-10-14
521	489	90	2016-09-27	2017-10-28
522	384	16	2017-01-15	2019-02-20
523	528	43	2016-01-05	2016-03-09
524	687	54	2016-11-19	2017-12-25
525	511	16	2018-04-02	2018-04-04
526	642	69	2019-06-10	2020-08-11
527	91	8	2016-04-05	2018-05-10
528	999	80	2019-12-05	2019-12-11
529	332	73	2015-10-26	2015-12-26
530	341	44	2015-01-25	2017-01-25
531	873	83	2019-07-16	2019-07-23
532	21	68	2019-11-23	2020-11-28
533	796	40	2017-01-28	2018-01-28
534	109	83	2018-12-01	2018-12-04
535	535	73	2016-03-08	2018-05-13
536	958	84	2016-03-12	2016-04-13
537	499	58	2016-02-22	2017-04-23
538	235	63	2020-01-26	2020-03-27
539	561	80	2015-02-13	2017-02-18
540	888	93	2017-11-27	2018-12-28
541	92	90	2016-10-24	2018-10-24
542	44	25	2015-05-10	2015-07-12
543	206	23	2016-08-11	2016-09-16
544	765	54	2019-09-24	2020-11-28
545	459	27	2017-12-19	2017-12-19
546	176	66	2019-03-24	2020-05-28
547	410	33	2018-02-03	2018-03-04
548	40	46	2018-01-20	2020-03-22
549	257	47	2020-01-04	2020-02-04
550	149	86	2016-07-03	2017-08-07
551	131	56	2015-10-06	2017-12-09
552	945	45	2020-03-15	2020-04-20
553	330	3	2015-03-06	2016-05-08
554	372	13	2017-10-18	2017-12-22
555	751	51	2019-02-22	2020-04-27
556	631	6	2020-09-03	2020-10-08
557	20	87	2020-11-06	2020-12-07
558	136	73	2020-12-10	2020-12-17
559	609	37	2016-07-11	2016-07-14
560	999	100	2015-03-01	2015-05-02
561	134	9	2018-05-10	2018-05-12
562	245	13	2016-12-23	2018-12-24
563	32	78	2017-11-23	2017-12-28
564	144	92	2015-07-22	2017-09-27
565	426	35	2016-02-27	2016-03-28
566	604	99	2015-02-11	2016-04-12
567	373	6	2016-05-22	2017-06-25
568	642	54	2016-05-25	2018-05-28
569	842	75	2019-06-22	2020-07-24
570	128	23	2020-10-16	2020-10-17
571	409	95	2017-06-01	2018-07-04
572	778	43	2015-04-13	2017-05-16
573	961	98	2019-03-15	2019-05-21
574	761	10	2015-11-15	2016-12-22
575	61	98	2018-08-06	2018-10-12
576	130	4	2018-04-28	2020-04-28
577	106	6	2020-10-06	2020-10-11
578	438	70	2016-05-17	2016-05-23
579	445	48	2019-06-17	2020-08-20
580	265	30	2018-12-19	2019-12-26
581	35	83	2016-01-25	2016-01-28
582	625	85	2018-11-21	2020-12-24
583	878	24	2017-08-01	2017-09-08
584	887	41	2018-02-27	2019-02-28
585	255	71	2015-11-16	2016-12-19
586	139	93	2019-05-12	2020-05-19
587	582	59	2015-08-20	2015-10-27
588	788	80	2015-07-11	2016-07-18
589	309	45	2018-08-01	2020-08-04
590	453	79	2018-12-19	2018-12-26
591	431	20	2015-01-11	2016-03-18
592	622	64	2016-04-13	2017-05-17
593	94	82	2015-09-08	2015-09-14
594	405	14	2018-05-27	2019-06-28
595	107	25	2015-05-19	2016-05-25
596	237	6	2019-12-18	2019-12-25
597	688	24	2017-10-21	2018-10-22
598	327	62	2016-12-19	2017-12-24
599	727	96	2017-01-28	2017-02-28
600	769	69	2020-02-12	2020-02-15
601	698	5	2019-06-28	2020-06-28
602	837	66	2019-06-05	2020-07-11
603	133	25	2018-12-03	2019-12-09
604	7	75	2016-05-20	2018-06-24
605	507	72	2019-02-03	2020-03-03
606	164	8	2015-10-11	2017-12-12
607	759	88	2017-05-10	2019-07-17
608	479	49	2020-10-20	2020-12-22
609	569	44	2019-05-27	2020-06-28
610	674	10	2020-08-02	2020-10-04
611	366	81	2016-12-05	2017-12-11
612	654	49	2020-05-22	2020-06-23
613	797	78	2019-10-05	2019-10-12
614	189	3	2017-03-03	2018-04-05
615	925	75	2020-02-13	2020-04-20
616	139	56	2018-06-14	2018-06-17
617	266	13	2018-03-27	2020-03-28
618	519	57	2019-07-12	2019-08-13
619	674	65	2017-08-26	2017-10-28
620	520	23	2016-01-07	2018-01-13
621	53	52	2015-01-20	2015-01-22
622	96	53	2017-04-17	2018-05-20
623	636	90	2017-04-24	2017-06-27
624	533	58	2018-12-02	2018-12-08
625	287	50	2016-10-10	2018-12-17
626	892	9	2017-07-27	2017-07-28
627	371	15	2020-09-17	2020-09-23
628	600	61	2015-06-14	2016-08-20
629	70	23	2017-11-09	2019-12-14
630	553	70	2016-03-16	2018-04-22
631	335	36	2018-03-06	2018-04-06
632	755	30	2018-01-12	2020-03-12
633	796	60	2020-04-11	2020-05-18
634	933	52	2020-08-11	2020-08-15
635	683	19	2020-10-16	2020-10-18
636	893	32	2018-05-28	2018-07-28
637	803	90	2016-04-09	2016-04-12
638	827	80	2016-09-05	2017-09-07
639	944	74	2020-02-10	2020-03-14
640	884	80	2020-12-02	2020-12-07
641	110	44	2016-10-23	2018-11-27
642	852	57	2017-08-15	2018-10-22
643	536	85	2018-09-05	2018-09-07
644	161	38	2015-06-24	2017-07-28
645	242	85	2015-03-14	2016-05-19
646	85	9	2019-10-21	2020-10-24
647	722	51	2016-02-02	2018-03-06
648	135	26	2016-07-11	2018-08-17
649	684	86	2019-11-11	2020-11-12
650	839	69	2017-07-16	2017-07-16
651	43	84	2016-02-26	2016-02-28
652	251	92	2020-11-03	2020-11-04
653	296	77	2017-01-20	2019-03-26
654	627	57	2018-03-14	2019-05-19
655	928	79	2018-06-08	2018-07-13
656	802	8	2020-03-07	2020-03-11
657	486	64	2015-03-24	2015-03-28
658	625	41	2016-04-09	2017-04-10
659	104	2	2020-02-06	2020-03-12
660	130	28	2016-11-16	2016-12-17
661	449	94	2018-10-22	2019-11-28
662	150	97	2017-11-28	2019-12-28
663	71	74	2017-08-05	2017-09-10
664	748	34	2015-05-20	2016-05-20
665	329	27	2020-02-28	2020-04-28
666	274	81	2017-06-14	2017-07-21
667	229	2	2018-12-12	2018-12-15
668	52	67	2015-10-06	2017-10-08
669	16	50	2016-06-20	2016-07-21
670	337	90	2015-03-25	2017-03-27
671	386	37	2017-09-24	2019-11-26
672	912	39	2016-01-21	2017-01-28
673	673	67	2015-06-03	2017-07-09
674	237	69	2016-12-21	2017-12-21
675	115	27	2018-07-20	2018-07-21
676	871	56	2018-01-04	2018-03-08
677	88	37	2015-01-08	2017-02-08
678	169	85	2020-07-14	2020-08-21
679	137	30	2019-09-14	2020-11-18
680	750	25	2020-10-24	2020-11-24
681	498	43	2018-07-19	2019-07-19
682	833	56	2019-12-06	2020-12-09
683	963	55	2018-09-16	2019-10-23
684	82	61	2016-10-07	2016-12-11
685	136	31	2018-03-13	2018-05-13
686	825	50	2016-12-18	2017-12-22
687	922	83	2020-05-23	2020-06-25
688	464	74	2018-08-07	2019-10-10
689	94	75	2019-01-19	2019-02-23
690	666	79	2015-02-19	2017-03-23
691	125	17	2016-04-23	2018-04-28
692	254	47	2017-08-02	2017-08-09
693	136	80	2017-08-26	2018-08-28
694	694	59	2020-12-17	2020-12-22
695	877	17	2018-06-11	2020-06-18
696	241	96	2017-11-21	2018-11-22
697	488	14	2017-10-05	2017-10-05
698	841	59	2017-02-07	2017-02-14
699	802	61	2018-11-11	2020-11-17
700	371	6	2020-12-06	2020-12-09
701	949	46	2019-03-08	2020-05-15
702	464	60	2016-12-09	2017-12-09
703	143	48	2016-10-24	2016-12-28
704	990	38	2020-04-26	2020-05-28
705	269	44	2016-10-11	2016-11-13
706	689	3	2020-01-01	2020-02-08
707	735	47	2016-01-22	2016-02-28
708	948	50	2019-03-09	2020-04-10
709	513	30	2018-09-03	2020-10-10
710	396	48	2018-04-09	2018-04-14
711	499	54	2016-02-03	2016-03-05
712	457	80	2020-03-12	2020-05-18
713	935	2	2016-12-02	2017-12-06
714	316	17	2020-06-14	2020-06-21
715	82	33	2020-06-27	2020-07-28
716	965	52	2017-02-05	2018-02-05
717	698	34	2015-08-07	2017-09-12
718	774	73	2019-07-06	2020-09-10
719	945	61	2017-06-27	2018-06-28
720	506	12	2017-01-09	2019-01-11
721	838	56	2018-03-06	2019-03-07
722	16	55	2020-08-25	2020-08-27
723	807	7	2016-11-15	2017-12-20
724	149	70	2015-06-16	2015-08-17
725	510	67	2018-02-16	2020-03-22
726	39	51	2019-01-22	2020-01-25
727	416	73	2019-02-21	2019-03-26
728	912	39	2020-05-09	2020-07-13
729	106	9	2018-09-05	2019-11-07
730	272	61	2017-10-08	2017-12-08
731	567	91	2016-04-19	2018-05-23
732	53	23	2017-10-27	2017-10-27
733	799	59	2020-05-18	2020-06-20
734	613	49	2016-02-05	2018-04-10
735	762	23	2019-07-28	2020-07-28
736	77	39	2018-07-08	2019-08-09
737	854	52	2015-06-21	2017-07-25
738	218	57	2020-09-24	2020-09-28
739	973	53	2017-12-23	2018-12-27
740	359	85	2015-05-01	2017-06-06
741	916	26	2020-07-13	2020-08-15
742	95	49	2019-02-25	2020-02-25
743	757	49	2018-03-10	2019-03-11
744	93	2	2017-11-09	2019-12-11
745	314	58	2018-05-23	2020-06-25
746	57	49	2019-07-15	2020-08-20
747	601	39	2020-06-27	2020-07-27
748	891	92	2017-03-19	2019-04-25
749	750	50	2017-06-26	2019-08-28
750	957	93	2019-05-28	2020-06-28
751	821	95	2016-06-21	2018-08-26
752	39	56	2020-05-13	2020-07-14
753	109	79	2019-08-23	2019-09-24
754	828	64	2020-12-20	2020-12-20
755	597	66	2017-04-10	2019-06-11
756	966	92	2019-06-20	2019-06-24
757	867	9	2015-08-05	2015-08-10
758	785	38	2020-03-25	2020-04-28
759	573	98	2015-02-26	2017-02-28
760	395	36	2016-11-05	2018-12-08
761	880	74	2015-08-09	2016-10-12
762	969	65	2017-12-03	2017-12-07
763	662	52	2019-10-17	2019-12-18
764	133	76	2016-09-08	2016-09-13
765	740	14	2016-07-12	2018-08-18
766	256	53	2016-02-03	2017-02-06
767	914	86	2017-11-11	2017-12-15
768	469	75	2015-05-11	2017-06-16
769	64	78	2019-02-21	2020-03-26
770	174	54	2020-11-22	2020-12-23
771	756	92	2019-11-08	2019-11-11
772	682	6	2016-11-28	2016-12-28
773	379	21	2016-08-01	2017-09-02
774	764	42	2018-04-10	2020-04-17
775	763	8	2015-04-01	2017-06-06
776	419	18	2018-07-28	2020-08-28
777	267	18	2020-06-03	2020-08-04
778	939	73	2016-06-15	2018-07-18
779	553	35	2019-03-28	2020-05-28
780	124	26	2015-05-18	2017-05-21
781	861	91	2016-08-25	2018-09-28
782	943	12	2017-01-18	2017-02-19
783	307	99	2016-06-10	2017-08-10
784	892	96	2018-11-26	2018-11-28
785	301	18	2015-09-04	2015-09-04
786	532	91	2019-02-24	2020-03-24
787	531	62	2016-10-15	2016-12-21
788	455	68	2015-03-18	2016-05-24
789	271	63	2015-01-11	2015-03-15
790	94	99	2017-08-11	2017-08-12
791	464	93	2017-04-12	2017-04-13
792	960	65	2018-08-18	2019-09-24
793	658	31	2016-01-03	2016-03-08
794	653	96	2016-04-24	2017-05-28
795	715	55	2016-05-08	2018-07-11
796	314	73	2020-01-17	2020-01-23
797	505	75	2020-09-02	2020-11-03
798	459	84	2019-12-14	2020-12-14
799	354	97	2015-04-07	2015-05-12
800	442	6	2020-11-06	2020-12-06
801	974	95	2017-05-15	2017-06-22
802	164	43	2015-10-27	2017-12-28
803	804	41	2016-09-20	2018-10-25
804	966	41	2019-02-27	2020-03-28
805	928	3	2015-06-15	2017-07-15
806	339	88	2017-02-12	2018-02-16
807	33	63	2018-02-23	2020-04-28
808	645	27	2020-01-28	2020-02-28
809	84	7	2019-12-07	2019-12-07
810	125	32	2016-11-21	2016-11-27
811	137	80	2019-06-07	2020-06-14
812	491	10	2017-11-27	2017-12-28
813	980	64	2017-08-06	2018-10-08
814	113	35	2019-12-05	2020-12-05
815	131	14	2015-06-18	2016-07-24
816	781	8	2018-09-24	2019-09-26
817	73	54	2015-11-17	2017-11-17
818	985	3	2020-03-21	2020-03-28
819	693	16	2020-03-24	2020-04-28
820	983	7	2019-08-10	2020-08-12
821	807	9	2015-11-27	2017-12-28
822	411	84	2016-12-14	2016-12-15
823	507	22	2017-09-16	2019-09-21
824	839	22	2017-08-11	2018-08-12
825	951	96	2017-12-08	2019-12-15
826	912	8	2018-07-07	2019-09-13
827	508	83	2016-03-08	2016-04-13
828	979	85	2016-05-24	2018-05-27
829	727	69	2020-06-26	2020-06-28
830	722	87	2018-12-09	2018-12-11
831	35	56	2018-06-19	2019-07-24
832	119	60	2015-01-05	2017-03-07
833	268	71	2018-11-15	2020-12-16
834	538	90	2016-05-08	2018-07-15
835	138	14	2019-08-06	2020-08-11
836	497	12	2015-03-08	2015-03-11
837	988	20	2016-12-01	2016-12-02
838	131	80	2019-11-04	2019-12-09
839	826	22	2017-01-17	2017-03-17
840	89	91	2015-02-24	2017-03-25
841	272	37	2020-10-23	2020-12-28
842	825	14	2020-04-12	2020-04-18
843	669	86	2018-08-25	2020-10-28
844	897	97	2019-03-15	2019-03-16
845	86	14	2019-06-06	2019-07-09
846	859	49	2020-09-20	2020-10-20
847	742	29	2019-01-27	2020-03-28
848	567	48	2015-06-23	2017-06-28
849	388	49	2018-07-25	2020-08-27
850	613	66	2016-07-15	2017-09-15
851	887	42	2019-12-11	2019-12-11
852	17	86	2018-11-04	2018-11-05
853	68	51	2015-06-11	2016-06-12
854	314	15	2016-07-17	2018-09-18
855	649	53	2018-05-04	2018-05-05
856	74	35	2015-02-12	2015-04-13
857	52	61	2016-05-16	2018-06-19
858	201	89	2020-10-08	2020-12-11
859	462	9	2020-03-05	2020-03-09
860	193	75	2016-02-18	2016-02-23
861	172	48	2016-02-03	2016-03-04
862	657	7	2020-10-11	2020-11-14
863	316	57	2020-11-22	2020-12-27
864	391	28	2015-09-08	2016-11-14
865	610	72	2016-09-11	2017-11-16
866	589	22	2019-09-23	2019-09-28
867	484	74	2016-11-19	2016-12-25
868	833	19	2020-11-13	2020-12-13
869	869	94	2016-05-13	2017-05-17
870	659	92	2017-08-09	2017-09-13
871	109	47	2018-04-14	2018-05-15
872	727	75	2016-09-11	2018-09-15
873	382	34	2015-02-22	2016-04-26
874	179	79	2020-11-23	2020-11-28
875	338	82	2020-09-03	2020-11-09
876	800	27	2015-06-25	2016-07-28
877	750	18	2018-06-10	2018-07-15
878	760	36	2016-05-15	2016-06-19
879	711	97	2019-02-25	2019-04-26
880	547	73	2017-02-27	2017-03-28
881	203	47	2017-04-08	2018-04-08
882	854	15	2016-11-03	2017-11-09
883	23	47	2017-04-22	2018-05-25
884	626	76	2019-09-13	2020-09-17
885	94	21	2017-09-08	2018-11-09
886	297	65	2018-11-13	2018-12-18
887	96	100	2016-09-10	2017-10-12
888	942	29	2018-10-25	2020-10-27
889	50	74	2018-01-01	2018-02-01
890	589	91	2020-12-16	2020-12-20
891	136	7	2020-04-02	2020-04-02
892	375	99	2015-02-17	2016-02-18
893	21	79	2016-05-16	2017-07-17
894	875	12	2016-09-13	2017-10-17
895	586	4	2015-08-10	2017-08-12
896	143	71	2018-02-20	2020-02-23
897	364	13	2016-04-24	2017-04-28
898	862	51	2018-06-01	2018-06-08
899	875	7	2016-06-05	2016-08-12
900	663	14	2017-02-16	2019-03-23
901	885	63	2017-04-10	2018-06-12
902	526	98	2015-04-14	2016-04-19
903	284	46	2016-12-09	2016-12-14
904	353	95	2019-02-07	2020-03-12
905	865	45	2015-02-04	2016-02-10
906	157	21	2020-08-05	2020-08-08
907	160	65	2018-05-17	2019-06-20
908	676	14	2020-12-27	2020-12-28
909	53	17	2017-06-28	2018-08-28
910	779	62	2015-07-14	2016-09-21
911	582	12	2017-02-28	2019-02-28
912	716	10	2015-01-05	2015-02-07
913	522	57	2019-12-09	2019-12-09
914	818	48	2017-09-12	2017-10-18
915	131	74	2017-08-21	2018-08-24
916	177	56	2018-03-03	2019-03-10
917	83	71	2016-09-25	2016-10-28
918	904	9	2016-09-23	2018-09-26
919	289	46	2018-07-03	2018-07-07
920	307	5	2018-07-27	2020-09-28
921	693	86	2017-11-17	2017-11-20
922	332	42	2017-08-27	2018-10-28
923	820	13	2020-09-06	2020-10-12
924	474	49	2018-08-18	2019-10-20
925	187	18	2017-01-15	2018-03-22
926	97	47	2016-03-18	2016-05-23
927	595	94	2017-05-27	2018-05-28
928	581	94	2017-12-05	2017-12-08
929	165	19	2016-02-02	2016-02-03
930	698	61	2020-02-10	2020-04-12
931	820	89	2017-05-16	2018-06-20
932	211	54	2020-05-09	2020-05-11
933	198	24	2016-06-25	2018-06-28
934	344	34	2017-07-13	2019-07-16
935	136	7	2018-09-17	2019-09-21
936	38	64	2015-01-08	2015-03-15
937	18	30	2017-08-10	2017-10-14
938	682	8	2017-08-16	2019-09-18
939	501	97	2015-07-04	2015-08-10
940	208	50	2015-12-20	2017-12-23
941	956	17	2015-11-07	2016-12-07
942	411	49	2015-06-01	2017-08-02
943	192	32	2020-04-15	2020-06-21
944	974	100	2015-06-21	2016-08-27
945	385	15	2016-11-18	2017-11-19
946	938	95	2019-09-26	2020-09-28
947	67	96	2020-08-15	2020-08-20
948	191	93	2016-02-13	2016-03-14
949	37	8	2020-03-05	2020-05-06
950	975	11	2018-06-08	2019-08-08
951	402	53	2020-08-23	2020-09-23
952	709	10	2015-12-08	2015-12-11
953	225	30	2017-06-16	2017-06-22
954	517	49	2018-09-11	2020-10-17
955	537	28	2018-06-03	2019-06-08
956	833	47	2018-07-18	2019-09-19
957	266	93	2015-05-05	2017-05-11
958	572	65	2017-11-08	2018-12-08
959	255	18	2020-05-17	2020-07-23
960	895	52	2015-06-15	2015-08-15
961	728	66	2017-10-17	2019-10-22
962	188	35	2016-05-27	2018-07-28
963	644	98	2017-11-27	2019-12-28
964	481	16	2018-07-27	2019-09-28
965	517	9	2019-06-15	2019-07-22
966	458	57	2020-02-21	2020-04-25
967	330	72	2020-10-26	2020-12-28
968	83	29	2017-12-01	2019-12-01
969	543	76	2018-06-23	2019-08-27
970	84	24	2016-01-05	2016-01-11
971	318	10	2015-03-13	2017-03-14
972	696	70	2020-08-10	2020-09-11
973	562	87	2016-04-21	2016-04-24
974	891	75	2017-05-12	2019-07-12
975	482	89	2015-01-08	2016-01-15
976	425	70	2019-11-28	2019-12-28
977	228	79	2017-09-24	2018-10-24
978	432	11	2016-06-12	2018-06-18
979	228	83	2019-11-07	2020-12-12
980	21	5	2019-11-12	2020-11-18
981	911	69	2019-02-24	2020-02-28
982	8	21	2017-05-11	2019-07-18
983	719	19	2015-03-14	2015-05-18
984	399	11	2020-09-06	2020-09-12
985	746	60	2020-02-21	2020-04-21
986	788	41	2018-11-04	2019-11-11
987	609	94	2017-02-17	2017-04-18
988	326	16	2020-07-01	2020-08-05
989	294	72	2019-10-05	2019-11-11
990	589	15	2016-09-12	2016-10-17
991	478	15	2015-07-10	2015-08-15
992	324	21	2019-02-01	2020-03-01
993	78	90	2015-03-21	2015-05-24
994	466	28	2017-07-26	2019-08-28
995	667	90	2018-10-12	2018-10-15
996	763	3	2018-06-18	2019-08-18
997	215	67	2016-02-28	2018-03-28
998	484	97	2015-01-17	2015-01-21
999	276	49	2017-01-11	2018-03-11
1000	219	79	2018-04-12	2018-06-13
1001	789	55	2016-02-27	2018-03-28
1002	457	44	2019-06-28	2019-07-28
1003	937	83	2018-09-28	2018-09-28
1004	970	9	2018-06-09	2020-07-10
1005	970	64	2020-05-28	2020-07-28
1006	384	83	2019-02-01	2020-02-03
1007	398	90	2018-01-19	2018-03-23
1008	477	17	2017-07-24	2018-09-28
1009	593	87	2019-05-25	2020-06-28
1010	198	63	2016-10-19	2018-10-21
1011	130	9	2020-12-13	2020-12-15
1012	336	31	2017-06-28	2019-08-28
1013	265	9	2018-01-13	2019-03-15
1014	760	24	2017-05-10	2019-07-10
1015	442	92	2016-05-01	2018-07-05
1016	456	34	2015-11-01	2017-11-08
1017	305	26	2015-12-20	2017-12-27
1018	493	47	2017-02-21	2018-03-25
1019	643	85	2015-01-08	2016-03-10
1020	7	47	2018-11-14	2018-12-16
1021	148	4	2019-11-01	2020-11-01
1022	867	49	2016-03-15	2017-03-16
1023	271	97	2017-02-23	2018-03-28
1024	42	35	2017-10-04	2017-10-04
1025	473	7	2017-03-27	2018-04-28
1026	540	99	2016-03-04	2016-05-04
1027	694	60	2016-12-09	2018-12-14
1028	698	84	2017-12-01	2017-12-07
1029	753	6	2015-02-03	2017-03-06
1030	420	52	2020-12-09	2020-12-13
1031	101	25	2016-01-19	2016-03-20
1032	748	73	2017-12-22	2017-12-25
1033	617	42	2018-07-10	2018-09-13
1034	986	92	2018-11-01	2019-12-03
1035	335	20	2015-11-05	2017-11-08
1036	396	14	2017-06-07	2017-06-11
1037	13	62	2017-09-16	2018-09-22
1038	930	92	2020-08-20	2020-09-24
1039	159	41	2016-03-09	2017-05-16
1040	852	72	2018-01-03	2018-01-04
1041	548	32	2020-12-27	2020-12-28
1042	378	55	2020-02-26	2020-03-28
1043	830	39	2018-10-05	2019-12-10
1044	636	46	2020-03-27	2020-05-28
1045	787	28	2020-05-14	2020-07-21
1046	445	44	2015-04-18	2016-05-21
1047	89	78	2019-11-09	2020-12-10
1048	161	26	2016-05-07	2016-05-10
1049	835	29	2016-12-17	2016-12-17
1050	888	55	2015-07-15	2017-07-21
1051	403	36	2019-12-06	2020-12-12
1052	777	96	2020-06-13	2020-08-17
1053	956	3	2016-11-25	2017-12-28
1054	790	52	2019-06-27	2019-08-28
1055	379	44	2020-06-15	2020-06-22
1056	797	40	2015-12-19	2016-12-21
1057	707	68	2015-11-27	2015-11-28
1058	422	14	2015-02-05	2017-03-06
1059	985	100	2018-04-15	2020-04-15
1060	605	48	2015-07-14	2016-08-21
1061	39	12	2017-12-07	2019-12-12
1062	680	95	2016-02-20	2016-04-27
1063	131	93	2019-04-20	2020-05-27
1064	664	95	2018-02-25	2020-04-28
1065	980	21	2018-04-05	2020-06-08
1066	591	23	2017-05-20	2017-07-23
1067	360	96	2016-11-09	2018-11-16
1068	430	69	2018-09-12	2018-10-17
1069	236	21	2020-09-04	2020-09-09
1070	475	79	2018-07-24	2018-08-26
1071	610	31	2018-04-11	2020-05-15
1072	692	91	2018-05-10	2018-06-12
1073	205	6	2016-07-22	2016-09-22
1074	30	30	2019-04-15	2019-06-22
1075	437	29	2016-02-07	2016-02-10
1076	353	81	2019-07-24	2019-09-28
1077	371	5	2017-12-16	2017-12-22
1078	234	6	2019-09-02	2020-09-02
1079	125	8	2016-06-06	2017-08-13
1080	101	34	2019-10-20	2019-10-27
1081	443	72	2019-10-22	2020-10-23
1082	9	71	2020-07-14	2020-09-19
1083	912	3	2018-06-15	2019-08-17
1084	994	72	2020-01-25	2020-02-28
1085	518	82	2018-10-20	2019-12-22
1086	837	42	2015-06-27	2015-06-28
1087	661	84	2019-08-10	2020-10-14
1088	946	88	2015-03-03	2015-04-06
1089	216	28	2015-07-10	2015-08-17
1090	307	77	2018-12-04	2019-12-07
1091	212	63	2017-04-02	2017-05-02
1092	137	100	2018-03-14	2020-03-15
1093	646	55	2017-03-02	2019-03-06
1094	802	2	2019-01-10	2020-03-16
1095	494	31	2018-09-20	2018-11-21
1096	189	20	2020-11-01	2020-11-01
1097	202	30	2018-01-15	2018-01-21
1098	556	51	2016-09-23	2016-11-28
1099	396	67	2015-08-12	2016-09-13
1100	444	35	2018-11-25	2018-12-25
1101	774	95	2020-09-13	2020-09-19
1102	810	36	2017-03-11	2018-05-13
1103	443	11	2017-10-11	2019-10-18
1104	74	12	2016-02-04	2016-03-08
1105	310	91	2017-10-04	2019-12-09
1106	425	26	2017-03-16	2017-05-19
1107	156	89	2020-01-27	2020-03-28
1108	843	89	2017-09-20	2017-10-25
1109	403	89	2019-11-19	2020-12-20
1110	962	46	2016-02-18	2017-04-23
1111	994	51	2019-07-28	2020-07-28
1112	744	11	2016-01-24	2018-03-24
1113	689	16	2020-06-12	2020-07-18
1114	11	41	2018-11-10	2019-12-11
1115	38	29	2020-03-10	2020-03-17
1116	938	76	2018-11-21	2019-11-24
1117	241	56	2015-07-05	2017-08-11
1118	668	84	2018-07-03	2020-07-05
1119	393	28	2018-02-03	2020-02-09
1120	808	52	2018-03-17	2020-04-18
1121	441	51	2015-08-06	2015-08-10
1122	667	89	2017-10-28	2017-12-28
1123	375	40	2015-02-13	2017-02-15
1124	625	51	2017-04-23	2019-06-28
1125	104	96	2018-05-28	2018-05-28
1126	948	99	2019-06-03	2020-08-05
1127	589	61	2015-05-15	2016-06-19
1128	969	8	2020-01-07	2020-01-09
1129	294	17	2018-09-24	2019-10-25
1130	270	83	2019-07-17	2020-08-23
1131	705	20	2016-05-04	2017-07-04
1132	250	89	2017-03-25	2017-04-28
1133	703	51	2018-11-20	2020-11-27
1134	31	41	2015-05-23	2015-06-25
1135	779	54	2015-12-24	2015-12-28
1136	960	15	2015-10-24	2015-12-28
1137	703	60	2016-01-06	2016-01-07
1138	798	79	2015-04-23	2015-06-28
1139	261	7	2018-03-04	2019-05-04
1140	652	40	2017-10-16	2017-10-19
1141	837	13	2016-09-09	2018-09-12
1142	408	60	2020-06-14	2020-06-19
1143	323	94	2018-01-15	2018-01-22
1144	235	90	2016-05-08	2017-07-14
1145	278	22	2017-03-06	2019-04-06
1146	744	26	2018-10-11	2020-12-11
1147	352	44	2017-02-22	2019-02-25
1148	483	96	2017-07-23	2019-07-28
1149	454	46	2016-09-17	2017-10-21
1150	307	2	2020-09-23	2020-09-26
1151	437	59	2019-05-11	2019-07-14
1152	805	33	2016-07-01	2017-07-03
1153	805	81	2020-12-13	2020-12-18
1154	624	17	2019-10-11	2020-11-14
1155	150	75	2018-03-18	2020-04-18
1156	430	2	2020-08-02	2020-10-03
1157	478	59	2016-09-12	2016-09-15
1158	10	40	2015-04-23	2016-06-25
1159	95	59	2018-02-11	2020-03-11
1160	51	93	2015-12-16	2015-12-23
1161	711	52	2019-05-23	2019-07-28
1162	268	88	2019-02-02	2020-02-03
1163	91	29	2019-07-11	2020-09-12
1164	749	59	2016-11-04	2016-11-09
1165	221	70	2019-06-26	2020-07-28
1166	471	17	2020-08-06	2020-09-07
1167	202	11	2018-01-13	2018-02-20
1168	551	57	2016-12-09	2017-12-10
1169	573	28	2020-06-19	2020-07-21
1170	580	29	2018-12-17	2019-12-24
1171	816	64	2016-12-02	2018-12-06
1172	425	56	2015-10-16	2015-10-18
1173	717	42	2015-09-07	2015-10-09
1174	534	36	2019-07-28	2019-07-28
1175	290	92	2016-07-17	2016-08-24
1176	632	43	2015-01-21	2017-02-21
1177	167	39	2016-01-23	2018-02-24
1178	246	2	2017-07-22	2018-09-26
1179	537	83	2017-01-24	2018-02-27
1180	50	54	2018-11-23	2018-12-26
1181	546	77	2020-05-01	2020-05-02
1182	948	43	2016-07-09	2018-07-09
1183	516	99	2019-11-22	2019-12-23
1184	129	78	2019-01-01	2020-02-04
1185	774	19	2015-04-21	2015-06-26
1186	758	56	2019-02-06	2020-03-12
1187	49	50	2016-07-13	2018-09-15
1188	870	92	2019-06-28	2019-08-28
1189	963	58	2019-09-26	2020-11-28
1190	814	100	2016-12-21	2017-12-21
1191	946	29	2017-05-10	2017-05-10
1192	729	54	2016-05-13	2017-07-13
1193	430	57	2015-09-21	2015-09-25
1194	44	70	2018-01-13	2019-03-19
1195	981	24	2017-10-11	2019-12-18
1196	155	27	2016-05-12	2016-07-14
1197	936	37	2016-04-22	2016-06-24
1198	2	67	2019-02-05	2020-03-10
1199	97	57	2020-11-26	2020-12-28
1200	818	82	2019-09-04	2020-11-10
1201	904	82	2019-06-19	2020-08-26
1202	749	20	2015-12-13	2016-12-20
1203	828	62	2017-01-26	2019-01-28
1204	326	93	2017-03-27	2017-03-28
1205	819	44	2020-09-14	2020-11-17
1206	921	76	2016-08-21	2017-08-28
1207	678	77	2017-06-25	2019-06-27
1208	97	80	2019-10-01	2020-10-05
1209	145	69	2016-09-07	2017-10-14
1210	627	2	2016-10-10	2016-11-17
1211	16	85	2017-08-07	2017-08-14
1212	924	13	2016-06-26	2017-07-28
1213	948	5	2016-12-28	2018-12-28
1214	342	50	2015-09-14	2016-09-18
1215	630	53	2020-09-12	2020-11-14
1216	222	39	2020-05-10	2020-05-11
1217	336	12	2015-12-19	2015-12-19
1218	44	15	2017-02-11	2018-04-17
1219	300	75	2020-02-05	2020-02-09
1220	504	63	2020-05-19	2020-05-23
1221	654	16	2016-11-06	2017-12-12
1222	481	91	2018-04-11	2020-04-14
1223	756	19	2017-12-17	2018-12-24
1224	391	10	2018-03-07	2019-03-11
1225	743	27	2020-07-08	2020-09-15
1226	512	4	2016-07-02	2016-08-05
1227	452	22	2020-12-26	2020-12-26
1228	977	39	2020-03-01	2020-05-08
1229	554	62	2018-06-15	2018-06-21
1230	218	68	2016-12-08	2016-12-10
1231	265	83	2020-05-01	2020-05-04
1232	219	2	2016-09-01	2017-10-02
1233	590	96	2018-02-07	2018-03-09
1234	272	10	2016-10-25	2016-12-27
1235	234	40	2017-09-17	2017-10-20
1236	764	7	2019-03-13	2019-04-19
1237	138	64	2019-04-20	2019-06-23
1238	503	69	2016-01-03	2016-02-09
1239	452	39	2017-02-26	2019-04-28
1240	459	82	2016-04-06	2017-06-06
1241	486	73	2015-08-27	2016-09-28
1242	158	22	2019-08-19	2019-08-19
1243	133	63	2018-07-26	2020-08-28
1244	709	32	2018-03-08	2019-05-10
1245	913	89	2016-03-07	2017-04-10
1246	747	18	2018-04-22	2020-05-25
1247	362	34	2020-11-06	2020-11-09
1248	53	45	2015-08-27	2016-08-28
1249	979	5	2016-02-18	2018-04-25
1250	857	60	2019-09-22	2019-10-23
1251	222	7	2015-02-12	2017-02-16
1252	442	60	2017-02-02	2017-03-08
1253	23	65	2016-11-15	2018-11-20
1254	667	70	2015-09-09	2016-09-10
1255	393	75	2015-11-10	2016-12-10
1256	959	88	2017-06-18	2017-07-24
1257	30	15	2016-09-17	2017-09-17
1258	926	6	2015-07-26	2016-09-28
1259	400	92	2016-02-14	2016-04-19
1260	341	26	2017-10-25	2017-10-28
1261	834	48	2019-12-05	2020-12-08
1262	991	32	2020-04-18	2020-06-19
1263	763	18	2016-07-02	2016-09-02
1264	71	3	2019-02-27	2020-02-28
1265	111	64	2015-07-04	2016-08-07
1266	291	90	2016-03-01	2016-04-05
1267	477	49	2018-01-06	2018-01-13
1268	866	79	2015-06-10	2015-07-11
1269	793	45	2018-02-25	2019-04-28
1270	287	28	2018-11-28	2020-11-28
1271	8	55	2015-04-07	2017-06-09
1272	808	15	2020-06-27	2020-06-28
1273	970	56	2018-09-14	2020-10-14
1274	139	31	2020-07-16	2020-09-18
1275	489	43	2019-11-28	2019-12-28
1276	407	100	2016-04-22	2018-06-25
1277	244	60	2018-09-19	2019-09-23
1278	712	68	2018-03-13	2020-04-17
1279	128	86	2019-10-24	2019-10-26
1280	40	55	2017-11-02	2017-12-02
1281	183	99	2019-10-04	2019-11-09
1282	339	86	2017-02-08	2017-04-08
1283	300	93	2019-11-28	2020-11-28
1284	593	63	2020-07-26	2020-08-28
1285	670	79	2016-07-01	2018-07-06
1286	895	35	2018-09-23	2019-11-27
1287	645	56	2018-01-08	2020-02-10
1288	170	16	2020-10-28	2020-10-28
1289	347	100	2018-07-14	2019-07-14
1290	515	78	2018-01-13	2019-03-13
1291	899	5	2016-01-27	2017-02-28
1292	376	63	2017-06-12	2019-07-19
1293	121	50	2015-08-05	2016-10-10
1294	126	54	2020-09-22	2020-09-25
1295	428	50	2020-01-04	2020-02-06
1296	565	17	2017-11-10	2019-11-13
1297	824	48	2016-06-23	2016-06-28
1298	809	92	2016-04-28	2016-06-28
1299	201	63	2015-02-19	2016-03-23
1300	863	10	2015-10-08	2015-11-14
1301	41	37	2020-01-13	2020-01-14
1302	985	10	2019-01-20	2020-01-27
1303	434	41	2015-12-20	2017-12-26
1304	562	97	2019-04-09	2019-06-14
1305	902	2	2019-07-04	2020-08-09
1306	635	28	2017-05-12	2018-05-15
1307	371	13	2019-02-28	2020-03-28
1308	106	29	2015-08-05	2015-08-06
1309	646	18	2018-11-05	2018-11-08
1310	625	18	2020-08-10	2020-09-11
1311	976	26	2018-12-22	2019-12-26
1312	274	77	2017-06-17	2017-07-19
1313	522	55	2018-06-03	2019-07-03
1314	799	89	2015-03-01	2017-04-04
1315	523	29	2018-05-10	2018-06-15
1316	121	96	2018-11-01	2019-12-06
1317	537	3	2015-05-07	2015-05-13
1318	811	28	2019-01-22	2019-03-28
1319	444	83	2015-01-16	2015-03-21
1320	934	59	2016-06-19	2018-06-19
1321	675	48	2019-12-23	2020-12-26
1322	120	87	2017-11-26	2019-12-28
1323	343	16	2019-10-07	2019-11-09
1324	655	40	2020-03-07	2020-03-11
1325	107	30	2015-05-24	2017-06-26
1326	399	89	2020-06-03	2020-08-07
1327	737	77	2015-06-18	2015-08-20
1328	415	37	2020-02-01	2020-04-08
1329	612	78	2019-09-26	2020-11-28
1330	582	73	2019-06-12	2019-06-16
1331	614	81	2018-01-03	2020-01-08
1332	487	80	2018-06-16	2020-06-18
1333	480	34	2019-08-28	2020-09-28
1334	778	99	2015-04-26	2016-05-28
1335	554	24	2019-12-25	2020-12-26
1336	125	15	2016-06-12	2016-07-13
1337	27	7	2018-12-21	2018-12-26
1338	174	21	2019-05-06	2019-05-09
1339	793	15	2016-05-05	2016-05-11
1340	579	2	2016-09-01	2016-11-04
1341	448	100	2019-06-19	2020-06-26
1342	113	68	2020-12-11	2020-12-13
1343	44	65	2017-07-26	2018-09-28
1344	530	95	2019-06-27	2020-06-28
1345	380	35	2018-02-08	2020-02-11
1346	99	40	2019-04-28	2019-04-28
1347	497	68	2015-08-03	2016-09-03
1348	258	72	2020-08-27	2020-08-28
1349	833	31	2018-09-01	2019-10-02
1350	136	48	2016-08-18	2017-10-24
1351	653	27	2020-05-15	2020-05-16
1352	726	73	2015-08-27	2016-10-28
1353	282	76	2020-07-02	2020-08-04
1354	2	12	2020-06-07	2020-08-12
1355	896	8	2020-03-15	2020-04-18
1356	606	90	2015-05-03	2017-06-10
1357	921	96	2019-06-04	2019-06-08
1358	620	76	2016-01-04	2017-01-04
1359	851	14	2017-09-21	2017-09-26
1360	251	39	2016-11-13	2018-12-20
1361	512	91	2017-11-02	2017-12-09
1362	934	28	2016-12-09	2018-12-10
1363	871	55	2017-09-17	2019-11-20
1364	596	35	2016-11-19	2017-12-21
1365	736	73	2020-03-05	2020-05-10
1366	770	74	2015-02-14	2017-02-21
1367	733	61	2015-08-12	2015-10-12
1368	279	21	2019-01-15	2020-02-15
1369	949	9	2020-11-17	2020-12-18
1370	369	5	2020-06-11	2020-08-13
1371	978	6	2018-07-26	2018-08-28
1372	188	54	2018-10-01	2018-12-01
1373	641	73	2016-11-22	2016-11-22
1374	283	77	2020-03-12	2020-04-13
1375	437	99	2020-06-06	2020-06-08
1376	646	52	2019-06-10	2020-08-10
1377	434	61	2016-09-01	2016-09-05
1378	757	80	2015-12-27	2015-12-28
1379	244	26	2019-10-01	2020-12-02
1380	732	95	2018-02-24	2018-02-28
1381	959	32	2015-12-07	2016-12-09
1382	889	51	2018-05-04	2019-05-06
1383	715	42	2015-01-01	2017-02-01
1384	795	50	2016-03-23	2018-05-28
1385	537	35	2018-10-05	2018-12-10
1386	507	54	2018-12-19	2019-12-19
1387	389	78	2015-09-08	2015-09-10
1388	205	22	2018-01-13	2018-01-17
1389	505	77	2019-03-06	2019-03-07
1390	117	50	2016-01-08	2018-02-12
1391	951	54	2016-04-15	2016-06-19
1392	764	71	2015-04-22	2016-05-28
1393	897	6	2020-06-04	2020-06-11
1394	732	95	2017-07-13	2017-08-14
1395	8	20	2015-05-03	2015-06-10
1396	508	83	2018-08-06	2020-08-13
1397	306	79	2015-03-04	2016-03-10
1398	832	39	2016-06-10	2018-07-10
1399	66	75	2016-09-17	2018-10-24
1400	984	53	2018-06-12	2020-06-17
1401	607	59	2020-06-19	2020-07-22
1402	613	95	2020-08-12	2020-09-19
1403	193	60	2015-06-15	2016-08-21
1404	605	74	2017-12-16	2019-12-21
1405	471	81	2019-06-25	2020-06-28
1406	41	61	2018-03-12	2020-04-16
1407	291	59	2018-02-24	2020-02-28
1408	766	18	2019-08-28	2020-10-28
1409	744	17	2016-07-02	2017-09-05
1410	637	9	2018-06-08	2019-07-08
1411	425	98	2020-03-13	2020-04-18
1412	145	4	2016-07-25	2016-07-28
1413	246	47	2015-11-21	2017-11-26
1414	112	51	2017-03-26	2017-03-28
1415	782	34	2020-01-07	2020-03-08
1416	833	93	2018-01-03	2020-03-04
1417	554	90	2018-03-12	2018-05-17
1418	582	82	2018-04-17	2019-05-21
1419	214	51	2020-10-03	2020-12-04
1420	185	79	2016-07-25	2017-07-28
1421	887	12	2016-06-24	2017-06-24
1422	270	59	2015-02-18	2016-02-19
1423	329	75	2015-10-22	2016-10-23
1424	77	65	2019-10-12	2019-10-13
1425	912	99	2017-03-12	2018-04-12
1426	392	5	2016-01-17	2018-01-20
1427	426	28	2018-06-04	2020-07-06
1428	385	71	2017-06-09	2018-07-12
1429	91	73	2020-12-13	2020-12-19
1430	923	30	2015-02-27	2017-02-28
1431	257	57	2018-08-02	2019-10-08
1432	298	85	2016-12-23	2018-12-26
1433	240	39	2018-07-05	2018-07-07
1434	980	82	2019-05-22	2020-06-22
1435	681	24	2015-10-13	2016-12-14
1436	26	95	2018-09-12	2019-09-12
1437	622	24	2016-08-23	2016-10-23
1438	378	17	2018-09-17	2018-11-24
1439	18	35	2019-08-07	2019-09-12
1440	650	16	2019-02-27	2020-04-28
1441	10	83	2016-06-15	2017-06-17
1442	956	59	2015-02-25	2017-02-28
1443	494	2	2016-04-13	2017-06-18
1444	849	66	2015-06-03	2017-08-09
1445	397	29	2017-11-26	2018-11-28
1446	757	92	2019-07-27	2020-07-27
1447	899	44	2016-11-07	2018-12-07
1448	750	40	2020-03-09	2020-05-16
1449	613	25	2017-03-11	2017-04-16
1450	26	30	2017-02-23	2017-02-26
1451	381	3	2018-01-05	2020-03-12
1452	984	92	2018-10-28	2018-10-28
1453	433	75	2019-05-04	2019-07-10
1454	279	76	2020-11-13	2020-12-16
1455	623	31	2015-01-12	2015-03-19
1456	505	29	2017-06-13	2017-06-13
1457	162	20	2016-09-18	2017-10-21
1458	43	50	2017-01-12	2017-03-16
1459	681	28	2016-08-12	2018-10-19
1460	948	79	2018-11-13	2018-12-18
1461	524	38	2015-12-17	2017-12-18
1462	17	16	2016-05-11	2016-05-18
1463	212	95	2017-06-26	2017-06-26
1464	353	45	2015-09-22	2016-09-28
1465	749	89	2015-03-11	2015-05-15
1466	129	92	2017-11-17	2017-12-24
1467	404	86	2017-11-25	2019-12-27
1468	99	46	2020-01-25	2020-01-28
1469	243	64	2015-04-26	2015-05-28
1470	433	4	2020-11-23	2020-12-25
1471	195	78	2020-11-11	2020-11-14
1472	493	83	2019-11-05	2020-12-05
1473	910	61	2017-01-25	2018-03-28
1474	250	34	2019-09-23	2020-11-28
1475	678	22	2019-04-14	2019-04-17
1476	780	89	2018-08-20	2018-08-27
1477	262	24	2015-09-03	2015-09-05
1478	755	34	2020-11-25	2020-11-28
1479	308	93	2016-08-05	2016-10-09
1480	163	77	2016-10-15	2018-11-16
1481	829	15	2019-12-24	2019-12-28
1482	694	5	2016-03-02	2017-03-08
1483	924	72	2017-06-09	2018-06-14
1484	836	6	2017-12-19	2017-12-23
1485	904	73	2015-05-20	2016-07-21
1486	719	27	2015-09-02	2017-11-08
1487	408	92	2018-12-03	2018-12-09
1488	981	37	2020-12-27	2020-12-28
1489	887	36	2015-01-19	2017-02-19
1490	807	47	2017-03-16	2018-05-21
1491	247	65	2019-01-19	2020-01-25
1492	576	38	2017-12-26	2019-12-28
1493	494	75	2018-11-17	2020-12-22
1494	889	62	2019-10-23	2019-12-28
1495	774	44	2016-09-06	2017-10-12
1496	683	12	2019-09-07	2019-09-13
1497	829	9	2019-02-17	2020-03-19
1498	594	96	2015-08-09	2015-09-12
1499	243	59	2015-05-27	2016-05-28
1500	590	50	2017-03-15	2017-04-16
1501	639	35	2020-04-15	2020-06-18
1502	518	55	2019-10-10	2020-11-16
1503	280	63	2019-04-16	2020-04-18
1504	1000	47	2019-05-22	2020-07-23
1505	707	43	2019-07-19	2019-09-23
1506	810	55	2018-02-08	2018-02-10
1507	662	90	2018-09-05	2018-09-08
1508	397	65	2015-11-04	2015-12-07
1509	422	4	2020-07-21	2020-07-28
1510	255	88	2020-09-05	2020-09-09
1511	53	23	2019-08-23	2019-10-26
1512	480	63	2016-11-25	2016-11-28
1513	574	72	2020-10-05	2020-11-06
1514	184	25	2018-09-25	2020-11-28
1515	829	55	2016-08-15	2016-10-17
1516	162	76	2015-09-12	2016-10-13
1517	192	76	2016-12-01	2016-12-05
1518	777	42	2020-11-11	2020-12-11
1519	125	21	2019-05-25	2020-05-25
1520	248	71	2017-11-10	2017-11-16
1521	884	59	2015-01-06	2016-03-07
1522	163	22	2018-11-20	2020-11-24
1523	111	48	2020-05-28	2020-05-28
1524	783	33	2017-03-16	2017-04-20
1525	52	20	2016-09-02	2018-11-03
1526	889	13	2016-11-28	2017-12-28
1527	656	71	2016-02-07	2017-02-11
1528	531	10	2015-10-26	2016-11-26
1529	664	38	2015-11-02	2017-12-02
1530	881	33	2016-08-25	2016-10-28
1531	334	36	2020-06-03	2020-07-09
1532	947	17	2018-10-15	2018-11-20
1533	408	2	2019-11-18	2019-12-22
1534	117	9	2018-11-18	2018-12-25
1535	249	45	2019-03-13	2020-03-18
1536	366	59	2017-05-08	2018-05-13
1537	683	74	2020-12-21	2020-12-22
1538	941	34	2020-02-28	2020-03-28
1539	180	46	2017-06-13	2019-06-16
1540	171	99	2020-07-12	2020-08-14
1541	655	22	2017-02-27	2017-04-28
1542	102	15	2020-02-21	2020-04-26
1543	506	91	2015-07-27	2017-08-28
1544	146	62	2020-01-23	2020-03-28
1545	297	29	2018-08-15	2018-09-21
1546	794	41	2015-06-06	2015-07-10
1547	618	3	2016-04-21	2018-04-23
1548	129	36	2018-07-11	2018-08-16
1549	988	59	2015-10-12	2015-12-15
1550	400	15	2017-01-26	2017-03-28
1551	443	88	2015-01-24	2016-02-24
1552	313	49	2017-02-17	2017-04-19
1553	553	95	2017-02-11	2018-04-18
1554	327	98	2016-09-19	2018-10-19
1555	621	67	2015-05-08	2017-07-08
1556	203	90	2016-11-28	2018-11-28
1557	208	93	2016-01-12	2018-01-14
1558	908	89	2017-04-10	2018-06-15
1559	88	75	2019-01-02	2019-03-05
1560	115	15	2017-02-08	2018-03-15
1561	263	35	2019-06-27	2020-06-28
1562	955	97	2016-10-07	2016-10-08
1563	837	45	2015-07-21	2016-09-21
1564	660	77	2017-02-17	2017-04-20
1565	335	56	2018-06-19	2018-08-19
1566	199	24	2018-07-17	2020-08-20
1567	630	39	2017-06-12	2017-06-17
1568	766	95	2017-12-16	2017-12-20
1569	982	20	2017-09-22	2017-11-25
1570	279	88	2018-07-01	2018-07-04
1571	3	96	2015-04-03	2016-04-05
1572	856	98	2016-12-21	2016-12-22
1573	333	51	2019-08-04	2020-09-04
1574	621	11	2018-02-17	2018-02-21
1575	17	21	2019-04-22	2020-05-24
1576	523	52	2017-10-13	2018-12-19
1577	375	31	2015-08-17	2017-08-21
1578	173	11	2016-12-23	2018-12-28
1579	887	2	2016-02-18	2018-04-24
1580	19	39	2016-09-17	2018-10-22
1581	208	91	2018-01-15	2020-03-20
1582	319	15	2018-08-16	2020-08-16
1583	769	40	2016-03-27	2016-04-28
1584	375	100	2016-07-04	2016-08-07
1585	916	42	2017-10-16	2018-11-18
1586	497	62	2018-01-26	2020-03-28
1587	370	15	2018-10-22	2018-11-25
1588	500	45	2020-11-22	2020-11-28
1589	165	84	2017-03-23	2018-05-28
1590	476	11	2020-06-17	2020-06-19
1591	89	77	2019-06-28	2020-07-28
1592	376	8	2016-04-08	2017-04-10
1593	1000	52	2017-03-05	2019-04-06
1594	43	10	2019-03-03	2019-04-03
1595	472	86	2018-09-24	2019-11-28
1596	382	43	2016-02-11	2018-03-13
1597	268	19	2016-02-03	2018-03-04
1598	771	55	2019-01-14	2020-02-14
1599	684	32	2017-06-08	2017-06-15
1600	520	50	2020-07-20	2020-08-23
1601	122	39	2019-05-19	2019-06-22
1602	511	28	2018-11-22	2020-11-23
1603	253	19	2016-03-21	2017-04-23
1604	172	66	2018-11-04	2020-11-08
1605	406	64	2018-12-10	2018-12-17
1606	347	49	2019-11-15	2019-12-15
1607	490	73	2015-05-26	2016-07-28
1608	41	10	2020-07-25	2020-08-28
1609	816	34	2015-03-28	2017-05-28
1610	997	51	2019-09-15	2019-09-20
1611	21	78	2018-02-16	2020-03-21
1612	756	25	2019-05-28	2020-05-28
1613	144	90	2018-12-09	2020-12-10
1614	38	26	2015-05-22	2017-05-28
1615	563	21	2016-03-12	2016-03-17
1616	751	79	2018-11-25	2018-12-28
1617	98	66	2019-08-14	2019-10-16
1618	782	66	2018-08-09	2020-09-09
1619	355	46	2016-04-12	2018-05-17
1620	546	42	2017-05-25	2019-07-28
1621	355	91	2015-09-16	2016-11-22
1622	177	73	2019-08-06	2019-09-11
1623	867	30	2015-08-10	2015-08-11
1624	62	41	2015-07-14	2015-08-21
1625	414	2	2020-08-13	2020-08-16
1626	363	2	2017-06-15	2019-08-22
1627	64	37	2015-08-15	2016-09-19
1628	330	99	2020-03-01	2020-04-04
1629	713	29	2018-03-26	2018-05-28
1630	584	11	2020-12-20	2020-12-21
1631	104	43	2018-06-05	2018-08-06
1632	347	22	2015-01-23	2017-01-28
1633	89	26	2020-04-10	2020-04-11
1634	914	33	2015-09-02	2015-11-08
1635	994	79	2017-09-02	2019-09-04
1636	828	100	2016-04-22	2016-06-22
1637	76	4	2017-11-10	2017-12-12
1638	718	99	2015-10-09	2015-10-16
1639	25	49	2017-04-26	2018-04-27
1640	567	47	2017-11-16	2017-12-23
1641	535	66	2015-09-10	2016-10-16
1642	836	17	2018-01-11	2018-01-15
1643	233	51	2018-08-05	2019-08-10
1644	993	59	2015-10-02	2015-11-07
1645	978	51	2015-06-19	2017-06-23
1646	943	79	2015-04-21	2017-05-23
1647	704	92	2016-02-19	2018-03-26
1648	842	62	2018-05-08	2019-07-10
1649	640	22	2019-01-03	2019-02-03
1650	584	5	2018-12-24	2018-12-28
1651	598	31	2016-03-01	2018-05-08
1652	505	2	2017-03-20	2018-04-27
1653	327	96	2017-10-10	2018-12-13
1654	376	29	2017-03-16	2019-05-16
1655	273	72	2019-11-19	2020-12-19
1656	139	11	2015-10-26	2017-11-28
1657	719	5	2018-04-28	2020-06-28
1658	934	93	2020-02-06	2020-02-09
1659	112	64	2019-12-24	2019-12-28
1660	873	72	2020-01-10	2020-02-11
1661	160	86	2018-05-12	2018-05-17
1662	864	82	2020-07-25	2020-08-28
1663	315	95	2015-08-15	2015-08-16
1664	196	93	2019-03-04	2020-04-05
1665	765	51	2018-09-26	2018-09-27
1666	997	98	2018-10-12	2020-10-19
1667	123	72	2018-12-08	2018-12-12
1668	107	34	2020-02-17	2020-03-17
1669	811	42	2019-06-27	2020-06-28
1670	953	6	2016-12-11	2018-12-15
1671	257	13	2020-02-20	2020-03-26
1672	639	80	2015-11-17	2016-12-24
1673	533	11	2019-07-20	2020-07-24
1674	734	9	2015-01-13	2015-01-19
1675	866	100	2015-05-07	2017-07-09
1676	7	95	2020-06-09	2020-06-16
1677	676	77	2019-06-11	2020-08-13
1678	251	94	2020-08-10	2020-09-12
1679	904	61	2015-04-03	2017-04-05
1680	179	34	2015-05-16	2016-05-16
1681	567	90	2015-02-16	2015-02-19
1682	529	23	2017-03-09	2017-03-13
1683	302	76	2016-01-28	2017-01-28
1684	24	71	2015-09-07	2017-10-14
1685	170	85	2019-12-22	2019-12-27
1686	89	24	2016-02-11	2016-03-12
1687	249	7	2015-02-28	2015-03-28
1688	638	54	2019-09-21	2020-09-23
1689	898	62	2020-12-01	2020-12-05
1690	871	52	2016-01-15	2016-03-15
1691	213	52	2017-11-01	2018-12-01
1692	726	88	2020-10-02	2020-11-05
1693	939	78	2016-11-14	2018-11-20
1694	761	37	2017-11-17	2017-12-18
1695	891	99	2015-09-15	2015-10-16
1696	250	9	2018-06-28	2018-08-28
1697	393	11	2017-02-23	2018-02-28
1698	624	33	2016-07-15	2017-07-20
1699	496	4	2017-08-04	2017-10-07
1700	946	74	2017-12-06	2018-12-12
1701	223	84	2015-03-09	2015-04-12
1702	319	97	2016-07-04	2017-08-07
1703	621	71	2018-03-15	2020-03-17
1704	621	47	2020-08-13	2020-08-16
1705	691	43	2015-10-25	2015-12-28
1706	914	10	2015-11-12	2015-12-12
1707	174	12	2019-03-03	2019-04-05
1708	897	33	2016-08-03	2017-08-06
1709	628	6	2020-12-18	2020-12-23
1710	496	97	2018-04-08	2019-04-11
1711	910	4	2020-10-26	2020-12-28
1712	510	23	2015-06-09	2015-06-10
1713	489	30	2020-12-11	2020-12-13
1714	11	9	2020-10-02	2020-11-05
1715	402	6	2020-03-17	2020-03-23
1716	381	32	2015-08-20	2017-10-26
1717	700	65	2020-01-22	2020-01-27
1718	123	16	2017-02-28	2019-02-28
1719	387	97	2017-11-05	2018-12-12
1720	70	67	2019-02-22	2020-04-26
1721	225	16	2015-10-04	2015-11-08
1722	654	4	2019-03-14	2019-04-19
1723	386	74	2020-07-11	2020-08-11
1724	507	47	2019-01-24	2020-02-26
1725	188	6	2019-04-22	2019-06-23
1726	867	73	2019-05-19	2020-05-19
1727	635	95	2020-10-03	2020-12-06
1728	843	16	2019-12-21	2020-12-28
1729	292	33	2016-01-14	2018-03-19
1730	35	72	2016-08-19	2017-10-25
1731	841	19	2017-11-23	2017-12-26
1732	743	39	2016-11-24	2017-11-28
1733	495	35	2020-04-25	2020-04-25
1734	115	7	2017-02-06	2019-03-09
1735	54	48	2018-09-17	2019-10-17
1736	757	80	2017-07-21	2019-09-21
1737	234	51	2019-08-19	2019-10-25
1738	697	16	2018-08-27	2020-10-28
1739	949	9	2019-03-14	2019-03-14
1740	822	80	2016-11-04	2017-12-07
1741	844	38	2018-07-07	2020-09-11
1742	832	93	2020-07-22	2020-08-22
1743	218	49	2019-08-23	2019-08-26
1744	847	100	2016-05-01	2016-07-01
1745	103	2	2018-02-12	2019-03-16
1746	981	92	2017-08-20	2018-10-22
1747	345	7	2016-08-22	2016-09-24
1748	139	83	2017-06-19	2018-06-25
1749	822	46	2020-02-07	2020-04-11
1750	444	30	2019-01-03	2019-02-10
1751	887	87	2019-03-03	2019-05-08
1752	497	17	2019-05-08	2020-05-14
1753	570	61	2015-06-02	2016-08-03
1754	580	87	2018-09-13	2018-11-16
1755	41	30	2017-07-26	2017-07-28
1756	269	25	2016-07-28	2016-07-28
1757	862	84	2015-09-19	2016-09-19
1758	927	87	2016-12-02	2016-12-08
1759	557	26	2017-02-19	2017-02-19
1760	130	93	2018-07-21	2018-08-25
1761	686	5	2015-12-02	2017-12-05
1762	440	15	2020-10-08	2020-12-08
1763	845	11	2018-02-09	2019-02-09
1764	832	66	2015-08-15	2017-09-20
1765	873	54	2019-09-02	2020-10-04
1766	547	62	2017-05-27	2018-06-28
1767	244	80	2020-09-22	2020-11-22
1768	912	5	2017-06-09	2019-08-10
1769	442	25	2018-02-14	2018-03-18
1770	391	81	2015-04-23	2015-06-24
1771	100	40	2018-10-20	2018-12-22
1772	130	40	2015-11-24	2016-12-28
1773	311	41	2015-11-09	2017-12-11
1774	722	69	2017-12-18	2018-12-19
1775	84	59	2017-04-02	2018-06-03
1776	186	2	2017-12-01	2017-12-02
1777	419	57	2019-01-20	2020-03-26
1778	507	94	2020-12-21	2020-12-27
1779	197	8	2018-12-14	2019-12-19
1780	674	55	2017-02-09	2018-02-14
1781	281	43	2018-10-06	2018-10-08
1782	849	19	2016-03-13	2018-04-19
1783	294	75	2019-02-06	2019-02-10
1784	264	8	2017-04-12	2017-06-14
1785	247	3	2015-10-19	2017-11-20
1786	65	80	2015-06-09	2016-07-13
1787	420	5	2019-05-16	2020-06-19
1788	694	76	2020-05-05	2020-07-06
1789	866	39	2017-12-06	2019-12-10
1790	898	34	2016-09-06	2016-11-09
1791	863	25	2020-11-04	2020-11-08
1792	663	71	2018-01-09	2019-01-10
1793	816	97	2018-08-17	2019-09-17
1794	428	19	2018-04-03	2020-05-10
1795	34	87	2019-08-07	2019-08-09
1796	414	81	2015-11-24	2017-11-28
1797	525	11	2019-01-22	2019-03-22
1798	374	5	2019-08-10	2020-08-12
1799	773	32	2018-02-08	2019-02-12
1800	767	14	2020-01-18	2020-01-21
1801	86	99	2016-03-12	2017-04-17
1802	454	85	2017-10-26	2019-12-26
1803	103	64	2017-11-21	2019-12-26
1804	103	28	2019-10-22	2019-10-28
1805	561	28	2016-07-21	2017-09-22
1806	844	33	2017-03-28	2018-03-28
1807	604	30	2016-10-17	2016-12-24
1808	216	52	2019-02-03	2020-03-10
1809	146	96	2018-04-03	2020-06-08
1810	812	47	2019-12-10	2019-12-17
1811	994	39	2016-10-15	2017-12-18
1812	387	95	2020-12-27	2020-12-28
1813	985	17	2017-07-20	2019-08-24
1814	758	48	2020-08-14	2020-10-21
1815	628	70	2018-07-18	2020-09-21
1816	427	64	2017-06-18	2018-08-18
1817	206	49	2018-10-13	2020-11-18
1818	711	49	2019-08-11	2019-10-13
1819	944	27	2016-12-10	2016-12-16
1820	759	53	2015-12-03	2017-12-06
1821	261	70	2020-02-25	2020-03-25
1822	174	68	2019-05-26	2020-07-28
1823	459	42	2017-11-03	2019-11-06
1824	209	49	2017-06-08	2017-06-13
1825	960	9	2017-12-03	2018-12-04
1826	680	59	2016-01-26	2018-02-27
1827	731	64	2019-11-02	2020-12-02
1828	923	92	2016-12-22	2018-12-22
1829	778	24	2019-05-15	2019-05-22
1830	680	14	2017-04-04	2018-06-09
1831	393	91	2017-12-08	2019-12-09
1832	758	87	2015-09-18	2017-09-18
1833	124	94	2017-01-18	2018-02-20
1834	984	35	2016-10-21	2018-10-24
1835	451	19	2016-04-25	2017-05-26
1836	101	54	2018-04-11	2019-06-13
1837	628	64	2015-06-09	2015-07-14
1838	853	77	2019-12-25	2020-12-28
1839	860	24	2018-04-26	2019-06-28
1840	821	94	2017-01-06	2018-02-11
1841	675	18	2019-03-24	2020-03-28
1842	769	56	2019-01-11	2020-03-15
1843	712	27	2020-08-25	2020-10-28
1844	299	100	2019-08-05	2020-08-10
1845	651	7	2020-12-02	2020-12-03
1846	674	28	2018-12-02	2018-12-03
1847	343	57	2017-09-27	2017-10-28
1848	542	39	2020-05-22	2020-07-28
1849	546	9	2016-08-12	2018-09-12
1850	521	98	2015-03-22	2015-05-28
1851	989	7	2020-02-05	2020-04-12
1852	507	89	2018-05-16	2020-06-22
1853	684	69	2019-01-06	2020-02-11
1854	71	84	2018-10-25	2019-11-28
1855	888	92	2016-11-09	2018-12-14
1856	310	44	2019-03-12	2019-05-19
1857	989	71	2019-11-09	2020-11-09
1858	88	82	2017-03-17	2019-04-23
1859	590	76	2019-05-25	2020-07-28
1860	450	2	2020-11-09	2020-11-16
1861	140	19	2017-10-12	2018-12-18
1862	84	4	2015-07-25	2015-08-27
1863	892	72	2019-09-02	2020-10-05
1864	529	61	2016-11-04	2017-12-05
1865	183	99	2018-01-02	2018-01-09
1866	13	7	2018-08-12	2018-08-13
1867	840	24	2019-06-24	2020-06-28
1868	47	17	2020-06-17	2020-06-23
1869	997	35	2019-02-12	2019-03-14
1870	535	51	2020-01-08	2020-02-10
1871	852	79	2015-12-05	2016-12-11
1872	799	86	2017-11-08	2017-12-12
1873	392	68	2018-11-05	2020-11-12
1874	591	31	2015-03-09	2017-05-11
1875	391	60	2016-03-02	2018-04-02
1876	489	94	2015-07-01	2017-08-06
1877	958	74	2019-06-10	2019-06-17
1878	70	15	2020-11-15	2020-12-19
1879	618	95	2016-02-17	2017-04-21
1880	703	97	2020-06-03	2020-08-06
1881	227	16	2017-08-11	2018-09-11
1882	407	52	2019-12-23	2019-12-28
1883	736	29	2019-12-28	2020-12-28
1884	599	83	2019-01-10	2020-02-12
1885	221	38	2019-05-17	2020-06-21
1886	266	18	2018-01-18	2018-03-20
1887	470	77	2016-11-28	2018-11-28
1888	415	5	2020-08-25	2020-09-28
1889	554	51	2017-05-12	2017-06-13
1890	119	23	2017-01-02	2019-03-05
1891	134	5	2015-11-07	2016-11-11
1892	571	52	2017-12-06	2018-12-12
1893	984	68	2017-11-08	2017-12-15
1894	245	95	2020-04-14	2020-04-20
1895	895	13	2017-04-24	2017-05-24
1896	197	99	2020-05-28	2020-06-28
1897	235	37	2020-03-25	2020-04-28
1898	877	22	2019-06-01	2019-07-03
1899	911	5	2019-09-25	2019-10-28
1900	132	71	2017-07-20	2017-07-23
1901	256	79	2016-08-02	2016-09-06
1902	90	92	2019-05-07	2020-07-08
1903	4	83	2020-11-21	2020-12-22
1904	3	55	2020-09-18	2020-10-23
1905	248	66	2016-07-05	2017-08-12
1906	143	36	2015-04-08	2015-06-11
1907	146	26	2015-10-12	2015-10-17
1908	807	56	2020-05-28	2020-06-28
1909	433	97	2017-01-24	2018-01-28
1910	385	32	2019-08-25	2020-10-28
1911	114	68	2018-03-12	2020-04-14
1912	975	34	2019-03-05	2020-04-08
1913	178	83	2020-02-15	2020-02-16
1914	88	23	2018-07-04	2019-07-08
1915	748	93	2015-09-12	2016-11-16
1916	196	43	2017-11-26	2019-12-28
1917	74	66	2016-07-25	2018-07-28
1918	457	20	2016-10-28	2016-12-28
1919	728	93	2018-06-03	2020-08-07
1920	895	50	2019-08-06	2019-08-07
1921	922	55	2018-08-27	2019-08-27
1922	62	89	2015-07-16	2017-08-18
1923	762	93	2017-09-14	2018-09-18
1924	592	51	2018-10-09	2019-12-11
1925	327	41	2018-11-09	2020-11-16
1926	308	47	2016-02-08	2017-04-12
1927	445	15	2017-04-06	2017-06-12
1928	637	9	2019-08-13	2020-09-15
1929	86	14	2018-01-09	2018-01-10
1930	761	26	2015-03-16	2016-03-22
1931	969	87	2019-07-28	2020-07-28
1932	419	49	2020-01-09	2020-02-14
1933	798	47	2020-02-25	2020-03-28
1934	486	61	2015-11-06	2016-12-08
1935	929	75	2017-03-16	2018-04-16
1936	471	99	2017-01-25	2017-01-28
1937	887	89	2019-01-28	2020-01-28
1938	545	21	2019-02-20	2020-04-21
1939	652	42	2017-01-06	2018-01-06
1940	867	66	2019-06-09	2019-07-11
1941	348	94	2017-01-12	2019-03-14
1942	990	59	2019-02-03	2020-03-07
1943	778	94	2017-09-04	2018-10-06
1944	356	29	2015-04-21	2016-05-23
1945	758	19	2016-03-02	2018-05-06
1946	474	81	2015-01-02	2017-03-08
1947	970	50	2018-12-19	2018-12-21
1948	170	58	2020-03-06	2020-04-11
1949	444	23	2016-02-28	2017-04-28
1950	75	28	2019-02-25	2020-02-26
1951	695	33	2018-05-23	2020-05-27
1952	342	28	2019-10-01	2020-11-04
1953	544	99	2020-08-13	2020-08-16
1954	311	20	2017-08-02	2017-09-06
1955	510	82	2015-10-18	2015-10-22
1956	791	77	2018-05-11	2020-07-11
1957	210	75	2020-08-10	2020-08-13
1958	611	43	2018-11-18	2019-12-21
1959	441	36	2015-07-13	2015-07-20
1960	539	100	2018-12-08	2018-12-12
1961	8	99	2018-04-15	2018-05-19
1962	958	16	2019-07-08	2020-07-12
1963	211	89	2016-04-15	2017-04-20
1964	745	41	2018-11-26	2018-12-26
1965	504	22	2017-12-27	2017-12-27
1966	848	8	2019-11-16	2020-11-21
1967	168	44	2015-01-26	2017-01-28
1968	623	63	2017-08-18	2018-09-21
1969	510	15	2017-02-01	2018-04-04
1970	780	64	2015-03-20	2015-04-27
1971	471	29	2016-12-23	2017-12-28
1972	581	33	2016-02-28	2017-03-28
1973	342	98	2020-12-20	2020-12-20
1974	834	70	2020-12-28	2020-12-28
1975	456	32	2016-12-05	2018-12-07
1976	122	42	2020-01-08	2020-02-12
1977	420	83	2016-11-08	2018-12-11
1978	224	36	2020-08-09	2020-10-10
1979	409	75	2018-11-21	2018-12-22
1980	625	95	2015-04-24	2016-06-28
1981	412	29	2019-07-12	2020-09-17
1982	941	37	2017-05-21	2018-06-22
1983	114	43	2020-09-26	2020-09-27
1984	44	49	2019-02-02	2019-02-08
1985	932	39	2016-09-01	2017-10-02
1986	23	48	2017-04-13	2018-06-18
1987	477	55	2017-08-28	2019-10-28
1988	669	61	2019-02-05	2019-02-11
1989	532	42	2016-01-14	2016-02-15
1990	522	18	2015-10-13	2015-11-20
1991	70	67	2019-04-24	2019-05-28
1992	144	52	2015-04-16	2017-04-22
1993	96	82	2019-06-14	2020-08-16
1994	781	25	2015-07-25	2016-09-28
1995	935	9	2016-07-12	2017-07-17
1996	311	39	2020-02-06	2020-02-11
1997	726	72	2017-03-26	2017-03-28
1998	338	63	2018-01-10	2019-02-10
1999	934	56	2020-08-24	2020-10-25
2000	846	73	2015-04-05	2016-05-06
2001	695	83	2018-01-13	2020-02-17
2002	220	15	2019-08-04	2020-10-08
2003	761	71	2016-08-06	2017-08-13
2004	823	51	2015-11-07	2015-11-10
2005	351	52	2018-09-10	2020-09-14
2006	813	70	2016-05-04	2017-07-06
2007	878	98	2020-01-27	2020-03-28
2008	847	18	2020-02-27	2020-04-28
2009	183	41	2020-12-17	2020-12-22
2010	940	22	2019-05-21	2020-07-28
2011	851	97	2015-09-18	2016-09-22
2012	153	72	2019-12-03	2020-12-09
2013	730	55	2019-12-19	2019-12-24
2014	485	12	2016-08-12	2017-10-19
2015	443	31	2015-12-03	2016-12-08
2016	179	89	2018-04-18	2020-04-21
2017	814	21	2019-12-08	2019-12-14
2018	778	36	2019-06-23	2019-08-26
2019	179	24	2016-01-14	2016-03-18
2020	471	56	2016-08-12	2017-10-18
2021	820	97	2018-01-19	2019-03-26
2022	507	28	2015-04-19	2017-04-22
2023	732	14	2017-08-23	2017-10-28
2024	844	82	2019-07-28	2020-07-28
2025	773	82	2018-01-28	2019-02-28
2026	493	71	2016-06-23	2016-08-26
2027	188	92	2019-10-12	2020-12-17
2028	205	14	2018-08-23	2019-08-28
2029	240	93	2016-11-05	2018-12-05
2030	777	80	2020-04-01	2020-04-03
2031	362	96	2015-01-06	2015-01-12
2032	250	67	2016-06-25	2017-08-27
2033	236	59	2020-12-21	2020-12-22
2034	855	65	2018-06-22	2019-07-25
2035	725	40	2018-06-24	2019-07-26
2036	844	37	2020-09-01	2020-11-08
2037	976	45	2018-10-07	2020-10-08
2038	153	80	2016-10-21	2018-10-25
2039	127	55	2020-12-25	2020-12-26
2040	390	90	2018-11-01	2018-12-08
2041	771	52	2019-02-28	2019-04-28
2042	856	82	2018-10-24	2019-10-25
2043	882	55	2018-06-11	2018-06-12
2044	306	99	2019-12-24	2019-12-26
2045	772	55	2016-07-28	2018-08-28
2046	155	18	2019-02-28	2019-04-28
2047	823	93	2019-09-10	2019-10-10
2048	793	33	2019-05-16	2020-06-20
2049	635	96	2019-05-27	2020-07-27
2050	553	48	2018-07-08	2018-07-09
2051	18	61	2018-07-26	2020-07-28
2052	259	34	2020-06-10	2020-06-12
2053	755	63	2020-07-21	2020-09-27
2054	54	94	2019-08-09	2020-08-12
2055	360	71	2017-02-04	2019-04-05
2056	557	75	2017-01-13	2017-03-15
2057	84	9	2019-03-05	2020-03-08
2058	917	82	2017-09-24	2017-10-26
2059	285	39	2015-10-08	2015-10-09
2060	968	43	2017-07-01	2017-08-08
2061	287	49	2018-06-23	2019-08-28
2062	734	46	2017-06-08	2017-08-11
2063	629	91	2016-08-28	2017-10-28
2064	582	9	2015-06-10	2017-08-15
2065	238	83	2016-01-09	2016-01-15
2066	209	2	2017-05-24	2019-05-28
2067	54	5	2016-09-15	2016-11-19
2068	464	47	2016-01-26	2016-01-28
2069	465	34	2018-01-05	2018-03-07
2070	322	6	2015-03-03	2016-03-09
2071	933	78	2019-12-22	2020-12-24
2072	792	3	2019-07-17	2020-09-24
2073	556	58	2018-04-24	2019-04-28
2074	370	72	2019-04-11	2020-06-11
2075	53	14	2016-05-13	2016-07-19
2076	757	98	2017-06-28	2018-06-28
2077	352	100	2018-01-23	2020-01-28
2078	890	64	2018-10-23	2019-10-25
2079	588	51	2017-05-06	2019-06-11
2080	288	21	2017-02-14	2018-03-15
2081	839	99	2017-07-23	2017-08-26
2082	826	16	2017-11-16	2017-11-21
2083	441	26	2018-08-13	2019-09-16
2084	171	91	2017-01-13	2017-01-19
2085	676	64	2019-04-13	2020-05-14
2086	378	18	2019-03-17	2020-03-19
2087	484	85	2018-02-15	2020-03-17
2088	40	16	2019-03-15	2020-04-20
2089	544	22	2015-04-26	2016-06-26
2090	322	78	2018-11-23	2018-11-26
2091	63	20	2018-07-18	2018-08-21
2092	797	75	2017-07-25	2019-08-25
2093	192	98	2020-04-07	2020-05-09
2094	700	23	2018-02-01	2018-03-03
2095	134	20	2019-06-21	2020-07-26
2096	33	74	2018-07-21	2018-07-26
2097	851	65	2019-03-25	2020-05-28
2098	470	65	2015-10-04	2017-10-07
2099	560	31	2019-06-19	2019-06-24
2100	805	23	2015-02-12	2017-04-19
2101	5	100	2020-09-09	2020-09-16
2102	620	54	2017-03-26	2017-04-28
2103	855	78	2015-11-16	2015-12-16
2104	173	52	2017-07-17	2017-07-23
2105	784	39	2018-01-17	2019-01-20
2106	581	81	2017-09-25	2019-09-28
2107	589	41	2018-06-08	2019-06-08
2108	470	73	2018-07-09	2019-09-13
2109	841	76	2020-11-06	2020-12-12
2110	267	58	2018-02-19	2019-02-19
2111	236	62	2018-03-22	2020-04-26
2112	516	8	2020-01-06	2020-03-12
2113	651	91	2019-01-01	2019-02-02
2114	73	66	2017-03-27	2017-05-28
2115	18	76	2018-01-10	2018-03-13
2116	947	86	2015-07-28	2017-07-28
2117	792	22	2018-09-12	2019-09-18
2118	215	74	2018-09-16	2018-10-18
2119	60	97	2015-10-16	2016-10-16
2120	244	96	2020-12-09	2020-12-09
2121	302	30	2015-05-01	2015-06-05
2122	492	40	2016-08-24	2017-09-28
2123	444	79	2017-01-20	2018-01-24
2124	903	70	2020-09-18	2020-10-21
2125	581	31	2018-02-21	2019-03-23
2126	633	33	2017-02-04	2017-03-07
2127	535	35	2019-04-22	2019-05-26
2128	842	70	2020-05-02	2020-07-04
2129	561	41	2018-03-09	2020-05-13
2130	744	59	2016-10-19	2017-11-20
2131	77	28	2020-11-06	2020-11-12
2132	80	3	2017-04-28	2017-05-28
2133	59	96	2016-09-04	2018-09-11
2134	482	75	2020-10-19	2020-10-20
2135	298	4	2017-12-15	2019-12-17
2136	824	19	2017-10-14	2019-10-14
2137	296	34	2017-07-05	2018-09-09
2138	951	91	2020-01-04	2020-02-04
2139	493	22	2019-02-23	2019-03-28
2140	967	6	2015-10-24	2015-12-28
2141	901	95	2020-08-18	2020-10-23
2142	94	75	2016-01-16	2018-01-18
2143	480	6	2018-09-04	2018-10-05
2144	923	64	2017-08-20	2019-09-22
2145	372	32	2020-04-10	2020-05-10
2146	917	35	2015-08-08	2017-10-08
2147	923	65	2015-01-05	2015-02-05
2148	511	34	2017-12-25	2019-12-26
2149	62	72	2019-12-10	2020-12-16
2150	417	67	2018-06-03	2019-06-10
2151	771	98	2020-08-17	2020-08-22
2152	243	94	2017-01-03	2017-02-07
2153	876	98	2015-10-16	2015-10-21
2154	854	63	2018-05-10	2020-07-11
2155	667	88	2019-09-15	2019-10-16
2156	290	19	2018-09-07	2018-10-10
2157	431	25	2015-08-12	2016-08-16
2158	377	10	2018-09-18	2018-09-20
2159	620	54	2016-10-26	2017-12-28
2160	659	67	2018-08-22	2019-10-28
2161	296	61	2019-02-02	2019-04-08
2162	242	36	2016-06-05	2017-06-08
2163	243	84	2016-07-18	2016-07-20
2164	136	73	2019-03-12	2019-04-14
2165	885	35	2016-12-05	2018-12-08
2166	558	61	2017-12-20	2019-12-26
2167	326	64	2020-03-10	2020-03-11
2168	873	36	2017-04-21	2017-04-24
2169	324	70	2016-02-19	2016-02-24
2170	346	28	2018-03-15	2020-04-22
2171	475	64	2017-08-06	2019-08-06
2172	391	31	2016-03-16	2016-04-17
2173	663	11	2015-07-01	2016-08-08
2174	132	60	2018-05-08	2020-07-08
2175	130	52	2018-09-07	2020-10-08
2176	656	35	2016-11-28	2018-12-28
2177	889	9	2017-01-10	2017-03-14
2178	152	81	2020-07-20	2020-08-23
2179	786	74	2020-11-10	2020-12-14
2180	959	32	2015-05-26	2015-05-28
2181	634	18	2020-05-25	2020-06-28
2182	581	15	2018-11-06	2020-12-13
2183	296	85	2017-02-05	2017-04-08
2184	505	59	2015-06-18	2016-06-21
2185	278	17	2019-12-03	2020-12-07
2186	533	54	2016-05-05	2017-05-07
2187	518	48	2015-06-12	2016-08-18
2188	417	73	2017-04-06	2018-04-07
2189	372	25	2015-07-07	2015-07-13
2190	900	99	2020-05-02	2020-07-03
2191	373	46	2016-09-19	2016-11-25
2192	230	18	2015-12-15	2017-12-15
2193	422	14	2016-08-22	2017-10-22
2194	102	13	2020-12-14	2020-12-18
2195	191	49	2020-01-18	2020-01-19
2196	446	60	2019-12-14	2019-12-21
2197	982	44	2018-04-28	2020-06-28
2198	583	94	2018-06-22	2018-07-22
2199	328	54	2015-08-08	2015-08-09
2200	200	10	2015-02-10	2017-04-17
2201	794	99	2016-04-27	2017-06-28
2202	661	60	2018-07-21	2019-08-23
2203	132	26	2018-10-13	2018-10-18
2204	560	50	2020-07-24	2020-07-24
2205	699	56	2016-04-26	2017-04-27
2206	150	31	2016-07-27	2018-07-28
2207	220	18	2020-04-24	2020-06-28
2208	958	4	2017-09-03	2019-10-10
2209	713	25	2015-09-26	2017-09-28
2210	797	51	2019-03-19	2020-04-22
2211	984	98	2020-10-14	2020-12-15
2212	349	43	2017-10-23	2017-11-25
2213	613	98	2015-10-24	2017-12-28
2214	85	64	2017-07-11	2018-09-18
2215	151	46	2020-09-19	2020-11-24
2216	274	47	2020-05-02	2020-05-07
2217	78	18	2019-01-01	2020-03-07
2218	599	23	2016-12-09	2016-12-11
2219	533	26	2019-08-06	2020-09-13
2220	330	8	2017-03-07	2017-05-13
2221	283	24	2019-02-22	2020-02-22
2222	47	85	2020-01-27	2020-02-27
2223	982	67	2015-04-08	2017-05-15
2224	268	31	2016-05-12	2018-06-18
2225	803	62	2015-07-01	2016-08-08
2226	146	87	2020-05-19	2020-05-22
2227	915	49	2016-10-17	2018-11-23
2228	603	89	2020-07-14	2020-09-15
2229	553	79	2016-12-11	2017-12-12
2230	136	76	2019-09-20	2019-09-26
2231	106	18	2016-07-22	2018-08-28
2232	123	87	2018-03-22	2020-05-28
2233	186	92	2019-01-09	2020-02-16
2234	476	86	2017-11-12	2018-11-13
2235	628	35	2020-09-21	2020-09-24
2236	523	49	2015-06-11	2017-08-13
2237	413	47	2016-08-15	2018-08-22
2238	644	38	2018-05-23	2018-07-25
2239	140	15	2015-01-01	2016-03-03
2240	203	39	2019-05-01	2019-07-07
2241	692	2	2016-12-09	2016-12-10
2242	818	22	2016-10-21	2016-12-25
2243	793	5	2016-10-15	2017-11-20
2244	308	27	2017-10-16	2017-12-16
2245	773	54	2018-12-15	2018-12-17
2246	503	97	2020-10-07	2020-11-08
2247	490	85	2016-09-02	2018-09-03
2248	218	56	2015-06-13	2016-08-20
2249	381	17	2017-11-13	2018-12-14
2250	566	6	2018-01-08	2019-02-15
2251	466	5	2018-03-12	2020-05-16
2252	412	79	2016-11-09	2018-12-10
2253	426	19	2018-02-05	2018-04-07
2254	154	9	2020-03-05	2020-04-07
2255	991	82	2017-07-14	2019-09-19
2256	602	24	2018-08-17	2020-08-24
2257	859	83	2015-12-14	2016-12-20
2258	592	55	2020-11-22	2020-11-23
2259	325	91	2020-04-23	2020-04-28
2260	671	60	2015-07-18	2016-07-21
2261	954	65	2019-05-05	2020-07-12
2262	210	12	2015-02-14	2015-03-17
2263	668	37	2019-04-14	2020-06-20
2264	956	18	2019-09-09	2019-10-13
2265	831	19	2018-09-05	2018-09-11
2266	945	36	2020-01-04	2020-02-06
2267	735	27	2016-10-02	2016-10-06
2268	333	97	2020-04-05	2020-05-08
2269	467	63	2020-07-22	2020-07-28
2270	8	82	2017-08-20	2018-08-24
2271	943	50	2019-05-09	2020-07-16
2272	765	92	2020-10-04	2020-10-09
2273	972	87	2016-04-04	2018-05-10
2274	298	29	2020-09-16	2020-11-16
2275	963	55	2015-08-18	2015-08-23
2276	693	66	2019-10-20	2020-10-25
2277	372	74	2019-08-09	2019-09-09
2278	279	68	2017-04-03	2019-05-03
2279	780	40	2017-01-08	2017-02-09
2280	603	88	2016-05-28	2016-06-28
2281	470	94	2018-12-19	2019-12-24
2282	460	96	2016-10-25	2018-12-28
2283	29	79	2016-06-08	2016-07-11
2284	533	39	2020-07-16	2020-07-16
2285	306	66	2020-01-01	2020-03-03
2286	135	34	2016-07-24	2016-08-28
2287	293	34	2018-08-02	2020-09-09
2288	797	42	2017-11-02	2017-12-05
2289	680	9	2019-10-07	2020-10-07
2290	681	99	2020-08-13	2020-10-16
2291	501	22	2017-03-05	2019-04-09
2292	149	66	2018-06-15	2020-08-16
2293	307	73	2017-08-26	2019-08-28
2294	664	50	2019-10-11	2019-12-12
2295	483	35	2020-03-28	2020-04-28
2296	807	54	2019-01-05	2020-03-06
2297	961	91	2017-03-12	2017-05-19
2298	20	67	2016-08-15	2017-09-17
2299	215	53	2019-04-07	2020-06-13
2300	208	46	2020-09-16	2020-10-23
2301	259	34	2015-02-18	2016-02-18
2302	303	65	2020-03-14	2020-05-20
2303	200	75	2016-12-10	2017-12-13
2304	735	67	2020-06-16	2020-08-19
2305	742	7	2020-02-05	2020-02-06
2306	605	64	2017-12-16	2018-12-17
2307	62	71	2020-04-10	2020-06-16
2308	591	3	2020-01-23	2020-03-25
2309	453	16	2017-11-27	2018-12-27
2310	927	82	2019-09-11	2020-09-18
2311	286	90	2020-11-03	2020-11-07
2312	879	6	2020-12-04	2020-12-08
2313	551	9	2020-05-05	2020-05-07
2314	442	89	2016-04-27	2018-04-28
2315	880	68	2017-12-06	2018-12-10
2316	207	14	2017-01-16	2018-03-23
2317	700	48	2019-08-03	2020-10-07
2318	512	95	2020-11-19	2020-11-22
2319	64	36	2019-01-22	2020-01-28
2320	537	37	2020-04-20	2020-06-24
2321	244	23	2017-07-07	2019-09-13
2322	901	95	2018-07-22	2018-08-28
2323	958	61	2015-11-22	2017-12-27
2324	219	87	2019-12-14	2020-12-14
2325	967	97	2018-04-25	2018-04-28
2326	278	75	2015-06-21	2015-08-26
2327	566	10	2020-11-19	2020-12-22
2328	211	43	2015-05-20	2015-06-21
2329	676	78	2017-11-22	2017-12-26
2330	925	37	2017-05-24	2018-05-28
2331	796	95	2017-10-25	2017-11-28
2332	127	65	2020-08-06	2020-10-07
2333	551	65	2016-10-24	2018-11-24
2334	107	87	2019-04-20	2020-06-26
2335	83	82	2017-04-05	2019-06-11
2336	581	17	2016-03-11	2018-05-13
2337	163	37	2018-08-17	2020-10-22
2338	761	50	2020-08-09	2020-09-13
2339	571	8	2017-11-23	2019-12-26
2340	30	26	2016-05-08	2017-05-10
2341	71	67	2015-03-03	2016-03-06
2342	315	56	2019-01-09	2020-02-09
2343	217	70	2020-03-23	2020-03-26
2344	761	3	2017-11-17	2019-12-22
2345	845	32	2020-10-12	2020-10-16
2346	775	10	2019-02-20	2020-03-25
2347	166	11	2018-11-08	2018-11-09
2348	343	3	2018-06-01	2018-07-04
2349	273	84	2016-12-23	2017-12-23
2350	320	6	2016-02-16	2018-04-20
2351	458	55	2016-02-13	2016-03-14
2352	69	94	2017-02-24	2017-04-28
2353	545	82	2018-11-04	2019-12-09
2354	502	91	2016-11-01	2016-11-06
2355	934	86	2020-04-01	2020-04-08
2356	921	85	2016-01-05	2018-02-08
2357	12	15	2017-08-03	2018-09-03
2358	51	41	2017-10-08	2019-12-11
2359	501	96	2020-02-28	2020-03-28
2360	625	34	2016-12-22	2017-12-23
2361	40	100	2017-12-07	2018-12-09
2362	223	25	2016-12-24	2017-12-28
2363	262	76	2017-04-06	2017-06-10
2364	206	91	2018-07-04	2020-08-09
2365	358	7	2017-04-09	2017-05-14
2366	987	71	2020-10-19	2020-10-25
2367	619	49	2015-12-09	2017-12-13
2368	374	72	2020-06-09	2020-06-11
2369	725	70	2016-07-09	2017-07-15
2370	204	54	2017-03-10	2018-04-17
2371	887	28	2020-04-13	2020-05-19
2372	481	84	2020-12-23	2020-12-27
2373	304	51	2020-03-01	2020-05-02
2374	178	46	2016-04-01	2016-04-06
2375	898	82	2016-04-24	2016-06-24
2376	223	14	2017-08-23	2018-09-28
2377	833	97	2018-10-22	2020-11-25
2378	499	18	2017-01-06	2019-02-07
2379	479	100	2015-12-27	2015-12-28
2380	866	62	2020-02-24	2020-03-28
2381	542	64	2016-06-17	2017-08-21
2382	24	85	2016-01-22	2018-01-28
2383	271	76	2019-04-04	2020-06-05
2384	505	83	2015-12-05	2016-12-10
2385	896	2	2018-04-18	2018-06-21
2386	748	79	2017-10-22	2019-12-22
2387	646	23	2017-09-01	2017-11-03
2388	821	59	2015-09-03	2016-11-08
2389	130	65	2020-07-04	2020-08-05
2390	387	23	2016-06-12	2017-08-19
2391	343	100	2017-01-03	2018-02-06
2392	303	14	2016-01-15	2016-02-15
2393	426	31	2019-02-24	2020-02-28
2394	203	80	2019-08-12	2020-10-19
2395	421	47	2017-10-09	2017-11-13
2396	271	92	2016-11-26	2016-11-28
2397	625	18	2015-10-13	2016-10-15
2398	256	20	2019-09-14	2019-10-15
2399	682	38	2018-03-03	2020-04-07
2400	992	13	2017-07-23	2019-08-28
2401	438	66	2017-07-23	2019-08-25
2402	651	57	2019-04-11	2020-05-12
2403	892	33	2019-05-03	2020-05-06
2404	785	70	2017-06-23	2017-06-28
2405	633	97	2018-09-07	2020-10-13
2406	375	36	2019-02-28	2020-04-28
2407	324	27	2017-08-03	2019-08-09
2408	24	87	2020-08-11	2020-09-12
2409	972	80	2016-12-07	2017-12-12
2410	610	69	2020-11-05	2020-12-09
2411	210	17	2015-09-16	2015-11-23
2412	752	41	2016-02-10	2017-02-12
2413	976	8	2015-04-08	2015-06-10
2414	796	70	2018-02-09	2018-03-14
2415	538	86	2016-04-08	2017-05-14
2416	775	8	2019-03-01	2019-03-08
2417	391	88	2020-10-27	2020-10-27
2418	284	36	2020-09-01	2020-09-04
2419	287	57	2015-12-03	2017-12-09
2420	130	77	2019-09-26	2020-10-28
2421	387	79	2018-10-01	2020-11-01
2422	851	40	2015-04-17	2015-04-22
2423	951	66	2019-09-28	2019-11-28
2424	429	41	2017-01-24	2019-01-24
2425	452	82	2015-10-14	2017-11-16
2426	722	61	2016-09-23	2018-09-28
2427	525	7	2018-12-16	2019-12-20
2428	742	23	2016-08-07	2017-10-10
2429	422	70	2019-11-01	2020-12-04
2430	361	96	2019-11-27	2020-12-28
2431	548	99	2020-02-11	2020-03-15
2432	371	5	2019-12-14	2020-12-20
2433	798	6	2016-12-11	2017-12-13
2434	61	40	2019-04-10	2020-04-16
2435	393	59	2015-07-28	2016-09-28
2436	678	46	2015-12-12	2016-12-16
2437	718	20	2015-03-17	2017-03-23
2438	714	11	2019-11-08	2020-11-13
2439	464	100	2019-03-02	2020-05-06
2440	215	10	2017-06-24	2019-08-28
2441	885	72	2020-04-13	2020-05-15
2442	303	34	2018-07-06	2019-09-10
2443	222	22	2018-05-16	2020-05-18
2444	980	26	2018-12-09	2020-12-11
2445	725	72	2020-02-08	2020-02-14
2446	904	86	2016-08-15	2017-09-16
2447	782	58	2015-01-21	2017-03-27
2448	532	88	2018-11-21	2018-12-27
2449	49	12	2018-12-23	2019-12-25
2450	848	5	2018-12-05	2019-12-07
2451	620	15	2018-02-15	2019-02-16
2452	470	81	2018-06-04	2018-08-08
2453	144	14	2020-12-16	2020-12-18
2454	753	12	2020-04-24	2020-05-28
2455	108	57	2020-03-24	2020-05-27
2456	808	29	2016-02-17	2018-02-19
2457	640	23	2016-03-22	2018-05-23
2458	144	28	2015-07-10	2016-08-12
2459	765	89	2020-12-06	2020-12-07
2460	104	6	2019-02-03	2020-04-08
2461	184	42	2016-08-19	2017-08-25
2462	336	75	2015-12-11	2016-12-18
2463	449	100	2017-01-08	2019-02-09
2464	777	54	2016-10-11	2016-12-16
2465	838	76	2016-07-28	2016-08-28
2466	67	29	2016-03-12	2017-05-13
2467	652	100	2016-12-07	2016-12-10
2468	146	30	2016-02-05	2018-03-07
2469	875	76	2019-04-19	2019-04-25
2470	503	51	2016-05-27	2017-07-28
2471	269	68	2018-07-22	2018-09-23
2472	175	82	2017-11-13	2019-11-16
2473	908	4	2019-04-02	2020-04-02
2474	386	33	2016-04-10	2016-04-10
2475	960	82	2018-08-24	2020-08-25
2476	550	49	2020-03-24	2020-04-26
2477	664	13	2016-12-24	2017-12-28
2478	525	79	2020-04-23	2020-06-27
2479	584	89	2016-04-06	2018-06-08
2480	11	76	2015-11-20	2017-12-20
2481	694	79	2017-07-27	2018-08-28
2482	781	78	2018-10-01	2019-11-04
2483	225	50	2019-11-07	2020-12-12
2484	166	15	2017-07-03	2019-08-08
2485	579	97	2017-03-28	2019-05-28
2486	477	64	2020-08-25	2020-08-25
2487	660	22	2015-11-08	2016-12-12
2488	936	9	2018-04-28	2018-06-28
2489	508	75	2017-09-27	2018-09-28
2490	714	5	2017-01-05	2018-03-09
2491	406	9	2015-06-17	2017-07-23
2492	377	65	2019-01-11	2019-03-14
2493	706	58	2018-08-18	2018-09-22
2494	578	11	2017-11-27	2019-12-28
2495	406	100	2019-02-19	2019-02-24
2496	529	46	2015-07-21	2015-09-22
2497	831	87	2015-06-26	2017-07-28
2498	389	96	2020-12-08	2020-12-11
2499	961	29	2017-08-14	2018-10-14
2500	715	81	2017-02-20	2017-02-21
2501	995	98	2020-01-15	2020-02-17
2502	790	19	2016-09-05	2017-09-10
2503	376	23	2015-01-23	2015-01-25
2504	114	77	2020-03-10	2020-05-12
2505	380	24	2016-05-25	2018-06-26
2506	624	65	2020-07-09	2020-09-12
2507	32	60	2015-06-02	2015-08-04
2508	301	92	2015-05-07	2016-07-11
2509	855	69	2018-06-11	2018-07-13
2510	603	20	2015-02-11	2015-03-15
2511	369	71	2017-01-10	2019-02-11
2512	462	26	2020-05-17	2020-06-23
2513	728	41	2017-12-11	2018-12-13
2514	421	74	2018-10-25	2019-10-25
2515	825	38	2016-06-06	2018-07-11
2516	273	84	2019-05-25	2020-06-26
2517	508	75	2016-06-07	2017-06-11
2518	102	23	2017-03-24	2018-03-28
2519	45	24	2019-05-02	2020-05-04
2520	612	52	2015-04-27	2016-04-27
2521	217	40	2019-01-14	2020-01-19
2522	749	5	2017-07-22	2019-07-23
2523	894	19	2019-02-15	2020-02-19
2524	991	72	2017-10-09	2019-12-14
2525	69	46	2015-04-03	2015-05-03
2526	375	62	2018-03-05	2019-03-06
2527	340	54	2017-08-23	2017-09-27
2528	802	83	2015-03-04	2017-04-06
2529	992	59	2020-02-11	2020-04-17
2530	877	11	2018-07-23	2020-07-24
2531	257	56	2016-12-04	2018-12-09
2532	641	30	2020-06-22	2020-08-27
2533	994	23	2016-07-22	2017-08-23
2534	82	25	2018-03-04	2019-03-11
2535	614	24	2020-08-22	2020-08-28
2536	693	16	2020-04-06	2020-04-08
2537	351	41	2019-09-08	2020-10-11
2538	133	54	2016-12-16	2018-12-17
2539	768	41	2017-12-22	2017-12-27
2540	467	20	2019-05-14	2019-07-21
2541	884	81	2017-11-26	2018-12-26
2542	102	9	2018-08-09	2018-10-11
2543	753	39	2018-01-06	2020-01-13
2544	202	24	2019-05-23	2019-07-26
2545	53	14	2015-03-28	2015-05-28
2546	299	49	2016-07-07	2018-09-09
2547	478	85	2017-01-07	2019-02-12
2548	459	25	2015-08-26	2016-08-28
2549	10	61	2020-09-01	2020-10-07
2550	227	14	2017-11-14	2018-12-18
2551	452	21	2019-01-04	2020-01-10
2552	604	83	2020-08-10	2020-09-17
2553	200	5	2018-09-01	2018-09-05
2554	525	86	2016-08-22	2017-09-23
2555	937	65	2019-01-10	2020-03-15
2556	500	79	2020-04-07	2020-06-07
2557	342	22	2019-11-23	2019-12-26
2558	506	100	2016-12-18	2017-12-20
2559	667	12	2019-07-14	2020-08-21
2560	767	61	2017-01-21	2018-02-28
2561	910	94	2019-02-28	2020-02-28
2562	506	43	2017-12-12	2019-12-18
2563	973	72	2020-10-02	2020-11-02
2564	948	11	2018-10-01	2018-12-07
2565	720	6	2016-02-14	2018-02-17
2566	241	94	2016-10-14	2018-11-19
2567	930	75	2020-11-04	2020-11-04
2568	240	33	2015-06-11	2017-08-11
2569	445	61	2019-12-08	2019-12-08
2570	829	94	2020-04-27	2020-06-28
2571	704	24	2019-05-28	2020-05-28
2572	138	85	2015-10-10	2017-11-13
2573	483	82	2018-12-15	2019-12-22
2574	709	65	2016-12-17	2016-12-21
2575	37	71	2018-08-07	2020-08-08
2576	252	89	2017-04-14	2017-04-15
2577	428	61	2020-06-21	2020-06-28
2578	264	80	2016-06-01	2018-08-06
2579	147	75	2019-08-14	2020-10-20
2580	323	39	2020-07-15	2020-08-20
2581	149	26	2016-02-20	2017-02-25
2582	749	74	2015-03-21	2015-03-24
2583	474	76	2018-01-17	2020-01-21
2584	682	21	2016-12-15	2018-12-17
2585	897	96	2020-03-03	2020-05-09
2586	434	34	2015-08-19	2017-10-26
2587	773	55	2016-02-18	2017-04-18
2588	356	95	2017-02-24	2018-02-25
2589	182	48	2018-02-14	2018-04-21
2590	905	41	2020-04-03	2020-04-06
2591	189	17	2020-11-14	2020-12-21
2592	987	76	2019-12-11	2020-12-13
2593	290	9	2016-06-05	2018-08-08
2594	475	68	2019-05-05	2020-07-09
2595	665	20	2020-08-24	2020-08-28
2596	126	21	2017-10-23	2018-11-27
2597	950	41	2018-12-05	2018-12-11
2598	260	60	2019-04-03	2020-06-08
2599	395	40	2020-11-04	2020-12-10
2600	476	46	2019-02-05	2020-04-12
2601	79	37	2015-10-21	2016-12-21
2602	365	34	2020-04-05	2020-05-10
2603	268	100	2017-06-19	2019-08-26
2604	17	23	2017-06-20	2019-08-25
2605	440	27	2019-03-02	2019-05-05
2606	689	36	2018-07-24	2020-08-28
2607	126	73	2019-07-18	2020-08-20
2608	97	3	2016-11-13	2017-11-17
2609	634	41	2015-08-06	2017-09-12
2610	141	44	2017-05-03	2018-07-06
2611	829	44	2016-01-04	2017-03-10
2612	555	43	2018-04-11	2020-06-15
2613	856	17	2019-10-06	2020-11-08
2614	429	39	2015-02-08	2016-04-15
2615	376	67	2019-05-25	2019-06-26
2616	38	50	2015-05-01	2016-07-08
2617	926	95	2017-08-15	2017-09-16
2618	616	24	2020-07-08	2020-07-12
2619	798	74	2016-07-27	2016-08-28
2620	959	46	2017-03-18	2018-03-23
2621	871	13	2020-01-02	2020-01-06
2622	349	30	2015-03-04	2016-05-06
2623	823	23	2016-12-10	2016-12-17
2624	582	67	2016-02-25	2017-02-28
2625	583	51	2016-02-23	2017-03-23
2626	629	67	2016-12-12	2017-12-16
2627	735	75	2017-01-05	2019-02-10
2628	543	49	2017-11-18	2018-12-20
2629	178	73	2018-04-03	2020-06-04
2630	207	97	2017-06-04	2018-08-11
2631	828	50	2015-10-07	2017-11-09
2632	511	50	2015-12-25	2015-12-26
2633	812	90	2016-11-23	2017-12-26
2634	874	83	2018-07-20	2019-07-23
2635	440	85	2015-03-06	2015-05-11
2636	981	47	2019-11-21	2020-12-24
2637	108	3	2018-11-22	2018-12-28
2638	87	87	2020-05-21	2020-07-21
2639	600	49	2020-11-21	2020-12-28
2640	154	44	2018-06-17	2018-06-21
2641	703	54	2019-07-03	2019-07-04
2642	292	64	2016-02-11	2016-02-16
2643	873	92	2020-12-13	2020-12-19
2644	526	79	2015-09-23	2017-11-27
2645	478	75	2015-05-08	2015-06-14
2646	620	30	2020-06-28	2020-08-28
2647	235	74	2016-04-23	2017-04-28
2648	926	26	2019-07-03	2020-08-07
2649	926	62	2020-04-09	2020-06-15
2650	821	92	2020-05-04	2020-05-08
2651	113	60	2017-08-19	2019-08-21
2652	495	18	2015-09-26	2017-09-27
2653	402	23	2019-10-04	2020-11-10
2654	441	99	2017-02-17	2019-02-18
2655	788	6	2018-01-12	2018-02-19
2656	899	99	2020-12-11	2020-12-14
2657	995	53	2015-11-14	2016-12-14
2658	961	7	2019-05-11	2020-05-16
2659	450	24	2018-02-27	2019-04-28
2660	711	72	2016-11-18	2018-12-23
2661	488	89	2018-03-12	2018-04-16
2662	274	83	2020-10-22	2020-12-28
2663	565	48	2016-04-10	2016-06-11
2664	827	72	2016-08-07	2018-08-08
2665	128	81	2018-02-26	2020-03-26
2666	709	46	2017-12-20	2018-12-24
2667	363	22	2018-09-06	2019-09-11
2668	757	16	2016-03-26	2018-03-27
2669	480	80	2020-04-21	2020-04-22
2670	367	76	2017-07-03	2019-08-06
2671	887	20	2015-03-24	2015-05-24
2672	668	25	2016-03-04	2017-05-04
2673	433	39	2017-02-14	2018-04-15
2674	904	66	2017-05-11	2019-06-12
2675	628	55	2016-04-21	2018-04-26
2676	44	26	2018-12-25	2018-12-28
2677	62	70	2017-10-06	2019-12-08
2678	173	72	2015-12-02	2015-12-04
2679	273	49	2019-07-24	2020-09-25
2680	387	26	2020-06-23	2020-07-27
2681	930	14	2020-06-10	2020-06-10
2682	858	82	2017-08-22	2019-08-24
2683	102	81	2018-11-10	2019-11-10
2684	58	43	2018-06-11	2020-07-18
2685	824	49	2020-07-16	2020-09-22
2686	602	74	2016-06-12	2018-07-17
2687	299	68	2019-08-26	2020-09-28
2688	329	17	2016-02-26	2017-02-28
2689	842	98	2019-01-14	2020-01-16
2690	547	43	2018-07-20	2019-07-27
2691	964	21	2019-11-10	2019-11-17
2692	840	38	2015-05-28	2015-06-28
2693	162	83	2019-06-12	2020-06-18
2694	988	46	2020-11-01	2020-12-05
2695	377	98	2017-10-03	2018-10-10
2696	540	4	2020-02-04	2020-04-10
2697	785	47	2017-10-11	2018-12-11
2698	603	95	2020-11-22	2020-11-23
2699	839	44	2015-09-05	2015-11-08
2700	191	87	2015-07-05	2017-09-09
2701	246	98	2018-04-06	2019-06-09
2702	89	41	2015-06-14	2015-08-17
2703	564	41	2015-02-05	2015-03-06
2704	35	46	2019-01-27	2019-02-27
2705	352	7	2019-03-09	2020-04-13
2706	105	73	2017-03-25	2018-05-28
2707	305	35	2018-03-23	2019-04-24
2708	812	38	2015-08-10	2017-10-15
2709	825	82	2020-10-23	2020-10-23
2710	684	23	2015-12-15	2015-12-17
2711	642	54	2016-10-14	2016-10-20
2712	322	31	2017-12-17	2019-12-20
2713	170	2	2018-02-09	2018-02-13
2714	319	27	2019-05-04	2020-07-04
2715	152	81	2017-06-19	2017-06-21
2716	866	63	2020-04-08	2020-06-13
2717	62	4	2019-08-27	2019-09-28
2718	829	54	2020-02-19	2020-04-26
2719	213	50	2016-08-23	2018-08-23
2720	911	65	2015-04-10	2015-04-10
2721	842	79	2017-12-06	2017-12-06
2722	735	50	2017-03-10	2018-03-14
2723	415	20	2016-01-11	2018-01-16
2724	319	58	2020-07-08	2020-09-12
2725	323	18	2018-04-12	2019-05-15
2726	912	55	2016-03-16	2017-04-21
2727	370	33	2019-01-23	2019-01-28
2728	601	46	2015-02-07	2015-02-09
2729	138	60	2018-08-15	2019-10-16
2730	76	12	2015-09-21	2017-09-26
2731	171	5	2019-05-16	2019-07-20
2732	289	100	2019-01-21	2019-02-23
2733	462	65	2020-12-05	2020-12-11
2734	582	69	2017-09-13	2018-09-17
2735	571	19	2016-09-08	2018-09-10
2736	586	13	2019-06-04	2019-06-10
2737	427	86	2016-02-27	2016-04-28
2738	947	73	2017-06-18	2017-06-24
2739	477	43	2020-06-21	2020-08-28
2740	869	11	2019-08-14	2020-10-15
2741	683	96	2016-02-27	2017-02-28
2742	333	32	2016-11-23	2017-12-26
2743	596	74	2019-05-20	2020-07-24
2744	329	56	2016-11-04	2016-12-08
2745	340	47	2017-10-16	2018-10-22
2746	570	42	2015-08-09	2015-10-14
2747	278	36	2016-06-08	2016-06-14
2748	994	88	2020-06-25	2020-07-28
2749	949	96	2018-08-04	2018-08-09
2750	480	26	2019-07-22	2020-07-23
2751	415	62	2016-12-10	2017-12-11
2752	822	71	2017-08-11	2017-09-18
2753	144	98	2016-09-12	2017-09-14
2754	109	14	2019-02-02	2020-04-07
2755	780	16	2015-07-25	2015-09-28
2756	722	17	2015-09-10	2015-10-11
2757	384	37	2018-11-23	2020-11-27
2758	829	22	2020-08-24	2020-09-28
2759	151	64	2016-12-04	2016-12-08
2760	274	49	2018-07-18	2018-07-24
2761	321	91	2020-08-03	2020-10-05
2762	949	60	2018-01-12	2020-03-16
2763	904	7	2017-02-23	2017-03-25
2764	537	32	2020-12-05	2020-12-05
2765	751	84	2019-10-23	2020-11-25
2766	201	13	2019-05-20	2020-07-26
2767	76	2	2017-12-06	2019-12-06
2768	801	88	2018-03-23	2019-05-24
2769	411	49	2018-11-23	2019-12-24
2770	382	26	2019-08-22	2020-10-24
2771	823	91	2017-08-13	2019-09-15
2772	39	61	2015-11-05	2016-12-10
2773	57	89	2016-06-28	2017-08-28
2774	404	15	2020-04-21	2020-05-21
2775	630	47	2020-06-18	2020-06-24
2776	789	92	2020-04-06	2020-04-13
2777	494	35	2017-01-13	2017-02-17
2778	127	76	2020-10-01	2020-10-07
2779	359	62	2017-07-05	2017-08-05
2780	466	6	2017-02-15	2017-03-18
2781	753	59	2015-05-18	2017-05-19
2782	935	94	2015-07-05	2017-08-08
2783	156	44	2018-11-26	2019-12-26
2784	762	28	2017-01-10	2017-03-17
2785	673	8	2016-04-22	2016-05-27
2786	971	68	2018-06-09	2018-06-13
2787	449	5	2015-07-07	2017-09-10
2788	81	69	2015-07-22	2015-07-28
2789	498	38	2017-12-24	2017-12-27
2790	280	56	2018-04-13	2020-04-16
2791	540	8	2018-11-19	2018-12-26
2792	228	76	2017-07-25	2018-08-26
2793	424	31	2016-01-12	2016-01-13
2794	109	66	2015-04-14	2015-04-15
2795	693	31	2019-10-24	2020-11-28
2796	759	20	2016-02-14	2018-04-18
2797	952	12	2020-04-07	2020-04-08
2798	786	19	2020-11-18	2020-11-19
2799	964	74	2016-07-17	2017-09-19
2800	46	85	2019-08-06	2020-08-07
2801	145	12	2019-01-26	2020-02-28
2802	480	36	2018-09-25	2020-10-28
2803	777	84	2017-03-09	2017-05-10
2804	846	19	2018-04-18	2019-06-19
2805	729	70	2017-01-16	2017-03-17
2806	583	45	2018-11-21	2019-11-22
2807	640	43	2015-10-14	2015-10-14
2808	146	97	2017-04-09	2019-06-09
2809	298	31	2017-12-26	2017-12-28
2810	253	27	2020-04-28	2020-04-28
2811	217	25	2016-05-20	2017-06-27
2812	176	3	2016-10-20	2017-10-21
2813	198	77	2020-03-16	2020-03-16
2814	235	50	2018-07-01	2018-08-06
2815	874	84	2018-09-17	2018-10-19
2816	156	90	2016-08-07	2018-08-13
2817	895	44	2019-12-17	2020-12-20
2818	130	93	2015-12-28	2016-12-28
2819	280	23	2020-09-15	2020-10-22
2820	641	18	2018-04-16	2020-06-16
2821	407	78	2020-05-19	2020-05-22
2822	53	66	2019-05-01	2020-07-06
2823	341	6	2018-09-17	2020-09-21
2824	30	66	2020-07-04	2020-07-06
2825	330	49	2017-01-06	2018-01-11
2826	480	7	2019-03-01	2020-05-07
2827	166	80	2017-06-07	2018-06-07
2828	681	20	2016-02-16	2016-04-23
2829	679	31	2020-02-22	2020-04-26
2830	578	34	2018-03-24	2018-03-27
2831	941	88	2019-08-19	2020-08-26
2832	979	42	2019-10-26	2019-10-28
2833	330	32	2018-04-28	2019-06-28
2834	709	52	2015-06-20	2016-07-21
2835	67	29	2019-05-19	2019-05-19
2836	363	73	2019-06-14	2020-08-15
2837	605	49	2019-10-17	2020-12-21
2838	904	16	2020-05-15	2020-06-20
2839	74	8	2017-07-24	2017-07-28
2840	726	95	2017-10-15	2019-12-20
2841	65	3	2016-04-05	2018-05-05
2842	13	58	2019-05-23	2020-07-28
2843	59	97	2019-11-13	2019-11-15
2844	915	53	2018-08-20	2019-09-27
2845	750	56	2016-02-27	2018-03-28
2846	581	95	2017-10-21	2019-11-23
2847	737	47	2019-06-03	2019-08-03
2848	849	54	2019-11-27	2019-12-27
2849	344	84	2017-05-09	2017-05-14
2850	109	48	2020-03-04	2020-05-07
2851	346	13	2016-11-03	2016-12-06
2852	251	48	2019-05-23	2020-07-28
2853	283	74	2016-06-23	2018-07-23
2854	410	46	2019-07-27	2019-08-28
2855	793	45	2019-07-06	2020-09-08
2856	254	71	2016-03-11	2017-03-18
2857	399	87	2018-07-21	2019-08-25
2858	499	31	2016-09-11	2016-10-18
2859	857	29	2016-09-22	2016-11-23
2860	355	65	2015-08-27	2015-10-28
2861	144	94	2018-09-07	2019-09-10
2862	675	25	2016-05-18	2018-07-23
2863	665	2	2015-02-27	2016-03-28
2864	909	37	2019-11-16	2020-11-17
2865	750	6	2018-08-24	2018-10-27
2866	372	73	2015-10-26	2015-11-28
2867	99	9	2018-09-17	2018-09-24
2868	983	97	2018-06-20	2018-07-22
2869	518	12	2018-06-19	2019-07-24
2870	464	75	2020-07-21	2020-09-25
2871	464	95	2018-12-15	2020-12-19
2872	201	78	2016-02-10	2017-02-17
2873	41	75	2019-09-07	2020-11-12
2874	622	100	2015-11-03	2016-11-06
2875	247	14	2016-07-10	2018-07-13
2876	383	79	2020-01-01	2020-01-04
2877	507	23	2017-07-07	2017-08-10
2878	109	43	2018-07-22	2020-09-23
2879	524	73	2016-03-11	2016-04-17
2880	630	13	2019-07-26	2019-07-27
2881	49	35	2017-04-11	2018-06-16
2882	34	29	2015-01-06	2016-02-08
2883	261	100	2018-11-03	2019-11-09
2884	371	25	2018-05-17	2019-07-23
2885	303	28	2016-05-11	2016-06-11
2886	985	20	2017-06-17	2017-07-20
2887	409	90	2016-08-21	2018-09-22
2888	102	99	2017-03-14	2019-03-19
2889	34	34	2018-05-14	2019-07-19
2890	65	45	2020-10-01	2020-10-03
2891	740	63	2015-08-21	2017-08-23
2892	702	41	2016-10-14	2018-11-19
2893	694	7	2020-10-16	2020-12-16
2894	275	10	2015-08-17	2017-10-24
2895	678	24	2018-04-26	2018-04-26
2896	464	55	2020-06-28	2020-08-28
2897	835	25	2020-03-24	2020-03-28
2898	929	89	2017-04-25	2019-04-26
2899	997	33	2017-08-21	2019-09-26
2900	775	27	2015-07-12	2017-07-15
2901	301	47	2020-08-28	2020-09-28
2902	496	9	2016-10-23	2016-10-28
2903	500	49	2020-10-26	2020-10-28
2904	87	61	2017-12-04	2018-12-05
2905	415	18	2018-11-10	2020-12-15
2906	328	66	2018-07-02	2018-08-05
2907	941	23	2016-02-08	2016-02-09
2908	455	55	2019-04-12	2020-06-12
2909	568	40	2018-01-25	2018-01-25
2910	94	97	2016-09-05	2017-10-12
2911	968	45	2015-07-09	2015-09-13
2912	511	20	2018-06-20	2019-06-20
2913	314	77	2020-05-10	2020-05-15
2914	682	5	2017-05-17	2017-05-21
2915	833	7	2018-05-22	2019-05-28
2916	772	16	2017-07-11	2018-07-15
2917	2	84	2020-04-24	2020-05-26
2918	472	37	2018-06-23	2020-08-25
2919	185	39	2018-08-17	2019-08-22
2920	928	68	2017-11-01	2019-12-02
2921	545	65	2019-02-07	2020-04-09
2922	20	78	2017-02-13	2019-04-14
2923	265	74	2019-06-25	2019-06-28
2924	157	46	2016-10-10	2017-10-13
2925	996	15	2015-03-11	2016-03-12
2926	614	98	2020-12-08	2020-12-15
2927	291	70	2020-11-03	2020-12-04
2928	440	99	2020-03-02	2020-04-07
2929	390	52	2020-02-03	2020-03-10
2930	846	50	2019-08-16	2019-10-21
2931	609	44	2016-05-28	2017-06-28
2932	656	32	2018-06-01	2019-07-01
2933	398	65	2018-04-14	2020-04-20
2934	895	94	2018-10-06	2018-12-12
2935	758	98	2019-05-10	2020-06-14
2936	755	14	2020-04-22	2020-05-24
2937	965	30	2015-02-26	2017-04-28
2938	198	95	2017-05-07	2019-07-07
2939	333	59	2016-05-04	2017-05-10
2940	100	25	2019-02-21	2019-03-21
2941	289	71	2019-08-28	2020-10-28
2942	423	5	2016-12-13	2017-12-13
2943	530	51	2019-05-19	2019-05-21
2944	593	56	2017-05-25	2017-05-27
2945	222	92	2018-03-17	2018-05-22
2946	321	80	2018-05-21	2018-06-25
2947	240	64	2018-09-17	2020-10-20
2948	815	29	2017-10-01	2018-10-03
2949	2	75	2017-12-02	2019-12-09
2950	692	35	2017-02-02	2017-04-08
2951	72	32	2015-03-10	2016-04-14
2952	536	51	2017-03-07	2019-04-11
2953	435	66	2018-08-07	2019-10-08
2954	646	69	2019-08-01	2020-09-01
2955	65	20	2018-04-13	2019-06-19
2956	560	99	2016-09-21	2017-09-21
2957	812	25	2017-10-23	2019-11-28
2958	465	16	2017-06-07	2017-08-10
2959	622	82	2015-08-12	2016-10-19
2960	258	77	2018-04-28	2018-04-28
2961	205	37	2019-07-14	2020-08-14
2962	413	72	2015-05-26	2015-05-26
2963	286	33	2018-10-18	2019-12-21
2964	527	44	2020-05-02	2020-07-09
2965	87	74	2018-04-11	2020-06-18
2966	518	25	2018-04-03	2019-05-07
2967	869	83	2015-05-06	2017-05-09
2968	195	3	2020-10-02	2020-10-09
2969	858	82	2017-05-26	2017-07-26
2970	867	85	2018-09-27	2018-09-27
2971	535	36	2018-08-23	2019-10-25
2972	9	21	2015-03-01	2017-05-02
2973	698	77	2017-02-07	2019-02-07
2974	783	3	2019-08-08	2020-08-11
2975	62	31	2018-11-26	2018-11-28
2976	139	36	2017-08-14	2019-09-19
2977	543	11	2020-07-23	2020-09-25
2978	933	70	2015-10-04	2016-10-05
2979	105	37	2019-03-13	2019-05-13
2980	852	10	2020-11-03	2020-12-10
2981	49	80	2019-03-27	2020-05-28
2982	453	27	2018-12-18	2019-12-18
2983	823	45	2018-06-26	2018-08-28
2984	482	77	2016-03-11	2016-05-12
2985	371	57	2015-04-08	2017-05-10
2986	238	48	2016-04-15	2017-06-17
2987	736	79	2017-11-21	2018-11-28
2988	17	23	2015-11-22	2016-12-24
2989	470	52	2018-08-15	2019-10-15
2990	270	86	2017-10-20	2017-11-24
2991	250	5	2018-10-13	2018-12-20
2992	202	53	2015-11-17	2016-11-17
2993	737	5	2019-09-13	2019-09-19
2994	356	36	2016-03-04	2016-05-05
2995	397	69	2017-03-06	2018-04-08
2996	747	64	2020-04-01	2020-05-01
2997	514	72	2017-04-09	2019-06-14
2998	37	61	2018-09-11	2019-11-17
2999	608	23	2016-06-22	2018-08-24
3000	74	28	2020-02-20	2020-02-25
3001	328	33	2016-12-09	2018-12-12
3002	393	34	2015-02-11	2017-02-11
3003	213	97	2019-01-26	2020-03-28
3004	41	19	2019-07-24	2020-09-28
3005	18	32	2016-12-28	2016-12-28
3006	846	55	2019-03-28	2019-04-28
3007	991	69	2016-06-19	2018-08-19
3008	575	21	2017-06-19	2019-08-21
3009	753	85	2015-09-25	2017-11-28
3010	663	37	2019-04-07	2020-04-11
3011	972	78	2020-05-21	2020-06-25
3012	888	37	2015-11-27	2016-11-28
3013	94	45	2016-01-07	2017-01-11
3014	789	6	2020-11-01	2020-12-06
3015	244	88	2016-08-16	2016-10-16
3016	139	45	2016-03-27	2016-05-28
3017	129	41	2016-08-15	2017-09-18
3018	641	44	2019-10-16	2020-12-18
3019	960	46	2020-10-03	2020-10-06
3020	469	46	2017-10-08	2017-11-13
3021	328	62	2020-11-25	2020-12-26
3022	18	53	2018-06-23	2018-07-23
3023	136	10	2015-01-24	2016-03-25
3024	27	67	2015-12-13	2017-12-18
3025	644	42	2016-03-07	2016-03-07
3026	299	7	2016-03-05	2017-04-06
3027	757	23	2017-08-02	2018-09-02
3028	161	51	2016-02-22	2018-02-28
3029	643	76	2020-06-28	2020-07-28
3030	890	71	2017-04-14	2017-06-17
3031	46	4	2020-10-12	2020-11-19
3032	575	81	2015-12-01	2017-12-06
3033	264	24	2020-09-02	2020-10-04
3034	341	51	2017-12-08	2017-12-14
3035	677	83	2015-01-13	2016-01-14
3036	509	69	2016-05-14	2017-06-18
3037	215	75	2016-01-10	2016-02-14
3038	917	46	2018-01-13	2018-01-14
3039	247	82	2017-06-21	2018-07-27
3040	684	45	2016-07-13	2016-09-14
3041	757	30	2017-05-02	2019-05-09
3042	466	96	2020-06-11	2020-08-17
3043	815	33	2015-09-05	2017-09-10
3044	426	58	2016-12-22	2016-12-24
3045	449	22	2016-05-20	2018-05-27
3046	401	79	2015-12-27	2016-12-28
3047	428	94	2019-11-20	2019-12-24
3048	944	18	2015-08-12	2016-08-15
3049	266	22	2019-06-25	2020-06-25
3050	132	66	2016-12-03	2018-12-07
3051	437	38	2019-11-26	2019-11-28
3052	62	30	2018-04-04	2019-04-08
3053	189	26	2018-06-04	2020-08-05
3054	300	39	2016-01-24	2017-03-26
3055	893	96	2017-07-03	2019-08-04
3056	358	79	2016-04-10	2017-05-12
3057	948	37	2020-02-11	2020-03-15
3058	547	68	2017-01-05	2019-02-10
3059	870	94	2019-04-02	2019-06-03
3060	367	62	2016-02-24	2017-03-25
3061	161	20	2017-07-06	2018-08-13
3062	44	75	2019-02-05	2020-02-07
3063	486	76	2018-06-14	2018-06-16
3064	164	9	2015-12-20	2015-12-22
3065	921	18	2017-08-28	2017-09-28
3066	110	92	2015-05-17	2016-06-17
3067	371	38	2019-11-27	2020-12-28
3068	333	37	2018-01-26	2018-02-28
3069	945	32	2017-04-25	2017-05-26
3070	36	80	2017-06-08	2018-06-12
3071	373	7	2016-12-14	2016-12-14
3072	187	57	2018-04-07	2020-05-14
3073	773	71	2019-09-03	2019-11-03
3074	74	30	2015-06-14	2017-06-16
3075	515	61	2019-04-27	2019-05-28
3076	678	7	2018-11-16	2018-11-19
3077	376	5	2019-02-13	2020-03-16
3078	201	86	2016-02-01	2018-04-05
3079	350	37	2015-06-27	2015-07-28
3080	597	90	2019-11-03	2020-12-09
3081	814	77	2018-11-06	2018-11-10
3082	805	39	2018-08-26	2019-09-28
3083	829	54	2019-10-16	2019-12-16
3084	212	80	2017-05-04	2018-06-11
3085	275	90	2020-03-17	2020-03-20
3086	183	47	2017-02-18	2018-04-21
3087	690	44	2020-12-23	2020-12-25
3088	726	28	2017-12-26	2019-12-28
3089	139	6	2016-08-27	2017-09-28
3090	806	29	2018-10-08	2019-10-11
3091	913	72	2017-11-07	2017-12-08
3092	79	42	2018-02-01	2020-04-07
3093	786	39	2015-10-13	2015-12-20
3094	331	63	2017-08-02	2019-10-09
3095	354	34	2019-10-16	2020-11-21
3096	458	20	2015-01-15	2017-01-21
3097	597	35	2018-06-12	2020-07-12
3098	319	56	2018-09-08	2020-11-12
3099	897	25	2015-01-15	2015-02-20
3100	402	72	2020-11-22	2020-11-26
3101	573	90	2018-10-26	2019-12-28
3102	397	92	2015-09-25	2017-11-26
3103	386	85	2017-05-09	2018-06-10
3104	305	3	2016-12-23	2016-12-27
3105	447	78	2020-04-20	2020-04-27
3106	58	28	2016-03-05	2018-04-08
3107	128	11	2016-01-15	2018-01-20
3108	383	14	2019-10-16	2020-11-21
3109	691	47	2020-06-01	2020-07-04
3110	931	10	2015-01-12	2017-01-12
3111	160	95	2015-11-06	2017-12-13
3112	779	46	2019-03-13	2019-03-19
3113	973	57	2016-09-06	2018-09-08
3114	638	34	2019-03-12	2020-04-12
3115	404	60	2015-12-24	2017-12-27
3116	659	66	2017-07-12	2019-09-13
3117	890	9	2018-01-17	2018-03-21
3118	752	17	2018-09-22	2020-10-24
3119	300	13	2019-12-06	2020-12-08
3120	754	33	2017-05-06	2018-05-12
3121	211	84	2019-12-08	2020-12-10
3122	162	12	2017-08-24	2019-09-28
3123	571	95	2017-01-28	2017-01-28
3124	202	96	2018-06-20	2020-07-23
3125	648	43	2017-11-12	2017-12-16
3126	600	67	2020-02-23	2020-04-28
3127	555	82	2020-05-26	2020-06-28
3128	28	12	2016-08-05	2018-10-09
3129	690	84	2015-05-23	2015-06-26
3130	791	61	2019-11-18	2020-11-23
3131	747	84	2015-11-20	2016-11-26
3132	172	68	2020-03-16	2020-03-18
3133	491	27	2019-07-21	2020-08-25
3134	343	60	2016-09-24	2018-10-25
3135	798	66	2015-05-06	2017-07-12
3136	157	36	2020-03-05	2020-03-06
3137	403	32	2018-12-13	2020-12-20
3138	7	96	2017-11-24	2018-12-27
3139	229	26	2019-05-23	2020-06-26
3140	190	26	2015-11-08	2015-11-15
3141	7	98	2020-08-17	2020-10-17
3142	729	38	2020-03-06	2020-04-09
3143	173	15	2019-07-17	2020-07-21
3144	473	14	2016-02-13	2018-03-17
3145	608	14	2020-08-09	2020-09-14
3146	975	41	2020-05-15	2020-05-20
3147	786	89	2020-02-13	2020-03-19
3148	895	9	2016-06-10	2017-06-10
3149	310	48	2016-02-04	2018-04-11
3150	894	50	2015-12-11	2015-12-16
3151	466	86	2017-11-07	2018-12-14
3152	77	42	2019-11-05	2019-11-12
3153	503	61	2019-07-18	2020-09-25
3154	110	28	2020-01-20	2020-01-27
3155	116	8	2020-10-09	2020-11-13
3156	67	56	2018-06-24	2019-06-24
3157	776	43	2019-05-10	2019-06-17
3158	771	26	2020-03-05	2020-05-10
3159	217	35	2020-02-03	2020-03-07
3160	887	100	2018-02-15	2019-03-19
3161	762	26	2020-08-10	2020-10-14
3162	876	30	2019-05-04	2020-06-09
3163	563	92	2016-02-22	2018-03-24
3164	806	55	2019-05-16	2020-05-23
3165	682	30	2020-12-27	2020-12-27
3166	670	33	2019-06-04	2020-06-07
3167	143	4	2019-08-04	2020-09-06
3168	674	93	2015-02-21	2017-04-21
3169	753	72	2020-04-12	2020-04-12
3170	379	41	2018-03-10	2018-05-11
3171	727	47	2018-11-12	2020-12-17
3172	783	77	2018-09-09	2019-09-12
3173	402	80	2019-11-15	2020-11-16
3174	166	8	2015-10-13	2016-11-14
3175	576	20	2018-09-07	2020-10-12
3176	954	32	2018-09-01	2019-10-04
3177	530	5	2017-04-13	2019-05-16
3178	51	30	2017-01-02	2017-01-09
3179	156	6	2020-04-11	2020-04-12
3180	211	93	2020-09-22	2020-11-24
3181	566	50	2016-08-25	2018-09-26
3182	275	14	2015-11-01	2016-11-05
3183	343	51	2020-10-13	2020-12-14
3184	23	23	2020-11-17	2020-12-20
3185	691	40	2017-06-21	2019-07-24
3186	715	14	2017-11-24	2018-12-24
3187	751	67	2019-10-03	2020-12-05
3188	453	50	2016-10-27	2016-11-28
3189	185	85	2016-09-22	2018-09-25
3190	636	90	2015-01-23	2015-01-26
3191	440	90	2019-07-10	2020-08-13
3192	552	57	2019-12-25	2019-12-26
3193	220	69	2020-05-17	2020-06-22
3194	876	15	2016-06-22	2017-08-28
3195	212	72	2018-04-05	2018-04-10
3196	638	51	2015-09-15	2017-09-19
3197	108	39	2019-07-25	2020-07-28
3198	109	72	2018-01-11	2020-02-11
3199	605	91	2020-04-05	2020-05-05
3200	973	91	2019-10-25	2020-10-28
3201	163	64	2019-06-10	2019-06-14
3202	690	87	2015-06-05	2016-07-05
3203	507	69	2018-11-23	2020-11-25
3204	458	82	2019-11-10	2020-11-17
3205	797	8	2020-11-21	2020-12-28
3206	87	99	2017-08-21	2017-09-22
3207	2	70	2016-01-03	2017-02-05
3208	242	21	2015-10-19	2015-12-20
3209	662	59	2019-01-03	2020-02-03
3210	544	16	2015-11-12	2015-12-16
3211	150	62	2018-04-26	2019-06-27
3212	700	93	2015-05-24	2017-06-28
3213	507	54	2017-05-16	2018-05-19
3214	25	70	2019-02-04	2020-03-09
3215	313	29	2018-03-03	2019-03-10
3216	633	37	2020-05-10	2020-07-11
3217	895	20	2020-01-22	2020-03-28
3218	427	30	2019-12-11	2019-12-11
3219	639	30	2020-03-18	2020-05-18
3220	219	33	2019-07-14	2020-07-19
3221	967	23	2016-02-15	2016-02-21
3222	948	76	2018-02-23	2019-03-28
3223	213	46	2019-06-13	2020-08-15
3224	857	14	2019-04-23	2020-04-26
3225	33	94	2020-11-03	2020-12-05
3226	722	58	2018-03-12	2020-04-18
3227	433	71	2020-01-24	2020-03-26
3228	278	26	2017-08-25	2018-10-28
3229	228	94	2017-05-13	2018-07-14
3230	501	56	2015-11-05	2015-12-11
3231	605	43	2016-01-26	2018-01-27
3232	47	86	2018-08-16	2019-09-17
3233	860	2	2015-02-17	2017-02-20
3234	254	3	2020-04-01	2020-05-08
3235	826	45	2019-01-18	2019-03-19
3236	388	10	2016-04-16	2017-06-19
3237	869	85	2018-03-21	2020-04-21
3238	526	51	2020-01-19	2020-02-22
3239	379	53	2020-08-14	2020-09-14
3240	802	79	2020-11-07	2020-12-11
3241	313	38	2016-12-10	2018-12-14
3242	832	4	2019-08-28	2019-08-28
3243	936	90	2020-11-19	2020-12-21
3244	882	15	2020-03-09	2020-05-14
3245	495	51	2020-02-16	2020-02-20
3246	514	75	2015-04-04	2017-04-05
3247	298	66	2019-06-27	2019-06-28
3248	39	41	2016-01-20	2016-02-27
3249	918	90	2018-11-27	2018-12-28
3250	232	2	2018-05-18	2019-06-21
3251	357	22	2018-03-18	2019-05-24
3252	487	8	2017-05-13	2018-05-18
3253	424	56	2017-03-11	2018-05-16
3254	506	7	2018-06-03	2020-07-06
3255	196	84	2019-11-08	2019-11-12
3256	403	44	2017-02-21	2017-03-25
3257	91	36	2017-04-21	2018-06-22
3258	850	12	2016-02-05	2016-04-07
3259	135	72	2019-01-04	2020-02-05
3260	827	86	2020-04-03	2020-06-05
3261	686	46	2019-07-03	2020-09-09
3262	563	100	2015-11-13	2015-12-20
3263	50	27	2018-02-16	2019-02-23
3264	194	10	2016-09-10	2017-09-17
3265	669	22	2015-11-27	2016-11-28
3266	708	75	2016-04-24	2018-04-28
3267	877	14	2019-03-21	2020-05-21
3268	984	26	2017-08-03	2017-09-03
3269	399	72	2018-02-08	2020-04-12
3270	83	19	2019-06-07	2019-08-10
3271	841	52	2017-12-28	2018-12-28
3272	707	29	2020-11-18	2020-12-18
3273	441	38	2019-07-28	2020-07-28
3274	621	18	2015-04-16	2015-04-23
3275	452	63	2017-05-14	2018-07-18
3276	546	29	2018-03-07	2020-05-08
3277	441	77	2015-07-07	2015-07-09
3278	783	52	2016-05-27	2018-05-28
3279	258	62	2017-09-06	2017-11-10
3280	361	13	2019-09-02	2020-11-06
3281	41	84	2018-03-25	2018-05-28
3282	88	95	2016-06-14	2018-06-20
3283	180	14	2017-10-15	2017-11-20
3284	676	32	2020-10-27	2020-11-28
3285	226	31	2020-08-12	2020-08-12
3286	524	25	2020-04-28	2020-04-28
3287	325	94	2020-06-14	2020-06-19
3288	442	36	2020-01-13	2020-01-13
3289	725	50	2018-05-13	2019-05-19
3290	457	99	2020-05-24	2020-06-28
3291	108	67	2019-12-06	2019-12-10
3292	186	14	2020-10-01	2020-12-04
3293	625	25	2015-10-11	2015-12-17
3294	279	69	2017-07-27	2018-07-28
3295	470	51	2017-12-25	2018-12-28
3296	938	86	2020-11-08	2020-11-11
3297	690	39	2020-08-27	2020-10-27
3298	551	53	2016-09-04	2016-10-04
3299	902	89	2017-04-19	2017-06-26
3300	906	75	2015-08-01	2017-10-06
3301	996	83	2019-01-09	2020-01-16
3302	599	9	2016-06-03	2018-08-07
3303	889	82	2020-02-02	2020-02-02
3304	645	60	2016-12-07	2017-12-13
3305	682	70	2019-11-17	2020-12-21
3306	444	78	2017-12-27	2018-12-28
3307	995	33	2018-11-19	2018-12-23
3308	336	65	2017-10-16	2019-12-20
3309	362	44	2019-09-27	2019-11-28
3310	494	17	2018-07-21	2020-09-23
3311	319	23	2017-02-02	2018-03-07
3312	576	22	2020-08-09	2020-10-13
3313	521	95	2020-02-26	2020-04-28
3314	908	21	2019-05-26	2019-07-27
3315	808	8	2019-07-10	2019-08-16
3316	393	54	2016-09-08	2018-10-11
3317	946	5	2020-06-22	2020-07-22
3318	517	72	2016-08-17	2018-10-21
3319	639	83	2016-11-27	2018-11-27
3320	775	63	2020-02-12	2020-04-15
3321	510	4	2020-06-28	2020-06-28
3322	800	69	2019-08-09	2020-09-14
3323	688	57	2019-11-11	2020-12-14
3324	511	21	2019-11-11	2020-11-11
3325	620	74	2016-11-25	2017-11-28
3326	630	70	2016-09-08	2018-09-13
3327	583	87	2019-03-27	2019-04-28
3328	611	93	2017-05-26	2019-07-28
3329	623	14	2017-01-04	2019-02-11
3330	61	35	2018-07-14	2020-09-17
3331	776	54	2017-03-14	2019-05-20
3332	506	16	2020-03-01	2020-04-02
3333	409	91	2020-01-26	2020-03-28
3334	500	22	2017-05-05	2019-05-08
3335	351	13	2015-06-09	2017-06-09
3336	297	99	2020-04-20	2020-05-26
3337	582	32	2019-04-21	2020-05-24
3338	495	6	2019-01-20	2020-03-20
3339	5	33	2015-08-28	2017-10-28
3340	578	27	2019-09-04	2020-09-04
3341	151	68	2020-06-05	2020-07-11
3342	144	94	2019-03-12	2019-03-17
3343	388	78	2015-01-16	2015-03-20
3344	64	41	2016-01-22	2016-02-27
3345	988	71	2017-08-06	2019-08-10
3346	877	43	2018-07-24	2020-08-27
3347	209	99	2015-03-28	2016-04-28
3348	29	40	2015-05-18	2015-06-21
3349	184	56	2020-12-06	2020-12-12
3350	422	45	2018-02-26	2019-02-28
3351	835	65	2018-06-24	2020-06-25
3352	948	30	2020-04-05	2020-06-10
3353	526	61	2020-06-16	2020-06-17
3354	292	43	2020-04-11	2020-06-13
3355	434	62	2019-07-04	2020-09-11
3356	118	66	2015-01-05	2016-01-11
3357	760	20	2020-12-22	2020-12-26
3358	424	50	2018-05-06	2019-06-12
3359	556	6	2019-10-19	2020-10-24
3360	386	11	2017-12-12	2017-12-19
3361	313	80	2019-01-08	2020-03-13
3362	112	9	2016-01-06	2016-01-12
3363	187	21	2020-08-27	2020-10-28
3364	762	15	2015-07-03	2016-08-04
3365	191	84	2018-05-15	2020-07-15
3366	279	19	2019-08-16	2020-09-16
3367	615	83	2020-11-19	2020-12-23
3368	224	88	2015-08-27	2016-08-28
3369	871	82	2015-03-22	2017-05-26
3370	327	33	2015-11-20	2017-12-23
3371	9	94	2015-02-09	2015-03-10
3372	245	64	2020-02-16	2020-03-17
3373	48	41	2017-03-22	2018-05-27
3374	80	30	2017-10-21	2017-10-22
3375	627	52	2015-11-20	2016-12-23
3376	134	61	2019-06-20	2020-07-23
3377	431	69	2015-05-15	2017-07-18
3378	117	2	2019-08-23	2020-08-26
3379	608	70	2020-06-16	2020-06-23
3380	518	93	2018-12-10	2018-12-11
3381	885	22	2017-10-07	2019-11-09
3382	366	89	2019-04-11	2020-06-16
3383	335	60	2015-12-12	2016-12-16
3384	431	97	2019-04-06	2020-05-07
3385	860	30	2019-10-12	2020-11-16
3386	757	26	2018-07-19	2020-07-24
3387	780	94	2019-08-06	2020-10-06
3388	118	94	2016-11-14	2017-12-16
3389	66	20	2016-09-14	2016-10-19
3390	22	69	2017-08-22	2017-09-22
3391	508	75	2015-08-07	2016-10-13
3392	197	22	2017-12-11	2019-12-17
3393	962	97	2018-09-25	2018-10-27
3394	556	75	2015-08-27	2016-08-28
3395	606	55	2018-06-07	2020-06-10
3396	76	86	2017-12-08	2019-12-10
3397	470	89	2019-01-15	2020-03-22
3398	358	44	2017-02-05	2018-03-06
3399	554	66	2016-09-24	2017-10-24
3400	653	55	2016-04-05	2017-05-12
3401	311	3	2020-04-19	2020-04-22
3402	13	65	2020-05-15	2020-05-17
3403	666	55	2017-04-20	2019-04-25
3404	90	98	2016-09-25	2017-10-27
3405	382	11	2016-09-10	2018-10-15
3406	363	100	2015-02-08	2015-04-11
3407	900	58	2016-03-15	2016-03-18
3408	219	6	2019-04-17	2020-06-18
3409	305	74	2015-12-01	2017-12-08
3410	537	55	2019-04-14	2019-06-16
3411	448	63	2019-08-09	2019-10-16
3412	873	32	2017-11-05	2018-12-09
3413	380	86	2020-07-26	2020-08-28
3414	895	10	2017-05-04	2019-06-07
3415	382	58	2017-08-01	2019-10-07
3416	514	38	2016-04-21	2017-05-23
3417	921	83	2017-09-07	2019-10-13
3418	964	46	2018-08-25	2019-10-28
3419	875	31	2016-09-16	2016-11-16
3420	772	29	2017-12-16	2018-12-17
3421	456	11	2018-06-26	2019-06-26
3422	411	7	2017-06-03	2017-06-05
3423	701	13	2017-07-12	2018-09-15
3424	936	37	2015-11-04	2016-12-10
3425	531	72	2018-10-13	2018-11-17
3426	985	81	2019-11-09	2020-11-10
3427	853	32	2015-07-08	2017-07-11
3428	179	26	2019-03-13	2020-04-13
3429	769	4	2020-06-15	2020-06-16
3430	422	81	2020-04-05	2020-06-12
3431	9	70	2020-12-07	2020-12-13
3432	178	25	2019-06-06	2020-08-08
3433	259	27	2017-01-07	2019-02-11
3434	995	99	2018-10-03	2020-11-06
3435	391	96	2019-04-23	2020-06-23
3436	275	4	2019-05-23	2019-05-28
3437	385	48	2019-12-25	2020-12-28
3438	6	7	2017-04-07	2018-06-08
3439	304	25	2015-06-04	2016-08-11
3440	62	30	2015-01-09	2016-03-14
3441	351	68	2017-10-17	2018-10-22
3442	861	55	2015-01-02	2016-02-05
3443	82	69	2015-11-20	2017-11-21
3444	959	65	2019-04-08	2020-05-13
3445	660	33	2015-03-28	2017-05-28
3446	924	24	2019-12-13	2020-12-14
3447	664	63	2015-03-23	2017-03-28
3448	24	55	2016-03-17	2018-03-18
3449	167	93	2017-07-03	2017-07-07
3450	181	37	2020-08-23	2020-08-26
3451	179	99	2019-09-02	2020-11-07
3452	403	51	2017-08-11	2019-10-14
3453	194	26	2018-04-23	2018-06-28
3454	641	81	2020-07-13	2020-08-18
3455	617	21	2019-09-11	2020-11-17
3456	747	46	2015-11-24	2016-11-27
3457	633	99	2020-10-26	2020-11-26
3458	722	24	2015-01-11	2015-03-16
3459	815	42	2020-05-19	2020-05-22
3460	988	90	2017-09-06	2019-10-12
3461	622	8	2015-09-26	2017-11-28
3462	109	100	2019-06-18	2019-07-23
3463	200	58	2019-11-14	2020-12-17
3464	145	94	2018-05-06	2020-05-11
3465	741	30	2019-09-04	2020-10-06
3466	138	54	2016-02-27	2016-04-28
3467	599	62	2015-11-17	2016-12-21
3468	790	58	2015-09-10	2017-09-13
3469	480	69	2020-01-16	2020-03-23
3470	348	70	2016-06-24	2017-08-28
3471	712	87	2017-04-12	2018-04-16
3472	20	91	2016-08-25	2016-08-28
3473	16	45	2015-05-03	2017-06-06
3474	370	92	2018-09-04	2020-09-10
3475	353	49	2016-01-21	2018-01-23
3476	882	59	2018-11-04	2020-12-10
3477	644	8	2015-09-08	2016-11-15
3478	659	50	2019-07-07	2020-07-09
3479	162	91	2017-02-10	2017-02-15
3480	629	87	2017-08-08	2019-10-08
3481	954	51	2018-08-07	2020-09-11
3482	347	2	2016-04-04	2018-05-07
3483	475	28	2020-11-21	2020-11-27
3484	299	64	2016-04-21	2017-04-27
3485	686	34	2015-01-23	2015-03-23
3486	458	84	2019-09-11	2019-10-15
3487	693	72	2019-06-28	2020-06-28
3488	729	91	2018-06-12	2020-08-13
3489	880	73	2020-09-09	2020-11-16
3490	726	67	2016-07-05	2018-09-09
3491	988	93	2017-10-15	2017-12-18
3492	21	66	2018-06-18	2020-08-18
3493	614	27	2016-05-01	2016-05-03
3494	658	29	2017-10-09	2017-10-15
3495	441	68	2020-06-20	2020-08-27
3496	491	90	2016-12-16	2017-12-19
3497	300	89	2017-05-22	2017-05-26
3498	489	28	2019-04-22	2020-04-22
3499	276	87	2020-09-01	2020-11-02
3500	327	64	2019-08-12	2020-08-19
3501	685	67	2018-01-14	2019-01-18
3502	842	79	2016-01-23	2017-01-24
3503	307	19	2015-10-10	2017-11-16
3504	111	96	2020-01-14	2020-02-21
3505	106	72	2015-09-02	2017-09-02
3506	630	30	2017-05-05	2018-05-11
3507	666	92	2018-02-11	2020-02-15
3508	547	17	2018-05-21	2020-06-21
3509	332	45	2017-02-03	2017-04-07
3510	397	42	2020-11-19	2020-11-22
3511	152	79	2019-07-05	2020-08-09
3512	909	45	2018-05-07	2019-06-10
3513	608	11	2019-01-20	2019-03-24
3514	326	87	2019-06-09	2020-06-12
3515	390	36	2015-10-21	2015-12-25
3516	48	85	2017-06-08	2018-06-11
3517	944	9	2015-10-16	2016-11-22
3518	96	55	2019-01-23	2020-02-28
3519	205	64	2018-11-09	2018-12-09
3520	822	76	2019-03-20	2020-04-23
3521	30	7	2017-08-19	2019-09-23
3522	440	61	2015-05-17	2015-05-19
3523	904	28	2017-05-11	2019-05-13
3524	87	67	2018-08-03	2019-10-06
3525	636	76	2019-01-12	2020-02-17
3526	212	84	2018-05-19	2018-07-21
3527	551	55	2016-02-27	2017-04-28
3528	257	51	2017-08-03	2019-10-06
3529	757	42	2016-09-10	2018-11-13
3530	512	95	2015-11-09	2015-11-15
3531	500	54	2020-05-16	2020-06-22
3532	818	34	2015-05-08	2017-07-14
3533	552	39	2019-09-11	2019-10-13
3534	843	41	2015-12-17	2016-12-22
3535	885	3	2018-09-15	2020-09-21
3536	123	3	2020-04-06	2020-05-13
3537	708	83	2017-09-22	2018-11-24
3538	591	80	2018-10-26	2018-12-28
3539	440	28	2016-11-01	2017-12-07
3540	911	27	2018-03-22	2020-04-23
3541	822	35	2019-07-13	2019-09-13
3542	884	12	2019-07-18	2020-07-22
3543	184	8	2015-02-16	2017-02-23
3544	345	49	2019-03-10	2019-04-10
3545	91	81	2017-05-22	2017-05-22
3546	188	23	2018-07-04	2019-07-06
3547	230	26	2017-09-07	2019-10-08
3548	515	62	2020-07-27	2020-08-28
3549	63	63	2019-06-28	2019-08-28
3550	803	34	2018-09-20	2018-10-25
3551	564	8	2015-01-06	2017-01-09
3552	637	40	2018-03-24	2019-04-26
3553	943	42	2015-10-21	2016-12-21
3554	868	87	2016-12-09	2018-12-12
3555	24	60	2018-07-22	2019-09-28
3556	34	40	2017-11-28	2018-12-28
3557	955	40	2018-04-23	2020-05-28
3558	143	9	2019-07-27	2020-09-28
3559	527	25	2015-08-17	2017-10-17
3560	781	91	2015-06-26	2015-07-26
3561	961	8	2018-06-19	2020-08-25
3562	701	82	2017-11-07	2017-12-10
3563	91	79	2019-12-28	2020-12-28
3564	57	92	2019-03-24	2020-03-28
3565	711	67	2017-01-22	2018-02-28
3566	24	54	2017-11-18	2019-11-18
3567	827	20	2017-05-10	2017-05-14
3568	713	70	2020-09-12	2020-09-18
3569	835	63	2018-01-16	2019-02-22
3570	729	8	2018-01-23	2019-01-28
3571	956	83	2016-04-01	2017-06-01
3572	584	70	2019-01-18	2019-01-23
3573	860	38	2017-12-03	2019-12-06
3574	279	87	2016-03-20	2018-05-26
3575	650	61	2018-04-08	2018-04-11
3576	478	30	2015-06-20	2017-07-23
3577	932	13	2018-05-08	2018-06-15
3578	188	59	2020-12-02	2020-12-09
3579	933	73	2015-12-23	2016-12-28
3580	230	22	2015-10-12	2016-11-12
3581	283	70	2017-10-09	2018-12-10
3582	119	38	2015-09-07	2016-10-08
3583	764	79	2016-01-03	2018-01-10
3584	782	16	2018-09-10	2019-11-17
3585	77	58	2018-11-16	2020-11-23
3586	251	95	2017-03-23	2019-03-28
3587	787	73	2015-04-12	2015-05-16
3588	485	81	2016-08-02	2018-08-09
3589	395	43	2017-09-13	2019-10-18
3590	755	49	2019-03-03	2020-03-09
3591	540	8	2016-12-12	2017-12-14
3592	280	56	2020-05-27	2020-06-28
3593	105	90	2019-06-17	2020-08-18
3594	323	97	2019-11-13	2019-12-20
3595	903	80	2016-05-24	2018-06-24
3596	677	29	2017-05-18	2018-06-23
3597	623	25	2016-06-20	2018-06-25
3598	612	60	2017-08-19	2018-09-20
3599	121	66	2018-12-15	2018-12-15
3600	37	45	2017-04-14	2017-04-14
3601	233	19	2019-03-07	2020-04-07
3602	125	32	2017-03-07	2018-03-10
3603	1	74	2018-06-26	2019-07-27
3604	919	93	2020-12-11	2020-12-11
3605	340	37	2016-06-19	2017-08-25
3606	258	44	2020-11-26	2020-12-27
3607	465	93	2015-01-11	2015-02-16
3608	295	41	2017-01-08	2019-02-12
3609	663	15	2015-11-24	2015-12-28
3610	514	73	2020-05-11	2020-06-11
3611	650	84	2016-01-01	2016-03-08
3612	78	62	2020-07-23	2020-07-23
3613	907	62	2018-12-03	2020-12-10
3614	226	15	2018-11-11	2020-12-16
3615	408	86	2019-03-19	2020-04-20
3616	402	63	2017-11-23	2017-12-27
3617	942	49	2015-11-08	2015-11-15
3618	984	21	2020-01-18	2020-03-22
3619	244	52	2015-04-25	2015-05-28
3620	666	96	2020-12-19	2020-12-24
3621	523	84	2017-12-25	2019-12-27
3622	42	91	2019-05-24	2020-05-28
3623	504	4	2020-10-16	2020-12-18
3624	454	37	2017-12-11	2018-12-11
3625	407	63	2018-12-02	2020-12-08
3626	874	89	2020-06-28	2020-06-28
3627	197	85	2017-11-10	2017-11-10
3628	861	17	2019-10-17	2019-11-19
3629	274	10	2019-03-17	2020-05-18
3630	305	75	2019-07-07	2020-09-11
3631	409	44	2020-12-27	2020-12-28
3632	13	24	2020-02-20	2020-04-26
3633	709	29	2019-09-24	2020-09-24
3634	799	72	2016-11-05	2016-12-12
3635	644	49	2019-12-18	2019-12-23
3636	984	20	2016-07-10	2018-09-11
3637	328	5	2018-03-02	2019-03-02
3638	865	25	2019-06-07	2020-08-09
3639	710	14	2016-09-27	2018-09-28
3640	663	92	2020-07-25	2020-07-27
3641	632	53	2017-08-25	2017-09-28
3642	725	14	2017-08-07	2017-09-09
3643	84	84	2019-07-07	2019-08-14
3644	437	20	2015-04-07	2016-05-10
3645	167	83	2017-12-27	2017-12-28
3646	586	32	2018-12-22	2019-12-28
3647	672	75	2018-07-23	2019-09-28
3648	100	13	2020-11-25	2020-12-26
3649	751	3	2020-10-05	2020-10-08
3650	69	84	2020-07-05	2020-07-12
3651	486	8	2015-04-07	2016-04-09
3652	252	8	2020-01-17	2020-01-17
3653	787	86	2018-03-24	2018-03-27
3654	269	55	2018-12-27	2018-12-28
3655	727	48	2020-03-06	2020-04-07
3656	245	74	2017-11-20	2018-12-20
3657	531	64	2018-04-17	2020-05-21
3658	952	16	2019-08-02	2020-10-04
3659	526	44	2020-07-25	2020-09-25
3660	447	83	2020-02-23	2020-02-23
3661	131	21	2016-10-01	2016-10-02
3662	691	50	2016-04-09	2017-05-10
3663	252	98	2019-05-14	2020-05-18
3664	209	6	2015-09-22	2017-10-22
3665	979	12	2016-08-16	2018-08-22
3666	3	3	2020-04-07	2020-06-11
3667	319	82	2020-05-17	2020-05-18
3668	970	53	2016-05-25	2018-07-28
3669	791	70	2019-09-06	2019-09-12
3670	187	33	2018-09-25	2020-11-28
3671	590	41	2019-08-26	2020-09-27
3672	935	76	2015-03-16	2017-03-21
3673	669	27	2020-08-02	2020-09-02
3674	136	43	2015-09-08	2016-09-08
3675	12	48	2015-04-27	2017-05-28
3676	717	64	2018-04-02	2018-06-04
3677	172	4	2017-04-02	2017-06-08
3678	93	46	2016-08-07	2016-10-07
3679	199	32	2020-11-18	2020-11-21
3680	341	22	2020-12-27	2020-12-28
3681	514	74	2020-06-28	2020-08-28
3682	311	85	2017-12-13	2017-12-15
3683	172	90	2019-02-07	2019-02-13
3684	778	86	2018-06-13	2020-06-15
3685	54	37	2020-07-26	2020-08-26
3686	940	68	2016-04-18	2017-06-20
3687	910	96	2017-05-27	2019-07-28
3688	770	41	2015-09-11	2015-10-11
3689	988	15	2018-07-15	2020-08-18
3690	790	17	2018-04-21	2019-04-25
3691	501	17	2015-12-17	2015-12-21
3692	997	45	2019-12-12	2019-12-14
3693	413	36	2019-05-06	2020-06-09
3694	882	93	2018-10-21	2018-10-26
3695	697	57	2020-12-10	2020-12-14
3696	474	46	2016-07-14	2018-07-18
3697	288	8	2018-01-06	2018-01-13
3698	399	17	2016-03-03	2018-03-10
3699	693	44	2015-09-28	2017-09-28
3700	368	10	2017-02-10	2018-02-10
3701	841	71	2017-12-12	2018-12-15
3702	391	15	2016-08-14	2017-08-16
3703	838	5	2020-12-16	2020-12-19
3704	500	24	2018-10-16	2020-10-18
3705	45	36	2017-01-13	2017-02-14
3706	813	68	2015-01-10	2017-03-14
3707	91	46	2019-04-20	2019-05-22
3708	244	30	2017-08-28	2017-10-28
3709	936	91	2016-11-06	2018-11-10
3710	643	60	2020-05-05	2020-07-07
3711	180	100	2017-04-12	2018-05-16
3712	744	57	2015-05-24	2016-05-28
3713	770	88	2017-09-18	2018-09-19
3714	786	22	2016-04-26	2017-06-27
3715	360	3	2016-04-04	2016-05-07
3716	847	9	2019-12-27	2020-12-28
3717	48	44	2020-01-06	2020-02-07
3718	100	79	2019-03-08	2020-05-14
3719	73	39	2015-09-22	2017-10-26
3720	969	24	2019-12-27	2019-12-27
3721	856	23	2017-05-01	2019-06-08
3722	335	96	2017-08-22	2017-08-22
3723	104	37	2017-12-20	2017-12-22
3724	515	15	2015-10-25	2015-11-28
3725	182	79	2018-02-01	2020-04-02
3726	699	49	2018-03-25	2020-05-28
3727	418	80	2017-10-04	2017-12-07
3728	806	77	2018-04-27	2018-04-28
3729	903	37	2017-04-10	2017-04-15
3730	326	25	2019-01-01	2020-03-05
3731	543	2	2019-06-14	2020-07-21
3732	105	63	2020-09-06	2020-11-09
3733	567	3	2017-06-11	2019-07-15
3734	967	20	2016-10-22	2017-12-22
3735	483	73	2018-12-18	2020-12-25
3736	866	49	2017-12-24	2019-12-28
3737	867	88	2020-01-09	2020-02-10
3738	719	65	2015-06-28	2017-07-28
3739	618	98	2019-09-17	2020-09-19
3740	360	48	2020-05-09	2020-07-12
3741	595	17	2020-03-26	2020-04-28
3742	31	56	2018-02-16	2019-02-20
3743	395	77	2017-02-05	2019-02-06
3744	80	40	2019-04-24	2020-04-28
3745	404	68	2015-01-09	2016-02-12
3746	698	85	2018-01-09	2020-02-11
3747	298	23	2016-09-19	2018-10-25
3748	24	51	2019-12-03	2020-12-05
3749	928	35	2018-09-26	2019-09-27
3750	456	90	2017-03-23	2019-04-25
3751	635	97	2017-04-27	2019-04-28
3752	149	95	2017-12-17	2017-12-21
3753	353	8	2017-07-20	2017-08-26
3754	92	48	2018-06-13	2018-06-19
3755	152	62	2020-06-09	2020-07-11
3756	861	8	2019-12-18	2020-12-18
3757	676	94	2020-04-28	2020-04-28
3758	832	3	2015-11-14	2015-12-19
3759	516	58	2015-11-28	2017-12-28
3760	711	64	2017-01-23	2018-02-28
3761	75	61	2017-05-02	2019-06-09
3762	91	5	2017-09-19	2018-09-21
3763	411	19	2015-09-25	2017-09-25
3764	310	96	2019-02-24	2020-03-27
3765	168	52	2018-06-03	2019-08-09
3766	576	98	2017-07-23	2018-07-23
3767	41	76	2015-04-03	2015-05-03
3768	124	25	2018-08-26	2018-09-28
3769	892	63	2015-07-06	2016-07-07
3770	753	57	2015-04-28	2017-06-28
3771	227	43	2015-01-06	2015-03-10
3772	496	92	2020-10-04	2020-11-06
3773	239	61	2020-09-25	2020-09-25
3774	29	90	2016-04-09	2017-05-14
3775	176	36	2019-08-15	2020-10-21
3776	715	6	2018-11-08	2019-11-11
3777	295	89	2015-09-27	2015-11-28
3778	325	73	2015-04-15	2016-06-20
3779	817	86	2018-07-24	2020-08-25
3780	676	68	2015-08-13	2015-09-19
3781	979	41	2016-03-16	2018-05-17
3782	654	97	2016-11-26	2016-12-26
3783	661	73	2016-04-09	2017-04-16
3784	564	39	2019-07-02	2020-08-08
3785	139	26	2019-11-19	2020-12-25
3786	608	53	2016-07-13	2018-07-13
3787	509	64	2020-12-05	2020-12-08
3788	987	8	2018-07-20	2020-08-22
3789	637	2	2017-11-17	2017-11-24
3790	942	26	2018-10-13	2018-11-18
3791	560	39	2020-11-04	2020-12-06
3792	820	39	2018-02-24	2018-02-28
3793	308	7	2020-02-09	2020-03-13
3794	390	80	2017-07-23	2019-09-28
3795	791	30	2015-05-24	2017-05-28
3796	411	5	2015-10-01	2016-10-01
3797	492	73	2017-02-28	2019-03-28
3798	980	77	2019-10-13	2020-11-16
3799	908	47	2015-01-21	2015-02-27
3800	812	68	2020-11-26	2020-11-28
3801	417	41	2019-10-17	2019-11-21
3802	631	30	2018-07-08	2019-09-15
3803	825	60	2018-07-17	2019-07-19
3804	419	97	2016-06-21	2018-08-21
3805	22	73	2017-06-22	2017-08-27
3806	84	92	2018-08-24	2019-09-25
3807	837	20	2016-03-13	2018-03-13
3808	871	47	2015-07-13	2017-07-15
3809	324	11	2016-08-26	2018-08-28
3810	739	41	2017-08-20	2018-08-27
3811	101	75	2016-09-20	2018-11-24
3812	373	82	2017-11-18	2019-11-18
3813	3	8	2016-07-02	2018-09-06
3814	159	93	2020-03-27	2020-05-28
3815	997	51	2018-01-11	2019-03-13
3816	276	82	2017-11-19	2017-12-22
3817	774	63	2016-06-20	2016-07-22
3818	691	91	2015-12-17	2017-12-19
3819	536	76	2015-01-09	2017-02-15
3820	900	29	2016-05-19	2017-05-23
3821	555	10	2020-09-17	2020-10-22
3822	323	31	2017-10-13	2019-11-20
3823	221	71	2015-02-25	2015-04-27
3824	987	29	2016-12-27	2017-12-28
3825	794	79	2019-05-28	2020-05-28
3826	679	41	2018-01-19	2018-01-20
3827	791	37	2016-11-20	2016-12-26
3828	247	41	2018-09-25	2019-09-28
3829	531	69	2015-11-08	2015-11-11
3830	101	22	2020-06-08	2020-06-13
3831	73	17	2016-02-03	2016-03-05
3832	603	95	2016-07-04	2017-09-07
3833	76	72	2017-06-26	2018-07-28
3834	802	99	2019-10-02	2020-11-05
3835	253	70	2020-02-18	2020-04-20
3836	935	21	2016-04-22	2017-05-23
3837	831	14	2015-03-16	2017-03-20
3838	601	33	2019-07-18	2019-08-25
3839	443	73	2020-08-08	2020-08-15
3840	119	56	2015-10-02	2015-12-07
3841	930	29	2018-03-20	2019-03-24
3842	279	53	2017-11-02	2019-11-06
3843	377	28	2019-07-21	2020-09-24
3844	786	100	2018-09-09	2019-10-09
3845	140	77	2015-11-19	2015-11-20
3846	866	87	2016-05-17	2016-05-24
3847	741	77	2017-08-25	2017-10-26
3848	14	53	2016-07-20	2018-07-21
3849	940	68	2018-10-03	2018-10-04
3850	376	74	2019-02-12	2020-02-13
3851	489	10	2018-11-03	2020-11-10
3852	710	37	2019-06-24	2020-08-28
3853	144	58	2020-06-21	2020-06-22
3854	734	9	2016-05-26	2018-07-28
3855	1000	49	2015-04-01	2016-06-03
3856	90	59	2015-12-28	2016-12-28
3857	947	85	2017-02-07	2018-03-13
3858	810	39	2015-05-23	2016-07-28
3859	643	70	2019-10-19	2020-12-20
3860	551	91	2020-10-21	2020-11-23
3861	841	33	2019-04-27	2020-05-28
3862	706	68	2019-05-17	2019-06-19
3863	320	24	2017-10-12	2018-10-16
3864	252	26	2017-12-10	2017-12-10
3865	351	65	2018-04-14	2019-06-17
3866	76	67	2015-03-01	2015-03-08
3867	371	98	2016-10-21	2018-12-27
3868	117	6	2019-12-16	2020-12-20
3869	64	35	2016-05-09	2016-06-12
3870	619	35	2020-02-15	2020-04-19
3871	737	18	2019-06-21	2020-08-25
3872	534	24	2017-08-19	2019-08-26
3873	605	29	2016-02-02	2018-02-06
3874	692	42	2015-08-12	2017-09-17
3875	28	30	2016-07-17	2018-09-22
3876	161	78	2018-10-26	2019-11-26
3877	441	29	2019-07-19	2019-08-23
3878	111	4	2019-05-06	2019-05-09
3879	754	39	2020-12-05	2020-12-07
3880	205	75	2017-03-10	2019-04-14
3881	912	9	2017-05-13	2019-05-16
3882	706	81	2015-01-17	2017-02-20
3883	333	10	2017-01-19	2017-01-20
3884	724	32	2019-06-17	2019-08-23
3885	32	6	2016-12-16	2016-12-21
3886	288	14	2017-04-25	2019-05-28
3887	271	96	2016-11-15	2018-12-21
3888	285	76	2017-07-11	2018-08-12
3889	163	20	2019-11-25	2020-12-26
3890	427	68	2019-08-27	2019-08-27
3891	154	33	2019-07-28	2019-08-28
3892	903	92	2016-06-10	2018-08-12
3893	174	75	2020-11-15	2020-11-19
3894	767	74	2020-10-06	2020-12-06
3895	705	11	2019-04-06	2020-06-09
3896	884	74	2020-02-04	2020-03-07
3897	604	58	2019-02-16	2020-04-18
3898	426	53	2020-02-26	2020-04-28
3899	855	77	2020-07-24	2020-09-28
3900	645	41	2015-10-04	2015-11-10
3901	629	96	2020-02-02	2020-04-05
3902	971	73	2018-09-04	2020-11-08
3903	639	90	2020-12-05	2020-12-05
3904	402	8	2016-09-25	2016-10-28
3905	641	88	2016-03-18	2018-05-24
3906	868	9	2015-09-23	2015-11-28
3907	995	2	2016-10-09	2018-11-12
3908	996	69	2017-07-18	2018-07-24
3909	283	80	2017-05-05	2019-06-06
3910	632	15	2020-12-20	2020-12-25
3911	702	90	2015-04-28	2015-06-28
3912	962	4	2015-02-20	2017-02-25
3913	242	33	2020-02-09	2020-03-16
3914	813	45	2018-11-04	2019-12-07
3915	507	94	2016-05-26	2018-06-27
3916	225	91	2016-05-12	2018-07-16
3917	956	65	2015-12-10	2015-12-17
3918	854	62	2018-08-04	2020-09-08
3919	905	82	2015-03-25	2017-04-28
3920	192	40	2019-05-21	2020-07-26
3921	614	90	2018-05-02	2019-05-04
3922	493	11	2015-04-17	2017-05-17
3923	879	56	2018-01-03	2019-03-09
3924	54	66	2019-07-05	2020-09-07
3925	652	42	2017-02-09	2019-02-12
3926	329	80	2016-12-15	2018-12-17
3927	335	56	2017-02-27	2017-03-28
3928	522	70	2017-05-17	2019-07-23
3929	645	25	2017-10-16	2018-11-19
3930	150	14	2015-02-21	2016-02-21
3931	407	84	2017-06-28	2017-07-28
3932	218	29	2017-07-16	2019-08-20
3933	744	94	2016-04-20	2018-06-25
3934	630	30	2018-11-28	2018-12-28
3935	79	26	2020-08-25	2020-09-28
3936	704	71	2020-12-16	2020-12-23
3937	488	95	2015-09-22	2015-11-28
3938	332	34	2018-12-18	2020-12-22
3939	145	73	2020-05-17	2020-05-19
3940	855	37	2019-05-02	2020-05-02
3941	13	3	2019-11-10	2020-12-15
3942	63	81	2016-03-24	2017-03-28
3943	453	87	2020-07-26	2020-08-28
3944	232	93	2019-06-21	2019-06-22
3945	433	58	2020-11-04	2020-12-04
3946	363	87	2015-05-28	2016-06-28
3947	649	7	2017-03-25	2018-05-27
3948	465	4	2016-04-18	2018-04-21
3949	537	15	2020-07-22	2020-09-28
3950	834	18	2020-05-23	2020-07-28
3951	626	93	2017-11-08	2018-11-15
3952	700	77	2016-12-24	2016-12-26
3953	998	71	2017-10-05	2017-12-10
3954	194	13	2017-06-13	2019-07-18
3955	552	41	2016-06-06	2018-07-06
3956	596	50	2019-05-01	2020-07-06
3957	229	19	2019-06-03	2020-07-10
3958	357	69	2016-05-28	2017-07-28
3959	404	56	2020-06-11	2020-08-11
3960	857	19	2018-07-16	2020-08-20
3961	880	42	2020-10-17	2020-10-21
3962	821	83	2016-12-18	2018-12-20
3963	260	60	2016-08-13	2018-10-14
3964	460	77	2016-07-28	2016-07-28
3965	978	40	2019-01-14	2020-03-19
3966	280	10	2017-06-08	2017-08-15
3967	985	19	2016-04-24	2016-05-24
3968	126	37	2017-08-16	2019-09-21
3969	823	8	2017-07-15	2017-07-21
3970	683	88	2015-07-04	2015-07-05
3971	537	48	2020-04-26	2020-04-28
3972	642	41	2017-04-08	2017-04-15
3973	386	92	2017-03-08	2018-05-09
3974	44	36	2020-05-27	2020-07-28
3975	832	4	2017-03-27	2017-04-28
3976	864	75	2015-11-23	2017-11-28
3977	755	76	2015-11-07	2015-12-08
3978	524	5	2017-12-06	2017-12-11
3979	275	48	2017-06-28	2019-07-28
3980	92	6	2019-10-02	2019-10-06
3981	754	88	2016-10-01	2016-10-02
3982	581	31	2016-09-25	2018-10-28
3983	958	90	2018-07-06	2018-09-11
3984	360	39	2017-05-06	2018-05-09
3985	496	95	2016-01-27	2016-02-28
3986	18	64	2015-03-28	2015-04-28
3987	17	14	2015-03-01	2015-05-05
3988	922	27	2017-04-22	2019-05-27
3989	472	32	2018-09-21	2019-10-25
3990	982	71	2019-05-15	2020-06-19
3991	115	51	2018-09-09	2020-09-14
3992	732	46	2015-03-08	2016-05-11
3993	304	42	2017-09-13	2017-09-20
3994	631	24	2015-09-28	2015-09-28
3995	458	21	2018-05-07	2019-05-14
3996	959	2	2018-10-21	2019-12-24
3997	171	74	2016-10-09	2016-11-11
3998	45	28	2020-04-04	2020-04-06
3999	821	86	2019-02-07	2020-04-14
4000	944	32	2018-07-24	2019-09-28
4001	842	46	2020-06-25	2020-06-26
4002	325	38	2018-07-21	2020-09-28
4003	321	41	2020-12-19	2020-12-21
4004	609	59	2018-12-23	2020-12-28
4005	724	55	2019-11-08	2020-12-12
4006	229	61	2017-08-28	2018-09-28
4007	634	16	2019-06-03	2020-07-10
4008	209	88	2017-06-12	2017-08-16
4009	256	73	2016-06-23	2016-08-26
4010	114	92	2020-04-13	2020-06-20
4011	129	69	2016-09-13	2016-10-15
4012	262	3	2020-11-22	2020-12-28
4013	115	40	2018-08-16	2019-10-17
4014	351	74	2019-05-17	2020-06-17
4015	571	93	2020-04-22	2020-05-26
4016	995	4	2017-01-20	2018-01-22
4017	78	32	2018-04-17	2020-06-18
4018	423	38	2017-12-14	2017-12-19
4019	477	91	2017-06-27	2018-08-28
4020	399	70	2015-09-10	2015-11-15
4021	463	77	2020-10-20	2020-12-24
4022	157	13	2015-02-01	2016-02-02
4023	144	83	2018-03-14	2019-03-14
4024	631	44	2016-03-05	2016-04-05
4025	274	26	2016-04-26	2017-06-28
4026	862	100	2015-06-02	2016-07-04
4027	724	68	2016-06-10	2016-07-12
4028	354	58	2018-08-16	2020-09-17
4029	350	79	2015-07-12	2016-07-17
4030	987	69	2015-09-14	2016-11-14
4031	325	20	2015-11-10	2016-11-13
4032	822	78	2018-06-07	2020-08-13
4033	62	100	2016-06-16	2016-08-19
4034	533	69	2020-10-10	2020-12-11
4035	928	63	2015-12-20	2017-12-23
4036	474	69	2018-07-28	2019-09-28
4037	655	25	2019-02-15	2020-04-18
4038	527	61	2019-03-08	2019-05-09
4039	814	9	2020-02-22	2020-02-28
4040	852	5	2018-05-24	2019-07-28
4041	411	44	2020-11-12	2020-12-15
4042	739	36	2015-02-28	2015-02-28
4043	744	82	2015-12-23	2016-12-26
4044	271	47	2015-07-26	2016-08-28
4045	177	79	2020-10-18	2020-11-24
4046	436	69	2020-03-24	2020-03-26
4047	867	29	2019-09-24	2020-11-24
4048	611	75	2018-03-09	2018-05-14
4049	730	81	2019-11-16	2020-12-18
4050	190	80	2015-07-12	2016-09-19
4051	480	6	2020-01-10	2020-02-14
4052	958	57	2015-07-18	2016-07-22
4053	544	38	2020-03-13	2020-04-18
4054	325	2	2018-01-16	2018-02-20
4055	325	6	2019-08-04	2020-09-10
4056	740	43	2018-08-16	2019-09-19
4057	632	37	2015-04-23	2016-05-28
4058	240	45	2016-09-13	2018-10-15
4059	847	54	2017-09-28	2018-09-28
4060	12	94	2018-07-08	2020-09-09
4061	860	82	2016-07-10	2018-09-11
4062	443	19	2020-01-23	2020-02-28
4063	879	71	2020-10-10	2020-10-11
4064	818	46	2019-02-09	2019-03-09
4065	32	14	2018-12-24	2019-12-28
4066	891	85	2020-12-23	2020-12-28
4067	414	49	2016-01-05	2016-02-05
4068	623	57	2020-07-14	2020-07-18
4069	594	60	2019-05-21	2020-07-27
4070	123	41	2020-05-18	2020-05-21
4071	231	46	2018-06-09	2019-06-15
4072	538	64	2016-12-10	2017-12-15
4073	520	49	2020-03-01	2020-03-01
4074	109	61	2018-07-10	2019-08-14
4075	622	16	2019-03-16	2020-04-23
4076	813	12	2020-07-07	2020-09-13
4077	967	50	2018-02-18	2019-02-21
4078	881	96	2017-06-24	2018-08-27
4079	587	42	2019-06-07	2020-07-14
4080	764	99	2017-07-14	2018-08-20
4081	994	6	2019-05-12	2020-06-18
4082	529	31	2020-07-26	2020-08-28
4083	640	70	2017-10-17	2017-10-23
4084	729	62	2015-06-25	2015-07-25
4085	316	51	2015-06-08	2016-07-15
4086	708	4	2020-10-28	2020-10-28
4087	555	74	2017-03-08	2019-04-09
4088	367	64	2019-07-15	2020-08-16
4089	83	81	2015-11-11	2016-11-13
4090	551	23	2015-06-28	2017-08-28
4091	567	36	2015-03-17	2017-04-20
4092	361	48	2020-10-21	2020-12-24
4093	726	4	2016-03-08	2018-03-15
4094	530	52	2020-10-19	2020-12-22
4095	4	83	2019-11-20	2019-12-20
4096	449	15	2017-04-02	2019-04-03
4097	445	81	2020-10-12	2020-11-13
4098	805	59	2016-08-02	2017-08-09
4099	229	47	2020-11-23	2020-11-24
4100	924	8	2020-08-17	2020-08-20
4101	477	18	2015-07-01	2016-09-04
4102	616	4	2017-08-25	2017-10-25
4103	200	84	2015-08-20	2016-08-22
4104	228	36	2020-10-06	2020-10-10
4105	730	26	2016-06-26	2016-08-27
4106	532	57	2016-02-07	2017-02-07
4107	122	83	2015-12-14	2017-12-16
4108	580	93	2015-03-07	2016-05-13
4109	633	96	2017-01-20	2019-01-20
4110	591	28	2016-05-04	2016-07-10
4111	235	90	2017-08-18	2019-09-22
4112	747	30	2017-10-27	2019-12-28
4113	670	89	2015-06-09	2015-07-13
4114	676	18	2019-08-24	2019-08-28
4115	98	30	2016-11-17	2017-11-17
4116	345	68	2018-03-13	2019-04-15
4117	997	92	2019-03-05	2020-05-11
4118	94	75	2019-07-16	2019-09-18
4119	149	47	2015-10-16	2016-12-22
4120	817	65	2016-05-12	2016-07-16
4121	636	54	2016-03-05	2017-05-08
4122	130	75	2018-12-04	2019-12-06
4123	953	36	2020-10-25	2020-11-28
4124	335	55	2016-02-01	2017-03-08
4125	668	81	2018-12-27	2018-12-28
4126	319	28	2015-10-20	2015-10-24
4127	657	89	2019-07-10	2019-07-13
4128	5	33	2015-11-16	2015-12-22
4129	864	33	2020-12-01	2020-12-02
4130	198	42	2017-08-23	2019-08-24
4131	298	54	2015-12-10	2015-12-16
4132	64	44	2018-01-18	2020-03-25
4133	465	65	2017-04-05	2018-05-11
4134	645	23	2018-03-08	2018-03-10
4135	923	37	2019-08-28	2020-08-28
4136	657	79	2020-08-04	2020-08-11
4137	488	17	2018-04-01	2019-05-01
4138	652	71	2018-07-05	2020-09-05
4139	621	62	2020-08-06	2020-10-07
4140	765	43	2018-04-14	2020-04-14
4141	845	16	2016-07-28	2017-08-28
4142	341	62	2015-11-15	2017-11-17
4143	787	16	2020-03-23	2020-03-24
4144	946	22	2017-12-07	2018-12-13
4145	54	30	2019-03-18	2020-04-24
4146	656	59	2019-04-11	2019-06-11
4147	521	77	2017-01-22	2018-01-28
4148	692	99	2019-03-11	2020-05-15
4149	8	53	2015-03-12	2015-05-18
4150	494	11	2017-03-19	2018-03-21
4151	257	70	2016-12-22	2018-12-23
4152	722	83	2016-09-01	2018-10-04
4153	283	20	2017-03-21	2017-04-24
4154	636	4	2016-06-03	2018-08-08
4155	910	8	2016-01-12	2017-02-17
4156	310	30	2020-06-27	2020-07-27
4157	331	27	2017-08-03	2017-08-06
4158	589	78	2020-01-09	2020-03-12
4159	713	26	2015-02-03	2015-02-08
4160	617	41	2015-08-09	2017-10-13
4161	17	44	2018-11-02	2019-11-02
4162	822	68	2019-09-26	2020-09-28
4163	252	92	2015-06-23	2017-07-27
4164	118	22	2019-07-17	2020-08-17
4165	230	81	2017-03-03	2017-04-04
4166	911	17	2020-07-05	2020-09-08
4167	433	51	2017-01-02	2018-02-05
4168	943	27	2019-06-13	2019-06-18
4169	593	30	2016-05-10	2017-06-11
4170	794	4	2015-05-02	2017-06-08
4171	755	12	2018-10-07	2018-11-07
4172	895	25	2020-07-17	2020-09-19
4173	314	34	2016-04-12	2016-05-14
4174	719	8	2019-03-26	2020-04-26
4175	955	65	2015-05-02	2015-07-08
4176	820	99	2015-07-06	2015-07-12
4177	179	50	2016-05-06	2017-06-07
4178	971	5	2020-02-25	2020-04-28
4179	320	24	2017-01-03	2017-03-05
4180	34	10	2017-03-27	2019-05-28
4181	197	68	2020-10-14	2020-11-16
4182	540	79	2016-12-28	2016-12-28
4183	529	19	2018-06-25	2018-08-28
4184	485	82	2020-05-03	2020-07-09
4185	878	31	2015-09-19	2017-09-25
4186	991	31	2016-11-05	2018-11-12
4187	905	76	2020-06-26	2020-08-28
4188	460	95	2019-06-21	2020-06-25
4189	672	98	2018-01-05	2018-03-09
4190	542	47	2020-06-15	2020-07-19
4191	907	14	2020-12-21	2020-12-21
4192	939	62	2018-07-11	2019-07-17
4193	155	25	2019-08-27	2020-09-28
4194	408	17	2016-09-04	2016-11-07
4195	716	34	2017-09-09	2019-11-15
4196	771	58	2018-11-28	2018-11-28
4197	148	37	2017-09-23	2019-11-28
4198	957	72	2017-09-25	2017-09-27
4199	945	97	2020-06-22	2020-08-26
4200	994	79	2015-05-13	2015-06-13
4201	1000	96	2017-12-06	2017-12-07
4202	767	89	2018-11-04	2019-12-11
4203	498	3	2017-09-09	2017-10-10
4204	754	43	2020-05-19	2020-07-25
4205	37	35	2020-01-12	2020-01-17
4206	208	26	2019-01-19	2020-02-22
4207	970	7	2019-05-21	2020-07-26
4208	140	89	2015-02-20	2015-02-23
4209	769	17	2018-08-22	2019-08-22
4210	844	84	2019-06-20	2020-06-21
4211	231	21	2018-12-24	2019-12-28
4212	558	39	2019-09-27	2020-11-27
4213	254	62	2020-01-20	2020-02-25
4214	327	55	2016-11-22	2018-12-25
4215	4	88	2015-09-17	2015-11-23
4216	266	12	2018-07-07	2019-09-11
4217	529	81	2015-11-17	2017-12-22
4218	311	97	2020-07-01	2020-09-04
4219	397	14	2017-10-23	2019-11-26
4220	251	76	2019-07-17	2020-09-24
4221	552	72	2018-08-09	2019-09-12
4222	90	36	2016-09-08	2017-11-13
4223	380	65	2018-09-09	2019-09-09
4224	987	36	2015-01-17	2016-03-24
4225	986	48	2018-07-02	2020-07-07
4226	207	27	2019-01-23	2019-01-25
4227	190	44	2019-01-23	2020-03-28
4228	675	92	2019-12-18	2019-12-20
4229	761	85	2016-03-12	2018-05-15
4230	161	13	2018-07-20	2020-09-26
4231	779	20	2017-03-26	2019-03-28
4232	257	62	2016-11-01	2017-12-08
4233	30	29	2020-07-25	2020-09-27
4234	126	50	2019-02-28	2019-02-28
4235	455	43	2018-04-18	2018-04-25
4236	345	50	2017-04-21	2017-04-27
4237	2	29	2019-02-03	2020-02-03
4238	984	94	2017-04-06	2018-06-12
4239	101	18	2020-04-15	2020-06-17
4240	216	47	2019-04-17	2019-05-17
4241	907	79	2020-01-16	2020-01-18
4242	40	15	2020-02-21	2020-02-24
4243	418	21	2015-03-26	2017-04-27
4244	886	99	2018-05-10	2018-07-11
4245	150	30	2020-05-03	2020-07-04
4246	771	88	2019-07-22	2019-08-25
4247	123	70	2019-11-02	2020-12-06
4248	81	26	2018-11-19	2018-11-19
4249	276	90	2017-01-03	2017-01-03
4250	879	76	2016-01-14	2017-03-15
4251	359	89	2020-06-01	2020-07-01
4252	222	15	2018-05-15	2020-06-18
4253	888	36	2017-01-03	2019-01-07
4254	835	84	2017-04-24	2018-06-27
4255	681	64	2019-12-20	2019-12-25
4256	917	66	2018-06-13	2020-08-15
4257	24	79	2016-09-06	2018-11-07
4258	948	74	2018-07-10	2020-09-14
4259	528	30	2019-07-18	2019-07-23
4260	675	58	2017-07-08	2019-07-11
4261	550	60	2020-02-04	2020-03-08
4262	183	31	2019-04-26	2020-06-28
4263	818	76	2020-12-18	2020-12-25
4264	282	50	2019-04-18	2020-06-23
4265	741	21	2016-12-05	2016-12-05
4266	801	65	2015-04-18	2017-04-18
4267	975	65	2018-11-09	2018-11-16
4268	403	84	2017-07-09	2019-09-14
4269	472	69	2018-06-01	2020-08-03
4270	882	66	2020-05-09	2020-06-12
4271	465	9	2020-05-12	2020-05-12
4272	770	57	2019-06-23	2020-08-26
4273	825	19	2018-12-19	2018-12-25
4274	92	36	2015-02-11	2017-02-18
4275	21	31	2019-02-11	2020-02-13
4276	533	74	2019-05-17	2020-06-18
4277	903	83	2017-11-08	2017-12-13
4278	230	2	2017-09-20	2017-09-26
4279	92	31	2018-01-01	2018-01-04
4280	369	45	2017-08-26	2017-10-28
4281	932	82	2018-01-19	2018-01-22
4282	270	20	2018-09-25	2018-09-28
4283	47	79	2016-07-17	2017-07-22
4284	706	93	2017-04-01	2019-04-01
4285	656	15	2016-03-12	2018-03-17
4286	532	21	2018-08-13	2018-10-14
4287	425	66	2019-12-14	2020-12-16
4288	809	5	2016-07-20	2017-09-20
4289	433	2	2017-05-03	2017-07-06
4290	130	92	2016-03-08	2017-05-08
4291	798	60	2018-06-08	2018-07-11
4292	766	22	2016-02-05	2017-03-11
4293	593	65	2016-07-07	2017-09-09
4294	474	97	2016-03-09	2016-05-16
4295	302	96	2015-10-05	2016-11-12
4296	538	5	2020-10-19	2020-11-25
4297	198	13	2020-05-17	2020-05-23
4298	384	78	2020-09-20	2020-11-27
4299	744	39	2015-06-16	2015-08-16
4300	581	5	2017-03-07	2019-03-09
4301	595	27	2018-09-23	2019-10-26
4302	354	18	2018-01-15	2019-02-20
4303	315	53	2016-01-16	2017-01-20
4304	213	36	2019-10-18	2020-10-25
4305	62	29	2018-10-11	2019-10-18
4306	377	41	2016-07-05	2017-07-06
4307	733	36	2018-06-14	2019-08-20
4308	98	73	2017-10-16	2019-12-23
4309	1000	75	2018-10-10	2019-11-12
4310	690	12	2015-11-27	2015-11-28
4311	404	31	2017-01-20	2019-02-23
4312	539	78	2020-10-13	2020-11-19
4313	157	24	2020-03-11	2020-03-15
4314	258	68	2019-03-14	2020-04-20
4315	318	74	2020-01-06	2020-01-12
4316	757	70	2017-08-21	2019-10-28
4317	570	29	2018-08-12	2019-08-14
4318	569	54	2019-08-09	2019-09-10
4319	466	3	2020-08-14	2020-10-19
4320	120	97	2016-09-15	2016-11-20
4321	111	70	2018-08-13	2019-09-14
4322	894	47	2018-12-28	2020-12-28
4323	620	65	2020-06-18	2020-08-18
4324	93	29	2019-05-04	2020-05-08
4325	587	83	2017-06-17	2017-06-24
4326	435	11	2015-11-12	2016-12-18
4327	116	39	2016-03-02	2018-04-06
4328	194	88	2020-06-06	2020-08-09
4329	675	16	2015-05-10	2015-06-11
4330	450	57	2020-12-06	2020-12-10
4331	498	12	2019-02-15	2019-04-22
4332	85	5	2016-04-25	2017-04-28
4333	622	2	2020-05-27	2020-07-28
4334	669	41	2016-08-28	2017-08-28
4335	970	46	2015-10-05	2016-10-11
4336	402	14	2020-09-05	2020-10-10
4337	134	100	2019-10-28	2019-12-28
4338	892	87	2020-06-18	2020-06-22
4339	959	23	2015-09-09	2015-09-15
4340	99	72	2020-07-02	2020-07-02
4341	36	20	2020-11-27	2020-12-28
4342	142	64	2017-11-11	2017-12-11
4343	866	45	2017-07-11	2017-09-11
4344	105	3	2018-09-28	2019-09-28
4345	888	21	2015-05-22	2015-07-24
4346	718	77	2019-05-16	2020-06-23
4347	679	95	2017-06-24	2017-06-26
4348	807	69	2017-09-10	2019-11-15
4349	728	50	2015-03-12	2015-04-19
4350	52	31	2016-09-03	2017-11-04
4351	562	70	2018-02-10	2020-02-16
4352	242	2	2015-09-12	2017-11-19
4353	831	89	2020-11-12	2020-11-16
4354	345	46	2015-10-12	2017-12-18
4355	618	78	2019-06-09	2020-08-13
4356	471	15	2019-04-04	2019-06-08
4357	525	57	2019-03-23	2019-04-28
4358	566	80	2019-01-09	2019-02-13
4359	803	63	2016-02-17	2018-04-24
4360	449	65	2019-10-21	2019-11-28
4361	952	66	2019-06-17	2020-07-20
4362	472	24	2020-08-15	2020-08-15
4363	842	65	2016-11-02	2016-11-05
4364	146	60	2018-09-10	2020-10-16
4365	661	79	2017-11-12	2017-12-15
4366	307	87	2015-07-14	2017-07-21
4367	418	42	2015-08-11	2016-08-15
4368	957	21	2020-03-25	2020-04-28
4369	859	14	2017-05-10	2017-05-17
4370	369	30	2020-08-05	2020-09-07
4371	238	19	2017-04-04	2018-04-09
4372	121	90	2020-09-24	2020-10-28
4373	630	9	2019-08-14	2020-08-19
4374	37	71	2018-11-11	2019-11-16
4375	349	75	2019-02-07	2020-02-10
4376	985	52	2017-02-19	2018-04-19
4377	407	17	2015-03-27	2017-05-28
4378	985	43	2017-07-23	2017-08-26
4379	64	91	2019-08-02	2020-10-07
4380	901	57	2016-04-05	2016-05-08
4381	96	55	2020-10-03	2020-12-10
4382	682	5	2017-09-08	2019-09-14
4383	934	90	2016-04-18	2016-04-22
4384	502	87	2020-03-13	2020-03-13
4385	615	89	2019-02-14	2020-02-19
4386	859	96	2019-09-20	2020-09-21
4387	747	30	2018-04-26	2018-06-28
4388	720	35	2016-08-04	2017-08-05
4389	558	29	2017-06-10	2018-07-15
4390	769	37	2019-05-02	2020-06-08
4391	900	48	2017-09-15	2017-09-22
4392	13	94	2019-07-04	2019-09-04
4393	547	92	2019-03-10	2019-03-12
4394	430	80	2016-12-16	2018-12-23
4395	69	87	2015-09-07	2016-11-07
4396	129	36	2015-08-18	2015-09-25
4397	88	70	2020-11-08	2020-11-15
4398	285	26	2020-01-05	2020-02-10
4399	909	65	2015-08-03	2016-08-03
4400	915	89	2018-03-17	2020-05-17
4401	992	16	2019-06-13	2020-06-16
4402	664	71	2017-02-21	2018-04-22
4403	70	72	2019-02-08	2020-02-15
4404	606	27	2019-06-07	2020-07-09
4405	120	55	2018-01-27	2020-01-28
4406	660	32	2015-10-20	2015-10-26
4407	257	61	2016-04-25	2016-06-28
4408	511	41	2017-07-22	2019-07-22
4409	461	5	2018-11-24	2018-12-26
4410	294	72	2019-02-12	2019-02-19
4411	879	29	2019-05-20	2020-06-23
4412	213	98	2019-08-05	2020-10-05
4413	379	88	2015-04-15	2015-05-17
4414	285	60	2019-12-27	2020-12-28
4415	319	62	2018-06-10	2018-07-12
4416	716	40	2016-02-12	2016-02-14
4417	856	100	2018-02-12	2018-02-14
4418	530	61	2019-12-17	2020-12-21
4419	322	21	2016-04-25	2018-05-25
4420	820	12	2016-05-22	2016-05-26
4421	88	92	2020-07-01	2020-07-08
4422	613	65	2018-10-28	2019-12-28
4423	980	14	2017-05-13	2019-05-16
4424	452	88	2016-02-13	2016-03-17
4425	820	80	2015-07-09	2016-07-14
4426	605	61	2019-08-02	2020-09-09
4427	731	45	2018-12-28	2018-12-28
4428	513	35	2019-11-24	2020-12-27
4429	851	46	2018-02-09	2018-02-15
4430	241	100	2019-07-25	2020-09-28
4431	135	46	2020-09-21	2020-11-28
4432	133	96	2019-04-19	2020-04-26
4433	652	59	2020-09-22	2020-11-24
4434	615	86	2018-11-14	2020-12-15
4435	686	65	2018-03-11	2018-03-18
4436	607	50	2019-03-16	2020-03-23
4437	416	99	2019-08-21	2020-10-25
4438	569	100	2019-03-01	2020-05-06
4439	6	89	2019-12-15	2019-12-21
4440	451	37	2018-05-12	2019-07-12
4441	706	14	2016-04-24	2016-06-24
4442	176	42	2016-11-19	2018-12-22
4443	646	73	2019-06-14	2020-08-17
4444	538	84	2015-04-06	2016-05-13
4445	773	11	2018-04-01	2019-06-05
4446	318	10	2019-01-11	2019-02-13
4447	476	23	2015-07-21	2017-08-23
4448	142	79	2015-05-16	2017-07-19
4449	1000	78	2015-12-18	2016-12-23
4450	899	35	2015-02-20	2016-03-24
4451	590	99	2016-04-09	2017-05-13
4452	933	69	2019-06-23	2020-06-28
4453	491	65	2016-08-03	2018-08-08
4454	960	59	2018-03-15	2019-03-22
4455	974	98	2019-06-03	2019-07-10
4456	760	9	2015-03-18	2015-05-22
4457	692	43	2019-02-05	2019-02-10
4458	567	7	2019-11-10	2020-11-12
4459	941	64	2017-12-09	2017-12-11
4460	56	12	2018-02-04	2020-04-07
4461	845	86	2018-03-05	2018-05-05
4462	653	6	2019-11-05	2019-11-10
4463	823	50	2016-06-28	2017-08-28
4464	583	2	2019-01-08	2020-02-12
4465	455	46	2017-07-02	2019-09-06
4466	169	13	2018-02-08	2020-02-10
4467	869	12	2015-03-15	2016-03-19
4468	341	27	2017-08-14	2019-08-21
4469	271	31	2015-07-09	2017-09-10
4470	425	100	2015-04-05	2016-04-09
4471	534	40	2016-01-04	2016-02-07
4472	360	43	2015-12-05	2017-12-05
4473	655	58	2019-03-13	2020-04-13
4474	925	33	2015-02-23	2015-03-28
4475	609	95	2017-10-08	2019-12-13
4476	259	96	2019-03-16	2020-04-20
4477	187	81	2017-01-26	2017-02-28
4478	670	18	2017-02-24	2018-04-26
4479	36	35	2016-10-02	2018-12-04
4480	212	78	2019-04-06	2019-05-13
4481	647	90	2016-02-13	2016-04-20
4482	874	85	2018-07-17	2018-09-18
4483	690	37	2017-06-28	2019-07-28
4484	173	55	2019-01-07	2019-01-07
4485	617	12	2016-10-27	2017-12-28
4486	578	76	2019-04-18	2019-04-23
4487	246	58	2015-11-03	2016-12-08
4488	481	13	2018-12-04	2020-12-11
4489	107	94	2019-10-26	2020-12-27
4490	138	51	2017-07-22	2017-09-27
4491	180	21	2019-05-12	2020-05-12
4492	15	7	2015-11-13	2016-11-20
4493	200	13	2018-08-27	2020-10-28
4494	219	90	2019-07-05	2019-07-08
4495	25	30	2017-08-05	2019-09-09
4496	495	67	2017-04-12	2017-06-16
4497	34	67	2018-09-17	2018-09-24
4498	458	27	2020-10-12	2020-12-13
4499	408	32	2019-12-21	2020-12-21
4500	392	46	2016-07-09	2018-07-14
4501	865	52	2017-01-12	2017-01-15
4502	931	9	2017-04-02	2018-05-08
4503	259	53	2017-07-24	2017-08-25
4504	497	56	2018-08-02	2020-09-03
4505	370	73	2019-01-12	2020-02-15
4506	302	41	2019-09-28	2020-09-28
4507	17	8	2018-02-22	2018-04-27
4508	931	16	2019-07-26	2019-09-27
4509	368	65	2018-08-11	2018-10-14
4510	224	97	2017-11-09	2019-11-13
4511	725	79	2016-02-24	2018-03-28
4512	902	7	2019-08-17	2019-10-23
4513	194	65	2020-02-06	2020-04-10
4514	780	31	2017-09-06	2017-10-13
4515	327	6	2020-12-23	2020-12-28
4516	744	32	2020-08-02	2020-09-05
4517	272	77	2019-05-09	2019-06-11
4518	901	76	2019-12-07	2020-12-13
4519	971	41	2017-11-14	2019-12-17
4520	720	57	2019-01-18	2020-01-25
4521	848	7	2015-12-24	2016-12-28
4522	783	49	2018-10-24	2019-12-28
4523	285	60	2017-02-22	2017-03-25
4524	298	86	2017-10-01	2017-12-06
4525	684	37	2016-01-03	2017-01-07
4526	137	81	2016-03-19	2017-05-20
4527	747	98	2020-09-01	2020-09-07
4528	925	16	2015-02-21	2017-03-22
4529	492	63	2018-03-24	2018-04-24
4530	886	54	2018-11-18	2019-12-20
4531	950	22	2018-09-25	2020-11-28
4532	914	86	2020-11-26	2020-12-28
4533	904	78	2016-07-02	2017-07-05
4534	365	11	2017-12-23	2019-12-24
4535	720	92	2018-01-14	2020-03-19
4536	780	19	2016-08-26	2018-09-28
4537	546	93	2018-09-17	2018-10-23
4538	270	87	2019-12-21	2020-12-21
4539	571	2	2017-09-08	2019-11-12
4540	994	79	2019-08-12	2019-09-12
4541	802	100	2018-05-05	2018-05-10
4542	989	25	2020-11-10	2020-12-15
4543	719	31	2019-01-26	2020-02-28
4544	820	15	2019-06-09	2020-06-09
4545	714	23	2019-06-18	2019-08-23
4546	197	86	2019-07-03	2020-08-03
4547	966	30	2016-12-10	2018-12-10
4548	45	16	2017-04-20	2017-05-25
4549	600	88	2017-02-09	2019-02-12
4550	427	51	2019-06-01	2020-08-07
4551	158	79	2018-01-16	2019-01-20
4552	552	17	2015-08-02	2017-10-07
4553	850	83	2020-10-10	2020-10-14
4554	462	33	2016-02-18	2018-03-24
4555	161	57	2020-11-12	2020-11-17
4556	638	6	2017-06-07	2017-08-07
4557	861	42	2018-09-21	2020-11-21
4558	373	13	2020-10-09	2020-11-09
4559	943	92	2016-12-11	2016-12-18
4560	427	74	2016-03-21	2016-04-21
4561	321	24	2018-03-03	2020-03-09
4562	991	61	2017-12-07	2019-12-10
4563	773	54	2015-06-12	2017-06-17
4564	443	12	2019-06-13	2019-06-16
4565	745	33	2019-01-08	2020-03-15
4566	904	8	2015-01-05	2017-03-07
4567	907	67	2018-11-03	2019-12-09
4568	89	99	2016-10-16	2017-10-21
4569	380	14	2018-05-12	2019-05-13
4570	65	100	2017-03-18	2017-04-22
4571	744	93	2016-07-06	2016-09-10
4572	511	86	2018-03-10	2018-05-13
4573	165	34	2020-02-13	2020-02-15
4574	582	27	2016-11-01	2017-12-02
4575	338	68	2019-05-21	2019-07-21
4576	790	38	2020-12-24	2020-12-28
4577	569	43	2019-07-20	2019-08-22
4578	546	81	2019-08-04	2019-10-10
4579	149	42	2016-11-28	2018-12-28
4580	331	58	2017-08-15	2018-08-19
4581	884	28	2018-11-02	2020-11-07
4582	481	32	2019-10-03	2019-11-10
4583	433	47	2016-09-07	2017-11-10
4584	970	29	2019-11-11	2020-12-14
4585	192	36	2017-06-22	2018-07-25
4586	975	51	2020-10-04	2020-11-07
4587	497	52	2020-10-01	2020-12-01
4588	560	50	2015-12-02	2017-12-04
4589	768	2	2019-12-10	2019-12-16
4590	853	54	2015-09-19	2017-11-25
4591	116	71	2019-04-10	2020-04-16
4592	94	15	2018-09-16	2019-11-16
4593	854	27	2016-02-24	2018-04-28
4594	109	30	2018-04-08	2019-05-13
4595	207	36	2015-03-05	2016-04-06
4596	552	26	2017-11-15	2019-11-15
4597	716	10	2017-04-27	2018-06-28
4598	909	77	2018-09-04	2018-11-08
4599	564	58	2016-02-09	2017-04-15
4600	124	65	2016-08-04	2016-08-05
4601	999	68	2019-03-10	2019-03-14
4602	112	65	2019-09-14	2019-09-15
4603	971	27	2020-01-15	2020-02-17
4604	157	32	2018-10-17	2019-12-22
4605	442	29	2016-08-28	2017-10-28
4606	692	27	2015-11-23	2017-11-28
4607	652	92	2017-09-13	2018-11-16
4608	408	53	2020-08-10	2020-08-12
4609	127	71	2019-09-07	2020-11-14
4610	178	56	2017-05-03	2018-06-04
4611	27	66	2019-02-15	2020-02-15
4612	235	32	2020-10-26	2020-12-28
4613	64	68	2018-11-15	2019-12-21
4614	310	97	2020-02-21	2020-04-23
4615	562	29	2017-06-02	2017-06-04
4616	717	100	2020-08-10	2020-09-11
4617	816	82	2017-02-05	2019-02-08
4618	936	26	2015-02-03	2017-04-07
4619	617	14	2018-03-09	2018-03-16
4620	755	38	2016-04-19	2018-05-22
4621	50	37	2015-04-27	2016-05-28
4622	349	88	2018-08-02	2020-10-07
4623	890	94	2018-12-09	2019-12-11
4624	580	17	2017-11-16	2018-12-19
4625	49	48	2019-04-27	2020-05-28
4626	573	67	2017-07-17	2018-08-21
4627	997	56	2016-12-01	2017-12-03
4628	320	93	2018-07-08	2019-08-13
4629	799	73	2016-11-25	2018-12-28
4630	882	2	2020-12-22	2020-12-23
4631	439	52	2017-03-09	2018-03-10
4632	572	14	2016-07-27	2017-07-28
4633	253	77	2018-06-22	2019-08-27
4634	217	97	2018-11-12	2020-12-19
4635	71	88	2015-05-18	2016-07-24
4636	808	44	2020-01-10	2020-02-13
4637	817	46	2016-04-11	2016-04-12
4638	134	39	2015-05-17	2015-06-18
4639	80	85	2016-06-12	2016-08-19
4640	439	11	2017-02-26	2018-03-28
4641	305	71	2016-12-27	2016-12-28
4642	501	63	2016-06-23	2018-06-27
4643	241	15	2015-06-05	2017-07-10
4644	986	3	2017-10-19	2018-11-22
4645	227	27	2020-12-23	2020-12-23
4646	93	99	2020-03-20	2020-05-20
4647	121	41	2017-05-28	2018-06-28
4648	780	82	2019-05-22	2019-06-25
4649	863	78	2020-12-22	2020-12-22
4650	565	74	2019-12-24	2020-12-26
4651	423	54	2017-02-12	2018-03-13
4652	258	32	2017-06-23	2019-06-23
4653	54	56	2017-03-07	2017-05-07
4654	729	82	2020-04-06	2020-05-08
4655	377	73	2017-08-21	2018-09-27
4656	562	94	2017-08-05	2019-10-08
4657	504	23	2015-07-09	2017-08-11
4658	393	84	2018-12-08	2019-12-10
4659	294	16	2015-01-10	2017-01-15
4660	655	77	2018-08-02	2019-08-09
4661	756	57	2019-07-19	2019-09-23
4662	173	93	2019-10-09	2019-11-14
4663	781	83	2016-06-27	2018-07-28
4664	391	43	2020-02-20	2020-02-25
4665	895	63	2017-04-08	2019-05-11
4666	284	83	2020-06-03	2020-07-03
4667	953	20	2020-03-08	2020-04-08
4668	688	27	2020-09-22	2020-09-25
4669	131	39	2016-12-08	2017-12-12
4670	955	91	2015-04-28	2016-04-28
4671	371	23	2016-05-18	2018-06-19
4672	349	59	2019-01-05	2020-01-07
4673	287	64	2017-11-05	2017-12-07
4674	907	97	2017-12-23	2019-12-23
4675	621	98	2018-12-21	2019-12-21
4676	984	83	2016-09-05	2016-10-10
4677	37	54	2017-03-16	2019-04-19
4678	139	10	2015-03-26	2015-03-28
4679	138	87	2015-03-16	2015-04-21
4680	923	30	2018-11-04	2020-12-08
4681	570	23	2016-02-19	2016-04-22
4682	823	37	2020-07-02	2020-09-02
4683	404	26	2017-07-10	2019-08-13
4684	242	77	2019-07-05	2020-09-10
4685	520	81	2019-02-22	2019-03-28
4686	370	28	2020-01-07	2020-02-12
4687	382	53	2018-07-03	2019-09-06
4688	419	37	2017-03-26	2017-05-28
4689	507	18	2018-03-13	2019-03-13
4690	798	5	2019-12-11	2020-12-12
4691	420	5	2020-05-26	2020-07-27
4692	70	93	2015-03-16	2015-05-16
4693	229	82	2016-09-07	2018-10-09
4694	794	85	2019-10-25	2019-11-27
4695	278	85	2017-06-26	2017-07-26
4696	842	79	2017-09-22	2017-09-28
4697	668	32	2017-04-19	2017-05-26
4698	391	70	2018-08-26	2020-08-27
4699	883	41	2016-02-15	2016-03-20
4700	159	95	2017-07-04	2017-08-10
4701	893	89	2019-06-24	2019-07-28
4702	297	43	2017-05-18	2019-07-21
4703	503	16	2018-05-12	2020-06-17
4704	453	91	2017-12-19	2019-12-21
4705	54	45	2016-09-22	2018-10-28
4706	41	56	2018-07-04	2018-08-04
4707	368	26	2018-10-16	2019-10-18
4708	729	33	2017-05-05	2017-06-09
4709	797	73	2019-02-03	2019-03-04
4710	252	15	2018-08-26	2018-08-28
4711	369	85	2019-01-26	2020-01-28
4712	834	21	2019-10-02	2020-11-05
4713	291	18	2018-08-26	2020-10-28
4714	829	57	2016-05-02	2018-07-02
4715	779	60	2017-09-18	2019-11-25
4716	830	21	2020-07-17	2020-07-18
4717	634	61	2016-02-09	2016-02-10
4718	957	92	2016-05-07	2018-07-12
4719	936	18	2016-01-13	2018-03-14
4720	945	26	2016-04-14	2017-06-18
4721	645	90	2016-09-19	2016-11-25
4722	583	29	2017-12-13	2018-12-19
4723	100	58	2019-09-14	2020-10-18
4724	149	4	2016-06-27	2018-08-28
4725	709	31	2015-03-28	2015-04-28
4726	52	73	2020-03-17	2020-03-23
4727	949	57	2016-09-14	2018-09-19
4728	884	69	2019-09-05	2020-10-06
4729	634	91	2020-02-05	2020-03-05
4730	508	34	2020-03-26	2020-05-28
4731	511	39	2017-06-04	2017-07-08
4732	349	73	2016-04-15	2018-04-17
4733	828	47	2017-04-02	2018-06-05
4734	780	6	2015-03-22	2015-05-26
4735	421	87	2015-11-12	2015-12-12
4736	109	97	2018-01-07	2019-01-11
4737	315	37	2018-03-19	2020-04-21
4738	46	43	2018-06-07	2018-06-07
4739	380	78	2016-12-19	2018-12-25
4740	545	65	2017-10-22	2017-11-26
4741	340	76	2016-02-05	2017-04-06
4742	167	28	2019-02-11	2020-04-11
4743	266	60	2020-05-18	2020-05-20
4744	817	98	2020-04-06	2020-04-09
4745	970	96	2015-10-04	2015-10-05
4746	809	99	2016-06-04	2017-06-06
4747	350	6	2018-04-01	2019-04-01
4748	935	71	2017-03-11	2018-04-18
4749	853	71	2020-01-24	2020-01-28
4750	247	10	2019-07-07	2020-07-14
4751	452	16	2017-05-04	2018-07-10
4752	293	62	2017-09-15	2017-11-20
4753	147	56	2018-01-15	2018-01-15
4754	318	85	2020-10-15	2020-10-17
4755	274	65	2018-02-08	2019-04-13
4756	595	59	2018-05-09	2018-06-14
4757	62	9	2015-02-18	2015-03-24
4758	536	33	2017-11-06	2018-12-06
4759	924	6	2019-03-21	2019-04-23
4760	330	56	2017-07-28	2017-09-28
4761	242	68	2020-03-02	2020-05-09
4762	496	82	2016-10-08	2016-12-11
4763	292	31	2018-05-19	2018-07-24
4764	715	48	2015-02-08	2015-03-11
4765	993	12	2018-03-03	2019-03-04
4766	837	4	2015-07-01	2015-08-06
4767	736	52	2019-05-28	2019-05-28
4768	92	77	2019-02-07	2020-02-14
4769	921	83	2018-12-23	2018-12-28
4770	596	22	2016-06-06	2016-06-13
4771	884	59	2016-09-03	2016-09-03
4772	316	2	2019-08-05	2020-08-07
4773	450	57	2020-03-21	2020-04-22
4774	837	37	2020-09-15	2020-09-20
4775	471	12	2016-05-02	2018-07-06
4776	359	75	2017-02-13	2018-03-17
4777	719	49	2019-12-27	2020-12-28
4778	38	77	2019-10-03	2019-12-07
4779	954	3	2020-12-15	2020-12-22
4780	412	6	2016-07-03	2017-07-08
4781	868	29	2018-12-16	2020-12-23
4782	885	63	2020-07-11	2020-07-12
4783	36	47	2018-12-15	2019-12-15
4784	786	67	2018-11-04	2020-11-11
4785	104	70	2015-03-26	2016-04-28
4786	704	2	2016-06-01	2017-06-04
4787	271	32	2020-04-06	2020-06-12
4788	290	100	2018-04-06	2020-06-07
4789	529	13	2018-03-12	2020-04-12
4790	660	26	2016-05-20	2018-06-23
4791	952	75	2019-09-22	2019-11-28
4792	398	91	2015-06-05	2015-06-12
4793	415	27	2015-08-11	2017-09-13
4794	116	16	2015-04-08	2016-04-08
4795	928	60	2020-12-04	2020-12-08
4796	45	65	2020-12-03	2020-12-08
4797	506	95	2018-05-21	2020-06-21
4798	865	20	2016-02-22	2017-02-22
4799	662	54	2018-08-24	2020-10-28
4800	940	55	2020-11-22	2020-12-23
4801	242	44	2019-03-16	2019-05-16
4802	395	84	2017-04-28	2019-05-28
4803	520	22	2015-04-18	2016-04-19
4804	874	52	2016-11-16	2016-12-20
4805	963	59	2017-10-01	2019-10-08
4806	846	59	2016-01-12	2018-03-18
4807	171	78	2018-05-23	2020-05-24
4808	171	13	2020-04-26	2020-04-27
4809	809	45	2018-10-08	2020-11-09
4810	699	16	2015-06-11	2015-07-14
4811	535	80	2018-10-15	2019-10-19
4812	264	18	2017-03-08	2017-04-13
4813	579	42	2017-06-21	2018-06-26
4814	12	87	2018-12-17	2020-12-19
4815	384	97	2020-02-08	2020-04-14
4816	469	94	2019-05-27	2019-06-28
4817	585	12	2019-04-20	2020-05-22
4818	188	34	2016-08-22	2017-08-24
4819	777	97	2016-06-05	2018-07-08
4820	329	25	2016-12-25	2016-12-28
4821	199	8	2017-09-25	2017-11-28
4822	729	33	2018-08-21	2018-09-21
4823	370	92	2019-07-23	2020-08-28
4824	26	65	2019-11-11	2020-11-13
4825	675	69	2019-02-17	2019-03-20
4826	491	99	2016-07-14	2018-09-15
4827	274	5	2018-06-16	2019-06-19
4828	267	40	2018-09-23	2020-10-28
4829	891	46	2016-09-19	2016-09-21
4830	133	7	2020-04-25	2020-04-28
4831	140	40	2018-03-10	2019-03-14
4832	461	62	2015-05-20	2017-07-27
4833	790	96	2017-08-15	2018-10-22
4834	938	32	2019-03-03	2019-05-07
4835	258	41	2017-07-08	2019-08-13
4836	158	13	2017-04-08	2017-04-14
4837	284	22	2018-11-07	2020-11-09
4838	490	57	2018-07-03	2020-09-05
4839	552	69	2015-03-27	2016-05-28
4840	784	5	2017-09-02	2019-09-05
4841	211	85	2016-09-10	2016-09-10
4842	494	5	2019-05-18	2020-05-21
4843	121	19	2018-02-18	2019-03-23
4844	562	75	2019-06-08	2020-06-08
4845	1	36	2017-05-06	2019-07-13
4846	686	35	2017-07-21	2018-09-27
4847	205	67	2019-11-05	2019-12-08
4848	256	15	2019-07-13	2019-08-15
4849	102	60	2017-08-05	2019-10-06
4850	87	26	2015-08-17	2015-10-22
4851	978	85	2016-01-02	2018-03-07
4852	629	91	2020-05-06	2020-07-09
4853	397	83	2019-05-26	2020-07-27
4854	43	35	2015-06-21	2017-08-27
4855	22	3	2016-12-10	2018-12-16
4856	194	72	2017-05-08	2019-07-11
4857	311	47	2017-12-01	2017-12-05
4858	660	94	2019-06-26	2020-06-28
4859	832	38	2020-12-25	2020-12-28
4860	461	25	2017-06-07	2019-08-07
4861	489	46	2015-11-15	2015-12-17
4862	472	89	2015-07-20	2016-07-27
4863	98	19	2019-03-02	2020-03-04
4864	380	96	2018-06-24	2019-08-25
4865	902	70	2018-04-02	2019-06-04
4866	23	27	2018-07-08	2018-07-15
4867	116	83	2019-10-19	2019-10-20
4868	195	19	2016-08-14	2017-08-21
4869	770	84	2016-02-06	2016-03-10
4870	879	15	2017-01-26	2018-03-28
4871	474	23	2018-11-23	2018-12-28
4872	359	99	2018-02-18	2018-04-21
4873	193	27	2018-01-19	2018-02-22
4874	546	75	2020-12-28	2020-12-28
4875	721	27	2019-09-08	2020-09-12
4876	554	48	2020-07-26	2020-09-28
4877	700	37	2017-04-10	2018-06-14
4878	547	7	2020-01-18	2020-03-20
4879	264	83	2019-08-04	2020-08-07
4880	87	65	2018-12-05	2020-12-09
4881	138	4	2016-09-18	2016-10-20
4882	346	80	2019-05-09	2020-05-10
4883	564	4	2020-02-07	2020-02-11
4884	839	56	2017-03-01	2017-03-08
4885	611	24	2015-12-14	2015-12-18
4886	759	54	2016-05-09	2016-07-09
4887	505	71	2017-06-13	2018-06-18
4888	374	75	2015-08-21	2017-09-27
4889	46	9	2015-05-05	2015-05-10
4890	846	57	2015-03-17	2015-05-17
4891	320	48	2016-10-28	2017-10-28
4892	563	5	2019-06-27	2020-08-28
4893	863	49	2015-04-21	2016-05-25
4894	111	3	2020-04-27	2020-06-28
4895	76	10	2017-12-28	2019-12-28
4896	147	93	2019-04-22	2019-06-23
4897	301	24	2019-12-23	2020-12-24
4898	982	81	2018-05-14	2019-06-16
4899	48	95	2015-11-02	2017-12-02
4900	59	9	2019-10-01	2020-10-07
4901	513	9	2018-08-17	2020-09-19
4902	86	44	2019-06-02	2020-07-02
4903	150	27	2020-09-11	2020-11-11
4904	118	74	2016-12-03	2018-12-05
4905	750	41	2015-05-05	2015-07-11
4906	514	24	2016-02-19	2016-03-21
4907	390	45	2016-04-26	2016-06-28
4908	170	77	2020-12-14	2020-12-16
4909	20	49	2020-01-15	2020-02-20
4910	407	25	2016-03-28	2016-05-28
4911	205	11	2020-10-24	2020-12-25
4912	374	28	2018-07-05	2018-08-07
4913	374	70	2020-01-17	2020-01-21
4914	521	7	2020-06-26	2020-07-28
4915	925	27	2015-05-06	2016-06-08
4916	140	13	2016-09-18	2018-10-24
4917	606	15	2015-06-24	2016-07-25
4918	943	88	2020-11-26	2020-12-28
4919	470	83	2016-12-08	2018-12-12
4920	241	21	2015-10-03	2017-11-07
4921	634	94	2017-12-21	2017-12-21
4922	908	23	2017-05-13	2018-05-16
4923	790	80	2017-12-15	2017-12-20
4924	614	15	2015-03-17	2017-04-18
4925	966	62	2017-10-12	2019-11-16
4926	279	62	2019-07-27	2019-09-27
4927	850	42	2020-08-14	2020-08-21
4928	275	24	2017-08-07	2019-09-08
4929	890	25	2020-11-17	2020-11-22
4930	900	23	2016-09-26	2016-10-26
4931	502	79	2015-09-05	2016-11-09
4932	751	84	2019-04-19	2020-05-24
4933	454	70	2020-11-18	2020-12-25
4934	385	52	2020-11-12	2020-12-14
4935	403	18	2019-09-18	2020-10-25
4936	183	15	2020-04-16	2020-05-16
4937	704	100	2020-10-11	2020-12-14
4938	906	80	2018-12-21	2020-12-23
4939	574	23	2018-10-03	2018-11-10
4940	159	60	2018-07-25	2019-08-28
4941	2	41	2020-04-23	2020-06-27
4942	730	67	2019-03-26	2020-03-28
4943	390	65	2015-04-03	2017-05-07
4944	867	45	2020-04-18	2020-05-21
4945	129	82	2017-01-20	2018-03-22
4946	761	94	2019-08-11	2020-09-13
4947	936	42	2018-12-14	2019-12-21
4948	555	6	2019-01-28	2020-02-28
4949	424	57	2018-11-18	2020-12-22
4950	652	33	2015-09-14	2016-09-18
4951	760	96	2020-07-15	2020-07-16
4952	997	53	2018-11-10	2020-11-16
4953	907	4	2017-10-25	2017-11-26
4954	766	28	2018-01-22	2018-03-28
4955	110	30	2016-10-20	2017-11-27
4956	886	46	2016-08-23	2017-10-27
4957	857	29	2016-05-03	2016-07-04
4958	441	76	2018-11-17	2020-12-19
4959	57	13	2019-10-23	2019-10-24
4960	98	5	2017-06-23	2018-07-28
4961	528	53	2016-08-04	2016-10-06
4962	969	43	2017-08-13	2018-08-19
4963	98	6	2017-06-21	2017-06-21
4964	942	20	2020-11-11	2020-12-14
4965	40	24	2018-07-02	2019-07-03
4966	754	14	2019-04-02	2020-04-03
4967	960	21	2018-02-11	2018-03-14
4968	261	76	2018-03-03	2018-03-03
4969	673	61	2017-03-22	2019-03-28
4970	435	98	2015-08-07	2016-09-07
4971	58	35	2019-04-11	2020-04-13
4972	763	46	2020-07-24	2020-07-28
4973	635	78	2016-08-09	2018-09-12
4974	862	10	2018-01-01	2019-02-06
4975	967	7	2020-09-13	2020-10-14
4976	325	74	2016-09-03	2017-11-08
4977	754	81	2018-03-10	2018-04-16
4978	551	86	2016-05-04	2017-07-07
4979	411	67	2020-05-06	2020-05-10
4980	588	3	2019-07-27	2020-07-27
4981	992	39	2016-12-28	2018-12-28
4982	62	26	2019-08-21	2019-09-24
4983	90	37	2020-12-26	2020-12-28
4984	301	41	2016-09-01	2017-09-07
4985	874	21	2017-12-19	2017-12-22
4986	743	77	2016-01-09	2017-03-11
4987	867	60	2020-03-07	2020-04-10
4988	611	85	2015-08-24	2017-08-28
4989	549	67	2020-10-13	2020-10-15
4990	69	46	2019-05-08	2020-05-15
4991	103	73	2015-12-10	2015-12-16
4992	165	8	2016-05-18	2018-05-18
4993	552	20	2017-12-20	2017-12-26
4994	534	58	2017-05-28	2018-07-28
4995	785	95	2017-06-03	2017-07-06
4996	439	32	2016-08-21	2016-10-23
4997	757	85	2017-09-13	2018-10-19
4998	598	72	2018-12-20	2019-12-21
4999	353	82	2017-05-24	2017-06-28
5000	213	26	2015-04-25	2016-06-26
5001	477	4	2016-01-11	2018-03-15
5002	208	53	2015-04-16	2017-06-18
5003	185	33	2016-01-09	2018-01-13
5004	799	68	2017-07-25	2018-07-28
5005	218	97	2015-03-21	2015-05-23
5006	147	29	2018-01-20	2020-02-26
5007	990	54	2016-06-08	2018-08-12
5008	425	66	2017-09-27	2018-09-28
5009	800	15	2015-12-18	2016-12-23
5010	362	86	2020-04-11	2020-06-11
5011	784	5	2016-11-14	2018-11-14
5012	639	20	2018-11-10	2019-11-10
5013	241	47	2016-07-09	2018-08-15
5014	696	27	2015-11-18	2017-12-19
5015	889	91	2016-10-03	2017-12-08
5016	272	32	2020-10-26	2020-12-28
5017	568	47	2019-07-14	2020-09-15
5018	734	18	2016-01-12	2018-02-14
5019	215	42	2016-04-05	2018-04-06
5020	394	19	2019-10-07	2020-10-11
5021	762	15	2016-06-16	2017-07-20
5022	990	80	2018-09-20	2019-11-22
5023	106	12	2018-05-10	2019-05-11
5024	549	45	2019-02-25	2019-03-28
5025	885	76	2015-09-28	2016-11-28
5026	14	81	2020-04-06	2020-06-10
5027	973	74	2017-03-23	2018-04-28
5028	292	99	2016-09-14	2018-10-14
5029	397	5	2017-03-02	2018-03-06
5030	577	3	2016-10-03	2018-12-08
5031	834	3	2019-09-23	2020-11-26
5032	153	19	2019-03-27	2020-05-28
5033	161	54	2020-07-27	2020-07-28
5034	713	6	2017-07-14	2018-09-20
5035	743	90	2017-09-17	2017-09-18
5036	495	76	2016-05-21	2018-06-25
5037	863	44	2015-07-23	2015-09-25
5038	507	32	2020-12-18	2020-12-22
5039	185	72	2019-11-11	2019-11-11
5040	719	19	2019-07-08	2019-08-12
5041	969	33	2015-01-07	2017-03-12
5042	416	7	2019-12-11	2020-12-14
5043	395	94	2019-06-11	2020-07-11
5044	408	57	2017-02-23	2019-04-28
5045	44	81	2018-04-03	2018-06-08
5046	171	36	2020-03-27	2020-03-27
5047	992	56	2015-08-15	2015-08-22
5048	748	5	2015-01-27	2017-02-28
5049	205	70	2019-07-21	2020-07-22
5050	861	9	2015-06-09	2016-06-10
5051	786	42	2015-03-03	2015-04-06
5052	449	19	2019-07-08	2019-07-12
5053	311	60	2016-06-25	2016-08-28
5054	426	13	2015-02-06	2016-04-09
5055	380	79	2020-10-16	2020-12-18
5056	989	59	2015-01-21	2017-02-21
5057	794	43	2015-08-14	2016-09-21
5058	807	45	2019-10-03	2019-11-06
5059	484	55	2017-02-05	2019-02-12
5060	44	13	2019-07-03	2019-07-03
5061	695	47	2019-03-01	2020-03-02
5062	318	53	2019-07-17	2020-08-19
5063	238	53	2018-10-06	2018-12-06
5064	684	19	2017-06-25	2019-06-28
5065	645	43	2016-09-28	2018-09-28
5066	819	73	2017-08-26	2018-10-28
5067	538	48	2016-03-28	2016-04-28
5068	158	50	2017-02-14	2019-04-20
5069	63	12	2020-08-13	2020-09-19
5070	655	5	2018-08-10	2020-09-13
5071	957	12	2020-11-14	2020-11-17
5072	960	70	2020-11-14	2020-12-21
5073	591	78	2016-11-20	2018-11-25
5074	284	77	2018-07-01	2018-07-02
5075	250	56	2017-12-26	2019-12-28
5076	322	26	2016-06-17	2016-06-21
5077	850	84	2016-07-04	2017-07-06
5078	621	49	2019-11-19	2019-12-20
5079	224	90	2015-01-13	2016-03-13
5080	612	62	2020-04-15	2020-05-22
5081	771	35	2020-08-10	2020-10-14
5082	282	53	2020-01-07	2020-01-11
5083	916	93	2016-07-18	2016-07-19
5084	270	9	2020-03-02	2020-05-03
5085	279	47	2016-10-27	2018-10-28
5086	127	59	2015-04-07	2015-05-09
5087	315	9	2020-09-03	2020-09-03
5088	184	9	2015-01-08	2017-02-08
5089	37	34	2016-04-22	2017-05-22
5090	838	49	2020-09-16	2020-10-21
5091	655	22	2015-02-15	2015-03-16
5092	519	4	2015-02-08	2017-02-10
5093	574	30	2020-12-28	2020-12-28
5094	779	18	2020-10-19	2020-12-21
5095	520	52	2019-02-12	2020-03-15
5096	555	94	2017-11-16	2019-12-22
5097	596	61	2018-01-02	2020-02-05
5098	378	27	2020-01-11	2020-03-18
5099	506	8	2016-04-08	2018-04-10
5100	208	10	2020-03-17	2020-05-20
5101	830	91	2016-02-15	2017-04-17
5102	592	4	2016-07-08	2016-08-12
5103	545	11	2018-01-14	2019-01-19
5104	693	89	2018-01-26	2018-02-26
5105	664	18	2015-11-05	2017-11-08
5106	588	90	2020-01-09	2020-02-16
5107	507	55	2018-04-03	2020-04-08
5108	376	98	2018-09-25	2018-09-28
5109	16	79	2020-02-23	2020-04-28
5110	466	99	2016-04-07	2016-05-11
5111	493	83	2018-02-04	2018-03-04
5112	824	8	2020-02-07	2020-03-11
5113	852	64	2015-09-02	2015-09-03
5114	466	32	2017-10-21	2017-10-28
5115	380	64	2019-07-24	2020-08-28
5116	53	9	2017-10-24	2019-10-26
5117	387	97	2016-11-08	2017-12-08
5118	516	85	2015-01-16	2017-02-19
5119	353	17	2020-07-22	2020-07-23
5120	894	26	2015-06-26	2015-08-27
5121	275	30	2017-10-20	2018-11-24
5122	166	58	2016-03-19	2017-04-26
5123	995	16	2017-10-26	2018-12-26
5124	309	21	2017-12-15	2017-12-18
5125	89	19	2016-11-08	2016-12-08
5126	151	76	2018-12-24	2018-12-24
5127	1	96	2019-12-16	2019-12-21
5128	235	98	2016-06-06	2018-08-11
5129	740	43	2018-11-28	2020-11-28
5130	115	42	2017-02-23	2019-03-24
5131	535	5	2018-02-20	2020-03-22
5132	370	51	2020-04-17	2020-05-19
5133	956	13	2020-09-19	2020-11-26
5134	489	78	2019-02-05	2020-02-09
5135	613	36	2016-07-22	2017-09-28
5136	93	6	2016-03-19	2016-04-25
5137	991	22	2015-02-26	2017-03-28
5138	354	32	2019-03-19	2020-04-24
5139	985	81	2017-03-05	2019-05-10
5140	13	28	2015-01-19	2017-02-24
5141	838	13	2020-02-13	2020-04-15
5142	667	4	2018-06-22	2020-06-28
5143	409	50	2017-01-22	2019-03-28
5144	782	81	2019-01-20	2020-01-22
5145	517	13	2017-09-08	2018-10-11
5146	203	89	2019-10-04	2019-10-08
5147	723	78	2017-01-06	2017-03-13
5148	87	80	2020-12-11	2020-12-17
5149	260	56	2016-06-24	2016-07-28
5150	466	46	2020-04-28	2020-06-28
5151	335	78	2018-08-23	2019-10-27
5152	61	10	2019-09-02	2019-11-07
5153	772	18	2018-04-01	2020-06-08
5154	329	98	2020-11-19	2020-12-25
5155	274	62	2015-02-24	2017-02-25
5156	468	6	2017-10-25	2019-11-27
5157	289	33	2016-01-05	2016-03-10
5158	513	8	2020-12-12	2020-12-19
5159	777	90	2016-12-01	2017-12-05
5160	948	65	2016-12-03	2018-12-06
5161	640	83	2019-12-01	2020-12-02
5162	435	73	2020-06-27	2020-08-28
5163	801	23	2018-10-13	2018-10-19
5164	824	82	2015-07-08	2016-08-11
5165	941	93	2016-02-20	2016-03-20
5166	340	22	2020-12-10	2020-12-16
5167	783	18	2019-03-03	2020-05-04
5168	844	96	2020-10-08	2020-10-15
5169	342	16	2020-05-27	2020-06-27
5170	129	23	2016-07-21	2018-07-26
5171	184	55	2017-06-28	2018-08-28
5172	885	73	2018-08-18	2020-08-25
5173	369	77	2018-07-09	2018-08-09
5174	198	93	2019-05-21	2020-07-21
5175	112	49	2018-06-08	2020-07-09
5176	132	96	2016-09-24	2016-11-26
5177	248	8	2017-09-14	2019-10-17
5178	391	43	2015-12-02	2016-12-07
5179	871	7	2020-06-15	2020-07-22
5180	129	98	2020-09-01	2020-09-04
5181	398	67	2015-01-23	2017-01-24
5182	788	75	2020-07-27	2020-07-28
5183	138	41	2019-11-14	2020-12-15
5184	358	5	2017-01-14	2018-03-17
5185	485	63	2017-06-17	2019-07-19
5186	234	11	2019-05-24	2020-07-28
5187	773	82	2016-04-24	2016-06-24
5188	358	72	2019-08-28	2020-09-28
5189	553	69	2019-02-12	2019-02-18
5190	323	82	2020-09-05	2020-10-09
5191	28	48	2020-07-12	2020-09-17
5192	97	23	2017-05-12	2019-07-16
5193	564	95	2019-08-27	2020-10-28
5194	394	97	2015-05-21	2017-06-23
5195	659	94	2016-03-24	2016-05-27
5196	280	84	2016-05-11	2018-05-17
5197	628	59	2015-05-16	2015-05-19
5198	466	81	2016-10-19	2018-11-23
5199	846	95	2018-07-11	2018-09-13
5200	717	89	2017-01-01	2017-03-01
5201	639	40	2019-05-03	2020-05-07
5202	92	98	2015-01-11	2015-03-18
5203	890	42	2020-06-11	2020-06-11
5204	262	84	2015-05-15	2017-05-16
5205	256	41	2020-09-16	2020-09-20
5206	977	83	2017-07-05	2018-09-10
5207	329	79	2015-05-18	2017-07-23
5208	874	2	2017-02-23	2019-02-23
5209	397	100	2019-09-02	2020-10-03
5210	896	8	2015-09-01	2016-10-08
5211	702	8	2018-05-27	2018-07-28
5212	43	12	2017-01-14	2017-01-19
5213	483	45	2020-12-08	2020-12-13
5214	393	91	2016-12-11	2016-12-17
5215	712	56	2016-01-28	2017-01-28
5216	244	27	2018-09-08	2018-09-08
5217	146	48	2017-10-13	2017-10-15
5218	629	29	2016-10-11	2016-11-15
5219	245	18	2015-07-17	2017-07-24
5220	823	24	2017-08-10	2018-09-14
5221	784	67	2017-09-11	2018-11-12
5222	386	52	2016-06-11	2016-07-18
5223	330	94	2018-01-13	2020-03-18
5224	291	25	2020-08-25	2020-08-28
5225	497	14	2020-04-24	2020-05-25
5226	826	68	2017-10-05	2018-12-05
5227	142	65	2015-04-28	2015-05-28
5228	871	21	2015-02-08	2017-04-10
5229	795	88	2018-10-19	2018-11-24
5230	130	23	2016-02-23	2017-03-27
5231	565	9	2015-03-08	2015-03-12
5232	350	79	2015-11-15	2015-12-18
5233	802	56	2018-02-04	2020-03-09
5234	365	92	2020-12-26	2020-12-28
5235	811	27	2015-08-09	2017-08-14
5236	681	71	2015-01-25	2017-03-28
5237	236	23	2017-10-25	2018-12-28
5238	95	36	2018-07-16	2019-08-23
5239	106	35	2015-09-23	2015-11-28
5240	714	22	2018-02-11	2020-02-17
5241	547	70	2016-06-12	2018-06-16
5242	976	86	2018-08-14	2020-10-17
5243	373	98	2018-07-13	2020-09-14
5244	166	23	2015-09-03	2016-11-09
5245	84	31	2019-05-05	2020-07-12
5246	996	89	2016-04-17	2017-05-18
5247	87	94	2019-10-22	2020-11-25
5248	424	24	2018-10-07	2020-12-12
5249	359	36	2018-11-23	2018-12-27
5250	758	67	2019-10-10	2020-12-10
5251	842	65	2020-02-07	2020-02-10
5252	882	62	2016-04-01	2016-06-01
5253	813	23	2015-05-23	2017-06-23
5254	540	10	2020-12-02	2020-12-05
5255	62	53	2016-07-14	2017-08-19
5256	104	49	2017-07-01	2019-09-04
5257	301	88	2017-04-13	2018-05-16
5258	709	78	2017-08-13	2018-09-17
5259	143	82	2017-09-09	2019-09-13
5260	375	57	2017-10-22	2019-11-28
5261	738	16	2019-02-02	2020-03-03
5262	643	53	2020-07-14	2020-08-18
5263	11	99	2018-02-28	2019-02-28
5264	168	85	2017-08-12	2019-10-16
5265	50	99	2015-01-26	2017-01-26
5266	388	52	2016-01-20	2016-02-20
5267	35	78	2020-09-16	2020-11-22
5268	394	46	2018-11-07	2019-11-12
5269	537	46	2020-12-17	2020-12-24
5270	232	100	2019-10-15	2020-12-19
5271	427	44	2016-02-28	2018-03-28
5272	290	55	2018-04-07	2020-04-09
5273	521	41	2018-10-14	2018-12-16
5274	721	49	2017-10-07	2017-12-08
5275	88	12	2019-07-22	2020-09-28
5276	697	30	2015-08-09	2016-09-15
5277	880	34	2016-04-05	2016-06-05
5278	883	84	2015-02-07	2015-04-14
5279	611	84	2017-09-26	2017-09-28
5280	496	44	2019-05-18	2020-07-24
5281	625	80	2017-04-28	2019-05-28
5282	71	52	2020-07-15	2020-07-20
5283	225	9	2017-07-26	2017-09-28
5284	378	88	2018-01-10	2019-02-12
5285	907	30	2017-04-12	2018-06-17
5286	900	14	2018-04-14	2018-04-18
5287	131	32	2019-10-14	2019-10-16
5288	788	96	2019-04-10	2020-04-15
5289	12	32	2019-11-16	2019-12-19
5290	875	51	2015-02-09	2017-04-11
5291	488	9	2018-06-25	2019-08-26
5292	409	61	2019-03-06	2020-04-13
5293	283	64	2015-05-24	2015-06-24
5294	586	33	2019-04-19	2020-06-19
5295	978	7	2019-06-19	2020-06-26
5296	563	18	2015-05-23	2015-05-28
5297	676	18	2020-02-19	2020-02-25
5298	420	2	2019-06-22	2019-06-28
5299	466	70	2015-08-06	2016-10-07
5300	916	9	2020-12-22	2020-12-23
5301	382	50	2018-08-07	2019-08-12
5302	943	79	2017-09-07	2018-11-11
5303	996	34	2018-03-14	2018-05-18
5304	823	70	2018-06-12	2020-07-12
5305	751	79	2015-08-21	2016-09-23
5306	331	48	2020-04-28	2020-06-28
5307	156	26	2017-08-17	2017-09-24
5308	705	67	2016-10-03	2017-10-07
5309	143	48	2018-10-25	2020-12-28
5310	577	75	2016-12-10	2018-12-12
5311	4	54	2015-08-24	2017-09-25
5312	941	57	2016-05-04	2018-05-10
5313	972	51	2018-08-16	2019-10-17
5314	576	76	2016-05-12	2018-05-17
5315	600	6	2018-11-10	2018-12-17
5316	20	15	2020-02-12	2020-04-13
5317	809	20	2018-07-19	2020-08-25
5318	345	13	2017-09-19	2019-10-22
5319	372	30	2018-09-04	2018-09-09
5320	984	51	2018-04-22	2018-04-22
5321	176	39	2019-07-18	2020-08-24
5322	562	30	2015-03-07	2016-03-08
5323	703	99	2020-08-23	2020-09-28
5324	901	90	2020-11-14	2020-11-17
5325	957	51	2017-10-16	2017-10-16
5326	228	66	2018-04-01	2018-04-02
5327	912	68	2018-03-04	2020-04-09
5328	615	26	2020-12-12	2020-12-19
5329	543	97	2016-09-16	2018-11-20
5330	608	66	2015-03-26	2017-05-28
5331	803	41	2016-06-15	2018-06-16
5332	77	54	2016-01-04	2017-03-04
5333	980	20	2018-05-19	2018-07-19
5334	803	31	2020-08-26	2020-09-28
5335	461	63	2018-02-22	2020-03-24
5336	956	80	2020-04-10	2020-04-16
5337	426	54	2017-09-20	2019-11-22
5338	942	83	2015-07-07	2017-08-14
5339	632	14	2020-12-28	2020-12-28
5340	265	97	2019-12-28	2019-12-28
5341	522	40	2020-04-03	2020-05-04
5342	105	51	2019-04-14	2020-05-19
5343	250	56	2019-06-05	2020-07-06
5344	811	7	2018-06-09	2019-07-10
5345	840	65	2018-01-05	2019-03-07
5346	468	97	2017-07-20	2018-08-27
5347	331	90	2018-11-11	2018-12-15
5348	710	100	2016-10-22	2017-10-27
5349	582	87	2016-01-27	2017-03-28
5350	301	63	2018-03-01	2019-04-06
5351	772	31	2020-09-01	2020-10-01
5352	378	68	2015-05-04	2017-06-08
5353	796	15	2015-05-22	2017-07-26
5354	806	89	2018-02-24	2018-04-28
5355	266	64	2015-04-10	2017-04-12
5356	477	69	2016-05-04	2018-05-07
5357	845	5	2015-07-15	2016-07-17
5358	752	3	2015-11-02	2015-12-07
5359	508	49	2016-10-10	2017-10-10
5360	777	75	2019-08-01	2019-10-05
5361	374	27	2020-08-07	2020-10-08
5362	767	31	2018-07-11	2020-09-14
5363	30	6	2016-08-19	2018-09-21
5364	291	85	2016-03-17	2016-03-21
5365	627	5	2016-10-01	2018-10-08
5366	475	41	2020-11-26	2020-12-26
5367	682	21	2017-06-26	2019-06-28
5368	566	84	2020-01-21	2020-01-25
5369	150	86	2015-03-28	2015-03-28
5370	513	76	2019-10-18	2020-11-23
5371	276	57	2016-11-23	2018-12-24
5372	241	68	2017-04-11	2018-05-14
5373	894	80	2017-04-24	2018-04-28
5374	802	95	2018-01-27	2020-03-28
5375	24	98	2019-05-07	2020-06-08
5376	154	25	2020-07-08	2020-07-10
5377	970	98	2019-02-14	2020-03-16
5378	411	84	2019-02-12	2020-04-17
5379	606	34	2016-04-26	2018-05-28
5380	450	24	2017-05-22	2019-06-23
5381	430	8	2017-03-21	2019-05-21
5382	781	69	2017-05-03	2017-05-10
5383	171	85	2017-04-01	2017-06-06
5384	341	91	2019-03-03	2020-03-07
5385	845	72	2018-01-05	2018-02-07
5386	168	19	2019-11-21	2020-12-22
5387	949	68	2018-04-28	2018-05-28
5388	366	81	2016-06-24	2016-08-28
5389	10	76	2016-03-20	2016-05-22
5390	310	25	2018-07-09	2020-08-11
5391	801	61	2020-10-20	2020-11-22
5392	899	54	2016-08-04	2016-10-11
5393	808	65	2015-05-23	2017-06-28
5394	692	32	2020-10-14	2020-12-20
5395	974	20	2018-10-10	2019-11-10
5396	767	13	2018-04-18	2018-05-21
5397	844	57	2018-05-26	2018-07-28
5398	559	33	2017-01-23	2018-01-28
5399	388	46	2016-04-24	2016-06-28
5400	464	15	2015-11-06	2015-12-11
5401	862	23	2016-05-11	2018-07-18
5402	65	57	2015-06-13	2017-07-17
5403	640	84	2020-08-06	2020-09-07
5404	223	27	2019-08-13	2019-09-19
5405	219	43	2017-03-02	2018-04-06
5406	935	34	2017-05-01	2019-05-05
5407	25	11	2015-12-24	2016-12-24
5408	556	16	2015-11-22	2015-12-26
5409	425	79	2019-07-28	2019-08-28
5410	377	90	2019-02-14	2020-04-14
5411	670	87	2015-08-16	2015-09-22
5412	45	13	2016-01-15	2016-01-17
5413	700	45	2020-10-01	2020-11-08
5414	219	76	2020-05-05	2020-07-06
5415	808	7	2015-04-16	2017-05-17
5416	223	4	2016-02-26	2017-02-28
5417	685	32	2015-09-14	2015-10-17
5418	301	43	2019-01-15	2019-01-19
5419	635	20	2019-07-06	2020-08-09
5420	609	82	2016-05-16	2016-07-17
5421	504	82	2017-09-19	2017-11-25
5422	254	6	2015-07-02	2017-07-05
5423	270	69	2018-12-21	2019-12-22
5424	588	38	2020-09-21	2020-09-23
5425	335	89	2017-08-23	2017-08-28
5426	305	18	2020-02-19	2020-04-19
5427	504	59	2020-01-16	2020-01-16
5428	901	13	2015-06-05	2017-06-09
5429	631	36	2018-03-22	2019-04-26
5430	608	30	2017-01-05	2019-03-12
5431	271	38	2015-06-16	2017-06-19
5432	953	14	2017-08-12	2018-09-19
5433	595	20	2018-11-03	2019-12-04
5434	679	32	2020-09-14	2020-11-17
5435	204	57	2015-09-16	2017-09-21
5436	291	3	2018-09-04	2020-09-07
5437	975	95	2019-12-24	2020-12-26
5438	448	76	2019-04-11	2020-06-12
5439	452	60	2015-12-28	2016-12-28
5440	733	33	2017-01-25	2018-03-26
5441	241	32	2017-06-14	2018-07-14
5442	619	83	2020-10-10	2020-11-14
5443	882	63	2020-04-13	2020-05-13
5444	532	79	2015-05-02	2016-06-05
5445	898	20	2015-08-03	2015-10-06
5446	821	100	2018-09-03	2019-10-10
5447	872	11	2019-01-14	2019-02-21
5448	741	52	2017-04-10	2019-04-10
5449	261	12	2016-02-04	2017-04-05
5450	28	44	2020-09-17	2020-10-24
5451	950	29	2020-05-21	2020-06-23
5452	92	34	2020-10-14	2020-10-18
5453	425	12	2018-11-13	2020-11-18
5454	945	65	2019-11-11	2020-12-18
5455	811	15	2019-05-13	2020-07-16
5456	853	78	2015-04-11	2015-04-11
5457	68	77	2016-12-02	2016-12-03
5458	488	24	2019-11-08	2019-11-11
5459	213	54	2015-04-27	2015-05-28
5460	466	10	2017-02-21	2018-04-25
5461	770	21	2015-04-09	2015-05-09
5462	984	24	2015-09-11	2015-10-18
5463	466	74	2015-01-02	2016-03-02
5464	360	59	2018-05-18	2020-05-21
5465	387	65	2020-04-23	2020-05-26
5466	755	48	2018-04-19	2018-04-25
5467	894	30	2015-01-26	2015-02-28
5468	232	14	2020-04-04	2020-06-05
5469	864	80	2016-07-28	2017-09-28
5470	505	97	2016-02-12	2016-03-12
5471	18	76	2017-05-27	2017-07-28
5472	423	19	2018-09-16	2019-10-17
5473	268	30	2020-07-11	2020-09-15
5474	616	95	2017-04-15	2018-04-18
5475	437	100	2017-11-02	2018-12-07
5476	277	99	2018-03-13	2019-04-14
5477	730	42	2018-11-19	2018-12-21
5478	595	16	2017-06-05	2017-07-11
5479	25	14	2015-01-03	2016-02-10
5480	615	39	2020-04-13	2020-06-19
5481	961	85	2018-03-14	2020-04-19
5482	693	14	2018-05-26	2020-06-28
5483	261	62	2017-04-12	2018-06-18
5484	328	93	2018-11-27	2019-11-27
5485	951	51	2017-05-08	2019-06-12
5486	264	60	2019-03-04	2020-04-05
5487	855	6	2020-11-26	2020-12-28
5488	445	79	2019-03-12	2020-05-15
5489	466	66	2015-04-27	2015-06-28
5490	687	93	2020-04-17	2020-05-23
5491	963	16	2019-09-13	2020-09-19
5492	733	43	2016-12-05	2016-12-10
5493	794	50	2018-11-21	2020-12-24
5494	528	13	2015-06-28	2017-06-28
5495	919	79	2019-05-18	2020-07-21
5496	424	72	2016-11-24	2017-11-28
5497	884	19	2018-05-07	2019-05-14
5498	557	6	2019-03-06	2019-04-10
5499	729	8	2017-02-24	2019-02-28
5500	360	20	2017-04-23	2017-04-27
5501	30	36	2018-07-10	2019-08-12
5502	324	35	2017-01-13	2017-03-19
5503	204	25	2018-11-18	2020-12-21
5504	10	20	2020-05-22	2020-05-26
5505	322	60	2016-02-27	2018-02-28
5506	126	14	2018-07-14	2018-09-15
5507	101	52	2020-01-06	2020-02-13
5508	567	76	2019-10-26	2019-11-28
5509	755	12	2015-09-21	2015-09-24
5510	190	13	2017-10-24	2017-11-27
5511	628	31	2017-08-17	2018-10-20
5512	165	33	2016-05-25	2016-07-28
5513	237	55	2016-10-24	2016-11-28
5514	921	48	2019-05-19	2020-05-19
5515	776	89	2017-12-13	2019-12-16
5516	314	66	2020-05-11	2020-05-16
5517	323	22	2018-11-21	2020-12-27
5518	919	72	2018-03-26	2020-05-26
5519	971	5	2019-10-14	2020-11-17
5520	995	9	2018-08-03	2020-10-04
5521	185	9	2017-11-16	2019-11-21
5522	436	83	2018-07-11	2020-08-12
5523	757	64	2015-04-16	2017-06-17
5524	322	44	2019-07-16	2020-07-20
5525	393	23	2019-12-28	2020-12-28
5526	758	81	2017-02-19	2019-02-26
5527	115	5	2015-06-12	2016-08-16
5528	399	61	2016-05-19	2016-07-20
5529	994	26	2016-04-12	2018-06-16
5530	379	31	2020-12-23	2020-12-25
5531	391	32	2016-01-28	2016-02-28
5532	173	98	2018-06-16	2019-07-20
5533	267	14	2017-05-07	2019-05-09
5534	106	76	2020-11-03	2020-11-10
5535	756	78	2016-02-12	2017-04-18
5536	569	96	2015-05-09	2015-06-10
5537	943	76	2015-04-19	2015-06-19
5538	525	72	2018-10-05	2019-12-12
5539	430	53	2018-10-15	2018-11-19
5540	774	21	2018-02-19	2018-04-21
5541	125	90	2015-07-17	2015-08-21
5542	529	54	2017-10-26	2019-12-28
5543	285	19	2016-10-04	2017-10-05
5544	916	100	2018-12-14	2019-12-15
5545	275	98	2019-12-07	2019-12-09
5546	663	20	2016-07-25	2018-08-26
5547	312	56	2015-03-08	2016-05-15
5548	508	64	2015-12-19	2017-12-22
5549	477	56	2015-12-25	2017-12-27
5550	46	76	2018-02-18	2019-03-22
5551	419	87	2019-01-08	2020-03-12
5552	716	57	2018-02-01	2018-04-07
5553	31	97	2019-10-23	2019-10-28
5554	71	17	2017-11-13	2017-12-18
5555	597	72	2018-03-16	2019-05-23
5556	331	72	2020-03-22	2020-05-24
5557	891	83	2017-01-26	2018-03-28
5558	932	24	2018-12-14	2019-12-20
5559	370	89	2015-10-01	2017-10-02
5560	259	51	2018-06-11	2018-06-18
5561	744	36	2017-06-19	2019-08-25
5562	392	56	2020-12-02	2020-12-05
5563	732	56	2016-02-15	2017-03-20
5564	956	47	2017-04-20	2017-04-24
5565	38	24	2016-04-17	2018-06-19
5566	146	2	2020-11-28	2020-12-28
5567	532	90	2018-03-27	2019-04-28
5568	444	45	2016-05-15	2016-06-22
5569	400	5	2018-10-20	2020-10-25
5570	86	46	2020-08-21	2020-08-21
5571	76	74	2016-09-20	2017-11-23
5572	469	20	2016-04-22	2017-05-28
5573	444	43	2017-04-05	2017-04-06
5574	305	95	2015-02-11	2017-04-15
5575	486	41	2020-09-25	2020-10-28
5576	123	10	2017-07-02	2018-08-07
5577	26	80	2019-02-14	2019-02-14
5578	518	87	2018-10-14	2019-11-19
5579	411	69	2019-08-26	2020-10-28
5580	78	55	2018-07-26	2020-09-28
5581	843	6	2020-09-02	2020-11-08
5582	101	45	2020-04-26	2020-06-28
5583	506	44	2019-04-04	2020-04-04
5584	661	30	2016-11-13	2017-12-18
5585	323	18	2016-08-01	2018-09-05
5586	679	74	2017-01-27	2017-03-28
5587	632	83	2018-01-15	2019-02-19
5588	352	85	2015-04-01	2015-05-02
5589	147	96	2020-01-12	2020-03-12
5590	743	43	2015-02-16	2016-04-18
5591	958	95	2015-10-20	2015-10-24
5592	530	12	2017-07-02	2017-08-06
5593	302	43	2018-02-26	2019-04-28
5594	861	87	2020-02-06	2020-04-12
5595	740	76	2019-04-16	2020-06-18
5596	814	46	2015-08-10	2017-09-14
5597	229	26	2019-09-06	2020-10-10
5598	655	14	2017-05-08	2018-06-12
5599	621	82	2015-07-15	2016-08-22
5600	72	73	2016-04-22	2018-04-23
5601	543	54	2019-10-24	2019-12-28
5602	881	93	2015-04-18	2016-04-23
5603	743	17	2018-07-13	2020-09-18
5604	19	100	2018-06-08	2020-06-15
5605	749	36	2019-06-23	2020-07-27
5606	49	83	2019-02-03	2020-04-06
5607	954	4	2016-07-12	2017-09-12
5608	468	89	2017-11-15	2017-12-20
5609	760	52	2017-05-06	2019-05-08
5610	467	85	2020-09-19	2020-10-21
5611	976	98	2017-08-27	2017-10-28
5612	467	8	2015-10-14	2015-12-21
5613	66	58	2018-12-01	2019-12-05
5614	688	44	2018-01-25	2020-03-25
5615	556	81	2019-03-27	2020-03-28
5616	488	87	2018-04-22	2018-05-28
5617	560	9	2019-02-20	2020-02-24
5618	806	91	2016-02-28	2018-02-28
5619	206	77	2016-01-27	2018-01-28
5620	685	10	2018-04-22	2020-04-26
5621	353	40	2019-04-09	2020-05-11
5622	355	39	2016-11-03	2017-11-08
5623	981	55	2016-06-16	2016-06-18
5624	316	64	2017-09-11	2017-10-14
5625	711	13	2015-09-07	2017-10-10
5626	358	82	2020-04-23	2020-06-23
5627	86	23	2019-05-03	2020-05-05
5628	902	33	2015-05-18	2016-05-25
5629	693	10	2016-08-16	2017-09-19
5630	377	47	2018-07-07	2018-09-10
5631	501	99	2016-06-25	2016-06-26
5632	919	27	2020-09-15	2020-09-21
5633	185	20	2017-02-14	2018-03-17
5634	141	38	2017-05-17	2018-07-23
5635	709	100	2018-10-26	2020-10-28
5636	975	36	2020-01-14	2020-02-21
5637	528	89	2019-04-18	2020-04-23
5638	915	4	2017-09-25	2019-10-28
5639	47	78	2015-09-18	2017-10-24
5640	859	80	2019-09-23	2020-09-27
5641	970	93	2016-08-07	2016-09-10
5642	867	38	2019-06-19	2019-06-22
5643	816	43	2018-10-22	2018-12-24
5644	74	29	2016-01-23	2017-03-23
5645	262	92	2017-05-17	2019-07-22
5646	444	13	2017-11-24	2019-11-26
5647	293	26	2018-04-14	2019-05-18
5648	797	70	2016-03-19	2018-04-22
5649	713	23	2020-06-06	2020-06-11
5650	333	21	2020-05-19	2020-05-25
5651	281	74	2018-10-16	2019-10-19
5652	873	58	2015-02-28	2017-02-28
5653	389	24	2017-12-18	2018-12-18
5654	862	99	2018-11-10	2020-12-10
5655	773	59	2017-10-14	2019-12-16
5656	510	38	2015-04-28	2015-05-28
5657	900	48	2017-10-16	2017-12-21
5658	585	70	2015-12-06	2016-12-09
5659	943	36	2019-08-26	2019-09-28
5660	425	11	2019-04-18	2020-04-21
5661	273	67	2015-03-08	2015-03-09
5662	82	20	2017-04-24	2019-05-27
5663	748	13	2019-09-13	2020-09-14
5664	321	92	2019-09-01	2020-10-02
5665	46	77	2018-02-20	2019-04-23
5666	921	92	2018-06-26	2019-06-28
5667	620	59	2019-07-05	2019-09-11
5668	679	30	2016-04-18	2018-05-21
5669	684	9	2018-03-23	2020-04-24
5670	223	63	2015-11-08	2016-12-08
5671	838	90	2016-12-02	2018-12-02
5672	119	68	2015-11-16	2017-12-22
5673	113	99	2018-01-07	2019-01-13
5674	953	73	2019-07-21	2020-08-27
5675	520	32	2017-07-09	2017-07-13
5676	16	94	2018-06-25	2018-07-28
5677	876	100	2017-11-14	2017-12-15
5678	589	62	2015-03-17	2016-04-18
5679	898	51	2020-08-15	2020-08-16
5680	419	25	2017-12-14	2018-12-17
5681	317	88	2018-08-07	2019-08-08
5682	956	21	2016-10-28	2017-11-28
5683	484	17	2019-02-28	2020-04-28
5684	450	80	2016-06-14	2018-08-19
5685	91	29	2020-11-20	2020-12-21
5686	864	36	2020-05-24	2020-07-25
5687	204	35	2018-07-21	2019-08-25
5688	328	48	2017-02-12	2017-03-17
5689	718	63	2015-10-01	2016-11-05
5690	50	78	2020-01-01	2020-01-08
5691	536	73	2016-02-17	2018-03-23
5692	134	76	2016-07-24	2017-07-28
5693	979	2	2016-12-26	2017-12-28
5694	941	35	2017-07-23	2017-09-27
5695	780	16	2019-05-14	2020-05-20
5696	640	49	2018-08-26	2018-09-26
5697	48	72	2019-02-22	2020-04-25
5698	536	80	2016-10-25	2018-10-27
5699	146	72	2018-11-01	2019-11-07
5700	943	36	2016-09-14	2017-10-17
5701	209	62	2018-09-20	2019-11-22
5702	79	79	2020-02-16	2020-04-20
5703	72	30	2016-12-04	2018-12-10
5704	504	96	2016-07-20	2016-07-27
5705	649	47	2017-01-23	2017-02-28
5706	387	79	2020-02-13	2020-02-14
5707	738	41	2020-11-19	2020-12-21
5708	763	16	2018-09-11	2020-11-14
5709	510	3	2020-05-24	2020-05-25
5710	261	70	2015-09-01	2017-09-03
5711	688	87	2019-09-21	2020-09-21
5712	590	23	2020-02-23	2020-02-27
5713	624	62	2020-10-23	2020-12-28
5714	115	4	2016-02-27	2017-04-27
5715	825	17	2017-12-20	2019-12-23
5716	500	54	2015-08-16	2015-09-19
5717	487	18	2016-05-18	2016-07-18
5718	797	53	2017-02-27	2017-02-28
5719	348	91	2017-02-18	2019-03-22
5720	52	29	2015-04-05	2016-05-11
5721	64	71	2015-05-27	2016-05-28
5722	622	29	2015-01-04	2015-01-05
5723	35	9	2019-01-27	2020-03-28
5724	321	7	2016-10-16	2017-11-18
5725	80	62	2017-05-22	2018-05-28
5726	954	78	2020-01-13	2020-03-14
5727	872	22	2019-02-13	2019-03-18
5728	946	95	2017-08-07	2017-10-09
5729	585	74	2018-09-21	2020-11-22
5730	289	58	2016-09-10	2017-11-12
5731	182	13	2016-09-02	2017-11-03
5732	518	89	2017-10-14	2018-12-15
5733	740	96	2016-07-17	2016-08-24
5734	192	13	2018-10-13	2020-10-13
5735	74	97	2019-10-19	2020-10-26
5736	573	63	2019-07-20	2020-07-27
5737	391	59	2018-05-08	2019-06-15
5738	741	68	2019-01-26	2020-02-28
5739	804	49	2019-03-02	2019-03-02
5740	520	65	2017-03-10	2017-05-17
5741	632	49	2020-04-10	2020-04-17
5742	521	18	2015-02-22	2015-03-24
5743	852	71	2017-07-24	2019-09-26
5744	680	29	2017-05-12	2019-06-15
5745	982	84	2018-10-23	2018-11-28
5746	430	63	2020-07-21	2020-07-24
5747	203	58	2016-10-28	2018-11-28
5748	11	50	2015-01-25	2016-03-28
5749	865	89	2019-02-09	2020-04-12
5750	952	78	2018-04-13	2019-04-13
5751	717	45	2016-05-03	2017-05-09
5752	477	31	2020-07-12	2020-09-16
5753	710	68	2020-03-05	2020-04-08
5754	959	21	2020-03-07	2020-04-12
5755	556	35	2020-04-05	2020-06-05
5756	458	40	2015-08-28	2015-10-28
5757	223	42	2016-04-06	2016-06-10
5758	868	84	2016-08-28	2016-08-28
5759	293	37	2016-02-24	2016-03-27
5760	408	37	2016-08-18	2016-09-18
5761	767	22	2018-09-05	2018-11-07
5762	708	23	2018-10-05	2018-12-11
5763	558	97	2017-03-02	2019-05-03
5764	861	12	2018-11-21	2019-12-21
5765	206	89	2015-02-06	2017-04-06
5766	533	93	2017-01-23	2017-02-28
5767	984	6	2017-05-11	2018-07-15
5768	186	47	2016-03-21	2017-05-28
5769	274	18	2017-01-27	2017-02-28
5770	770	29	2020-10-23	2020-10-27
5771	453	52	2018-06-18	2020-07-24
5772	903	8	2016-03-11	2017-03-14
5773	471	96	2015-02-13	2017-02-16
5774	793	96	2018-11-18	2018-12-19
5775	63	82	2016-03-04	2017-03-10
5776	323	77	2017-11-27	2018-12-28
5777	878	87	2018-04-06	2019-05-10
5778	832	31	2018-02-22	2020-02-25
5779	648	85	2016-08-07	2018-09-08
5780	880	17	2019-08-08	2020-10-12
5781	398	63	2016-08-23	2016-08-25
5782	485	36	2016-04-27	2017-05-27
5783	645	97	2018-06-26	2018-07-28
5784	688	30	2016-05-07	2018-07-13
5785	943	4	2020-07-04	2020-07-09
5786	154	25	2018-05-05	2018-05-10
5787	219	98	2019-09-14	2020-09-21
5788	960	25	2020-03-08	2020-04-12
5789	950	83	2015-09-02	2015-11-06
5790	517	24	2020-11-07	2020-12-14
5791	381	44	2018-04-20	2018-04-22
5792	177	59	2015-12-17	2016-12-22
5793	149	78	2020-01-22	2020-01-22
5794	610	77	2019-03-28	2020-04-28
5795	827	39	2015-03-06	2017-04-07
5796	810	37	2019-04-16	2020-04-20
5797	358	26	2015-02-10	2015-03-15
5798	201	78	2019-08-09	2020-08-10
5799	241	77	2018-06-15	2020-06-16
5800	313	42	2019-06-08	2020-06-12
5801	57	90	2018-10-09	2018-10-10
5802	305	49	2017-12-25	2019-12-28
5803	609	54	2019-02-16	2020-04-22
5804	115	55	2020-04-05	2020-05-09
5805	698	8	2019-09-08	2020-10-15
5806	674	42	2015-08-10	2016-10-14
5807	263	75	2016-12-05	2016-12-08
5808	36	40	2019-05-10	2020-05-12
5809	41	93	2016-10-04	2016-12-11
5810	347	70	2016-12-12	2018-12-15
5811	915	71	2016-04-23	2018-04-25
5812	133	34	2018-07-20	2019-07-23
5813	266	33	2016-03-08	2018-05-14
5814	686	61	2020-11-19	2020-12-26
5815	421	13	2019-09-09	2020-11-15
5816	542	24	2016-11-19	2016-11-24
5817	969	72	2018-03-26	2019-03-28
5818	997	64	2015-08-24	2016-08-25
5819	158	16	2018-06-26	2018-08-28
5820	606	40	2019-01-16	2019-03-19
5821	28	84	2017-01-07	2019-02-10
5822	747	57	2018-09-09	2019-09-12
5823	476	14	2018-11-27	2019-11-27
5824	298	52	2015-07-01	2017-09-03
5825	802	45	2016-12-24	2018-12-25
5826	92	34	2017-09-06	2018-11-08
5827	442	21	2019-04-07	2020-05-08
5828	416	46	2017-08-08	2018-09-08
5829	135	45	2016-08-11	2016-09-18
5830	620	68	2020-12-15	2020-12-21
5831	139	92	2017-09-20	2017-10-25
5832	86	6	2017-02-01	2019-02-06
5833	482	14	2019-06-22	2020-06-28
5834	97	44	2020-10-15	2020-12-16
5835	780	63	2019-08-02	2020-08-08
5836	673	56	2020-05-16	2020-07-20
5837	280	84	2017-08-02	2019-10-08
5838	222	93	2020-02-26	2020-02-28
5839	932	18	2018-07-09	2019-09-12
5840	815	44	2015-05-11	2015-06-13
5841	759	57	2015-02-01	2017-02-04
5842	417	88	2016-11-27	2017-12-28
5843	544	73	2015-05-22	2016-07-23
5844	272	75	2020-03-06	2020-04-07
5845	74	77	2016-04-01	2016-06-07
5846	484	57	2016-05-20	2018-05-25
5847	60	21	2017-08-09	2018-10-10
5848	798	54	2019-11-03	2020-12-10
5849	640	82	2020-12-28	2020-12-28
5850	496	89	2019-06-09	2019-08-11
5851	381	94	2017-11-25	2018-11-28
5852	230	50	2015-10-25	2016-12-28
5853	627	50	2016-07-25	2017-09-28
5854	771	23	2020-09-14	2020-10-20
5855	814	63	2020-10-07	2020-11-09
5856	689	89	2019-01-23	2020-02-27
5857	742	19	2016-11-14	2018-11-20
5858	540	25	2020-08-18	2020-09-21
5859	279	34	2019-02-03	2020-04-04
5860	500	76	2019-10-20	2020-11-25
5861	70	74	2017-08-20	2017-08-23
5862	979	65	2017-10-16	2017-12-17
5863	10	49	2015-08-20	2015-09-26
5864	554	57	2018-08-17	2019-09-21
5865	831	33	2019-03-05	2020-04-10
5866	605	74	2016-11-09	2017-11-10
5867	315	17	2017-01-03	2018-01-03
5868	387	88	2015-01-16	2016-02-21
5869	222	42	2016-11-07	2018-11-08
5870	883	14	2019-02-04	2019-04-09
5871	797	85	2018-03-14	2018-04-15
5872	844	9	2017-01-18	2018-01-21
5873	833	8	2017-09-04	2019-11-04
5874	147	44	2018-01-25	2019-01-27
5875	973	4	2018-10-27	2020-12-27
5876	640	86	2019-12-01	2020-12-05
5877	368	23	2017-01-22	2019-02-25
5878	807	82	2015-01-23	2015-03-28
5879	586	18	2015-06-25	2015-07-28
5880	770	94	2019-08-17	2020-08-22
5881	451	55	2018-05-26	2020-05-28
5882	463	56	2020-05-26	2020-06-28
5883	546	90	2016-08-01	2016-08-06
5884	685	24	2016-06-16	2016-07-21
5885	679	51	2015-02-24	2015-02-25
5886	210	56	2020-12-06	2020-12-11
5887	392	92	2016-10-17	2017-10-20
5888	389	6	2018-10-13	2018-12-15
5889	827	78	2019-12-06	2020-12-12
5890	927	2	2015-10-10	2016-10-15
5891	111	76	2016-03-05	2018-05-09
5892	492	66	2017-08-13	2017-08-15
5893	402	75	2019-02-04	2020-03-10
5894	80	95	2016-02-09	2018-04-09
5895	523	62	2017-10-18	2017-12-23
5896	622	77	2017-12-08	2019-12-12
5897	928	74	2015-07-12	2015-08-13
5898	492	83	2019-07-08	2020-09-14
5899	873	41	2019-07-03	2019-07-10
5900	700	54	2018-03-17	2020-04-20
5901	861	24	2017-12-15	2017-12-17
5902	749	47	2015-08-11	2016-09-12
5903	274	51	2018-11-10	2020-12-17
5904	836	56	2020-09-09	2020-11-13
5905	624	24	2016-08-14	2016-09-15
5906	972	82	2017-03-04	2019-04-05
5907	755	48	2015-04-21	2016-06-22
5908	685	81	2015-06-21	2016-08-21
5909	174	73	2020-01-26	2020-02-27
5910	863	40	2020-07-15	2020-08-21
5911	339	92	2015-10-20	2017-12-26
5912	686	65	2016-07-07	2017-08-09
5913	58	45	2016-12-26	2016-12-27
5914	236	3	2018-11-04	2020-12-11
5915	624	18	2020-12-23	2020-12-28
5916	568	50	2018-09-19	2018-11-24
5917	884	62	2017-12-27	2017-12-28
5918	482	85	2017-06-06	2018-06-12
5919	934	52	2020-03-22	2020-03-25
5920	729	91	2015-12-25	2017-12-28
5921	304	83	2017-09-27	2019-10-28
5922	908	21	2015-05-14	2017-07-18
5923	728	85	2018-07-15	2018-08-21
5924	910	77	2015-11-16	2017-12-18
5925	847	16	2020-10-20	2020-10-20
5926	266	84	2019-07-02	2019-08-05
5927	271	59	2019-10-28	2020-12-28
5928	234	69	2019-05-07	2020-07-07
5929	672	85	2018-08-25	2020-09-28
5930	966	92	2015-11-26	2015-12-26
5931	321	5	2017-04-01	2019-04-05
5932	471	74	2019-03-16	2019-04-17
5933	860	49	2016-08-27	2017-09-28
5934	29	87	2019-11-25	2020-11-27
5935	981	29	2015-01-22	2015-01-28
5936	458	69	2020-06-11	2020-07-13
5937	148	19	2020-02-04	2020-02-04
5938	636	80	2020-06-20	2020-07-27
5939	287	25	2018-04-07	2018-04-14
5940	735	12	2017-01-07	2019-03-12
5941	538	46	2016-02-15	2017-03-18
5942	444	85	2018-03-27	2020-03-28
5943	924	34	2020-02-06	2020-04-06
5944	985	68	2017-03-25	2018-04-26
5945	884	32	2016-04-10	2017-05-15
5946	541	96	2020-06-06	2020-08-10
5947	816	61	2016-04-25	2016-05-28
5948	648	20	2016-05-09	2016-07-12
5949	3	55	2016-01-13	2016-02-16
5950	292	12	2015-06-21	2015-06-25
5951	377	22	2017-09-26	2017-09-28
5952	542	5	2015-06-28	2015-07-28
5953	89	79	2017-01-01	2017-03-08
5954	245	29	2017-01-15	2018-03-22
5955	663	11	2016-03-07	2016-03-07
5956	808	26	2015-02-13	2017-04-13
5957	639	38	2020-10-15	2020-10-21
5958	271	30	2015-04-09	2016-04-10
5959	694	57	2020-06-07	2020-07-14
5960	265	45	2018-01-09	2020-03-09
5961	865	92	2020-09-02	2020-09-06
5962	222	63	2017-01-24	2019-02-26
5963	787	3	2015-11-26	2016-11-28
5964	177	21	2019-03-24	2019-05-27
5965	708	63	2015-03-15	2016-03-22
5966	231	79	2016-02-19	2016-03-20
5967	44	12	2020-11-15	2020-11-17
5968	439	5	2019-06-06	2020-06-11
5969	131	55	2015-02-17	2016-03-23
5970	497	95	2018-03-13	2018-04-18
5971	466	85	2017-06-27	2017-06-28
5972	242	3	2018-10-15	2019-12-21
5973	520	26	2017-11-03	2017-11-10
5974	582	51	2020-08-12	2020-09-15
5975	226	18	2015-08-10	2017-08-10
5976	984	29	2020-02-15	2020-03-21
5977	967	25	2018-10-03	2019-10-06
5978	98	58	2018-12-13	2020-12-15
5979	355	72	2020-08-10	2020-08-16
5980	402	91	2019-09-01	2020-11-01
5981	653	55	2015-01-21	2017-02-25
5982	224	49	2017-12-13	2018-12-18
5983	425	47	2020-04-23	2020-04-27
5984	919	56	2019-07-23	2020-09-23
5985	294	6	2015-01-11	2017-03-13
5986	646	65	2015-03-13	2016-04-20
5987	907	91	2018-01-18	2018-01-20
5988	583	57	2017-11-18	2019-12-18
5989	537	35	2017-01-01	2018-03-03
5990	631	12	2019-11-10	2020-11-12
5991	176	86	2020-06-13	2020-08-19
5992	758	60	2016-03-05	2017-03-09
5993	441	21	2017-05-27	2018-07-28
5994	250	27	2016-05-13	2017-05-15
5995	618	78	2019-05-25	2020-06-26
5996	265	78	2019-09-10	2020-11-13
5997	286	85	2020-11-03	2020-11-09
5998	462	58	2020-11-27	2020-12-28
5999	488	39	2018-05-11	2018-05-12
6000	445	92	2018-06-27	2020-07-28
6001	247	48	2020-12-12	2020-12-18
6002	435	24	2016-05-02	2018-05-02
6003	601	4	2015-02-02	2016-02-07
6004	269	64	2018-06-13	2020-06-16
6005	90	50	2020-09-01	2020-09-03
6006	112	63	2018-09-08	2019-10-08
6007	71	25	2017-04-13	2017-04-14
6008	356	43	2017-10-26	2018-11-28
6009	122	95	2015-03-04	2017-03-08
6010	211	83	2015-06-26	2016-08-28
6011	192	15	2015-03-15	2016-03-22
6012	660	91	2017-03-24	2019-03-26
6013	413	15	2019-07-07	2019-08-09
6014	225	19	2018-04-25	2018-05-25
6015	560	6	2016-03-18	2018-03-18
6016	417	67	2017-08-28	2017-09-28
6017	290	15	2020-06-24	2020-08-24
6018	556	65	2016-09-28	2017-09-28
6019	117	23	2020-04-15	2020-05-22
6020	971	86	2016-05-02	2016-06-04
6021	599	82	2019-06-23	2020-08-23
6022	178	43	2019-12-07	2019-12-10
6023	927	59	2019-12-16	2019-12-16
6024	122	74	2018-10-27	2019-12-28
6025	882	11	2015-05-23	2016-07-23
6026	726	5	2019-02-01	2020-04-08
6027	246	75	2019-12-06	2019-12-13
6028	511	49	2019-04-10	2020-06-13
6029	355	74	2017-06-15	2019-07-21
6030	596	81	2017-04-06	2019-04-10
6031	631	3	2015-05-20	2016-06-26
6032	823	84	2020-01-13	2020-03-16
6033	869	64	2015-06-14	2016-07-19
6034	102	67	2019-11-05	2019-12-07
6035	909	33	2015-11-21	2017-12-24
6036	128	8	2017-03-28	2018-04-28
6037	456	47	2017-02-13	2019-03-15
6038	513	86	2015-03-15	2017-03-15
6039	391	65	2019-12-09	2019-12-12
6040	208	86	2015-12-14	2015-12-16
6041	675	55	2015-05-07	2016-05-07
6042	456	73	2016-08-05	2017-09-07
6043	882	52	2020-06-05	2020-06-11
6044	321	77	2019-09-01	2020-09-07
6045	813	45	2019-12-02	2020-12-03
6046	626	84	2017-07-28	2018-07-28
6047	514	68	2015-02-08	2017-04-08
6048	612	20	2020-04-27	2020-04-28
6049	776	78	2020-04-10	2020-04-13
6050	472	9	2020-03-28	2020-04-28
6051	345	43	2020-06-18	2020-06-21
6052	342	40	2017-01-17	2018-01-21
6053	720	54	2016-09-23	2016-10-27
6054	475	56	2019-07-20	2020-09-25
6055	115	43	2018-09-19	2019-10-19
6056	548	31	2016-07-01	2016-07-02
6057	315	60	2016-09-13	2018-11-14
6058	435	53	2016-10-28	2018-12-28
6059	528	32	2020-02-01	2020-02-04
6060	867	76	2018-06-06	2020-07-08
6061	733	21	2020-08-19	2020-10-22
6062	132	17	2019-10-17	2019-12-24
6063	116	98	2019-12-26	2020-12-28
6064	176	34	2020-01-15	2020-03-19
6065	151	74	2016-01-20	2017-01-22
6066	103	13	2019-10-07	2020-10-14
6067	229	99	2019-01-06	2020-02-09
6068	967	6	2015-11-09	2017-11-12
6069	936	29	2016-08-01	2018-09-04
6070	802	16	2016-04-04	2017-05-11
6071	570	61	2015-05-06	2017-05-13
6072	659	60	2016-08-11	2016-08-11
6073	856	85	2016-09-11	2016-09-18
6074	970	75	2017-10-13	2019-12-19
6075	643	74	2015-03-26	2015-05-28
6076	248	11	2019-07-18	2020-07-18
6077	861	31	2016-02-08	2016-02-14
6078	659	3	2017-05-07	2019-06-13
6079	164	97	2018-04-19	2018-05-20
6080	14	48	2016-01-09	2017-01-09
6081	479	70	2016-07-18	2017-09-22
6082	261	47	2019-11-09	2019-12-16
6083	712	45	2020-05-08	2020-05-09
6084	760	23	2018-02-07	2019-04-11
6085	590	39	2018-04-25	2020-04-25
6086	95	32	2020-01-25	2020-01-28
6087	587	18	2017-04-03	2019-04-08
6088	130	72	2018-08-13	2020-10-14
6089	864	84	2016-12-23	2017-12-27
6090	815	65	2020-08-01	2020-09-07
6091	619	76	2015-01-10	2017-03-10
6092	543	78	2020-04-07	2020-06-10
6093	505	51	2015-05-07	2017-07-13
6094	584	16	2018-09-28	2019-11-28
6095	715	70	2017-01-02	2018-01-09
6096	787	96	2016-03-21	2017-05-21
6097	870	89	2016-10-16	2017-10-18
6098	646	35	2017-08-05	2018-09-10
6099	409	45	2016-02-21	2018-04-21
6100	410	68	2017-07-07	2018-07-07
6101	72	20	2016-08-03	2016-08-04
6102	121	76	2020-06-21	2020-06-26
6103	482	23	2019-12-26	2020-12-27
6104	939	85	2019-08-09	2019-10-13
6105	154	50	2019-06-28	2020-07-28
6106	675	86	2019-02-22	2020-02-22
6107	823	98	2015-11-21	2017-11-23
6108	8	21	2020-05-09	2020-07-13
6109	117	67	2019-06-02	2019-06-04
6110	813	47	2018-08-26	2020-10-28
6111	789	82	2020-02-14	2020-02-15
6112	564	50	2019-09-10	2020-11-14
6113	438	53	2020-12-25	2020-12-28
6114	236	59	2018-01-13	2019-01-17
6115	723	73	2016-12-04	2017-12-10
6116	420	8	2018-06-02	2018-07-09
6117	274	47	2019-10-04	2020-10-04
6118	582	15	2019-05-18	2019-06-18
6119	131	41	2015-11-02	2017-11-05
6120	954	33	2017-02-16	2019-02-17
6121	40	39	2020-01-19	2020-02-23
6122	672	23	2019-12-24	2019-12-28
6123	525	4	2018-09-08	2019-10-08
6124	540	74	2019-03-08	2019-05-12
6125	731	52	2015-09-26	2017-09-28
6126	528	93	2018-10-08	2019-10-12
6127	812	99	2019-07-15	2019-07-21
6128	4	64	2020-11-28	2020-12-28
6129	1000	15	2015-12-20	2015-12-24
6130	663	63	2020-01-19	2020-01-20
6131	497	65	2019-05-10	2019-06-15
6132	508	13	2019-09-19	2020-10-20
6133	885	16	2015-05-19	2016-05-23
6134	125	80	2015-03-22	2015-04-23
6135	541	94	2016-03-07	2017-05-13
6136	695	94	2015-07-22	2017-08-25
6137	915	57	2018-07-14	2019-08-17
6138	231	44	2015-06-26	2017-08-28
6139	166	50	2016-06-28	2018-07-28
6140	160	82	2016-06-15	2017-08-17
6141	1000	70	2018-09-16	2019-11-19
6142	813	5	2016-02-21	2018-02-27
6143	898	88	2016-07-06	2016-07-06
6144	985	43	2015-10-17	2016-11-17
6145	904	9	2017-01-14	2018-02-16
6146	21	21	2020-06-19	2020-07-24
6147	269	21	2018-05-15	2020-07-16
6148	73	81	2019-08-09	2020-09-15
6149	635	8	2019-11-04	2019-11-10
6150	180	21	2018-12-24	2020-12-24
6151	381	53	2017-12-24	2018-12-28
6152	399	75	2020-10-09	2020-11-15
6153	167	81	2018-06-25	2019-08-25
6154	588	77	2018-07-17	2018-08-19
6155	186	97	2019-12-13	2019-12-20
6156	233	6	2015-12-14	2016-12-14
6157	345	75	2015-01-24	2016-01-26
6158	843	42	2020-12-14	2020-12-21
6159	549	55	2016-04-06	2018-04-10
6160	375	70	2017-01-20	2017-01-23
6161	809	52	2019-05-06	2020-06-12
6162	43	63	2018-06-08	2019-06-14
6163	176	88	2020-02-26	2020-02-26
6164	948	52	2017-06-26	2019-06-28
6165	708	97	2016-08-03	2017-10-07
6166	486	16	2015-09-09	2015-11-15
6167	882	45	2015-09-23	2015-11-26
6168	964	99	2016-07-02	2017-08-03
6169	12	63	2015-02-12	2015-02-17
6170	314	17	2017-02-06	2018-03-13
6171	800	49	2018-01-12	2019-03-13
6172	165	35	2018-04-17	2018-05-23
6173	844	52	2019-04-26	2020-06-28
6174	454	37	2019-08-23	2020-09-28
6175	530	63	2018-02-17	2020-03-18
6176	169	90	2019-07-15	2019-07-16
6177	165	54	2020-05-01	2020-06-06
6178	763	50	2016-06-14	2018-08-19
6179	14	11	2017-09-25	2018-10-28
6180	52	89	2019-12-09	2019-12-13
6181	541	16	2019-12-20	2019-12-24
6182	54	58	2018-07-06	2018-09-13
6183	87	69	2016-06-26	2016-08-28
6184	457	9	2020-01-19	2020-02-19
6185	258	62	2020-01-03	2020-01-09
6186	43	57	2020-03-12	2020-04-15
6187	760	2	2018-07-01	2018-09-08
6188	555	56	2019-08-18	2019-09-25
6189	544	31	2015-11-25	2017-12-25
6190	690	60	2015-03-23	2017-05-28
6191	196	76	2019-02-28	2019-02-28
6192	908	43	2018-03-27	2018-05-28
6193	173	31	2015-11-13	2017-11-16
6194	735	6	2020-02-03	2020-03-07
6195	125	83	2017-11-09	2018-12-16
6196	630	68	2016-09-24	2017-10-25
6197	144	35	2019-11-19	2019-12-19
6198	143	72	2020-07-03	2020-07-10
6199	271	83	2019-08-09	2020-10-10
6200	350	96	2019-08-14	2020-09-14
6201	489	42	2018-10-08	2018-10-12
6202	322	55	2019-02-01	2020-03-04
6203	67	26	2016-09-17	2016-09-17
6204	311	80	2016-08-21	2016-10-23
6205	857	84	2015-03-06	2017-03-11
6206	437	99	2019-02-24	2019-04-24
6207	787	38	2015-08-13	2016-08-18
6208	4	74	2019-05-04	2019-07-07
6209	890	100	2018-12-16	2018-12-20
6210	153	27	2017-06-15	2019-07-20
6211	121	29	2018-10-01	2018-10-03
6212	334	31	2015-06-16	2016-06-21
6213	690	22	2020-08-04	2020-09-11
6214	322	34	2020-02-25	2020-03-28
6215	556	22	2015-03-25	2015-03-28
6216	640	16	2015-07-19	2017-09-24
6217	724	80	2015-05-01	2017-05-07
6218	348	93	2018-05-19	2020-07-20
6219	685	64	2020-06-19	2020-07-21
6220	306	44	2017-06-11	2019-06-15
6221	349	56	2016-04-21	2018-05-27
6222	336	31	2015-02-03	2016-03-06
6223	847	20	2020-01-08	2020-01-13
6224	558	68	2015-11-11	2016-11-15
6225	393	64	2017-10-27	2019-11-28
6226	75	96	2019-01-28	2019-02-28
6227	635	75	2019-11-26	2020-12-27
6228	564	8	2015-09-19	2015-11-19
6229	364	3	2018-12-10	2018-12-17
6230	6	81	2019-08-02	2020-09-09
6231	458	56	2018-08-04	2018-09-05
6232	344	57	2017-02-17	2017-04-23
6233	47	12	2020-08-04	2020-10-05
6234	805	76	2016-02-03	2016-02-03
6235	791	26	2020-12-26	2020-12-28
6236	871	96	2015-03-02	2016-05-09
6237	770	48	2016-04-01	2017-05-04
6238	206	38	2016-04-17	2017-06-17
6239	286	70	2018-05-05	2020-05-11
6240	305	17	2020-09-04	2020-09-04
6241	271	52	2015-09-11	2016-09-17
6242	819	47	2017-10-08	2017-11-13
6243	666	51	2017-05-17	2018-07-19
6244	651	22	2017-01-22	2019-01-25
6245	773	4	2018-05-11	2018-05-12
6246	49	47	2017-12-28	2019-12-28
6247	488	84	2017-01-23	2017-02-24
6248	969	50	2020-05-24	2020-07-28
6249	615	14	2017-03-18	2017-03-24
6250	312	86	2019-11-24	2020-12-28
6251	969	99	2015-02-13	2017-03-17
6252	598	33	2018-05-14	2020-07-19
6253	801	69	2020-07-19	2020-08-21
6254	429	41	2017-08-24	2017-10-24
6255	698	97	2020-07-13	2020-09-18
6256	918	60	2015-12-17	2017-12-17
6257	179	91	2020-08-17	2020-09-17
6258	586	91	2018-10-28	2020-12-28
6259	211	48	2019-12-21	2019-12-24
6260	449	80	2018-03-14	2020-04-18
6261	181	90	2016-12-06	2018-12-10
6262	221	56	2017-11-05	2019-12-10
6263	146	76	2020-07-14	2020-09-16
6264	455	63	2016-12-12	2016-12-16
6265	248	74	2016-08-10	2017-09-16
6266	202	62	2016-05-02	2016-06-08
6267	111	56	2017-12-26	2019-12-28
6268	881	94	2019-08-18	2020-09-23
6269	515	87	2020-11-09	2020-12-12
6270	240	97	2020-07-22	2020-08-26
6271	822	12	2015-05-11	2015-05-14
6272	147	88	2020-11-04	2020-12-07
6273	994	23	2020-09-22	2020-09-24
6274	73	92	2015-06-02	2016-06-07
6275	3	45	2019-08-06	2019-09-13
6276	40	68	2019-06-16	2020-08-21
6277	37	42	2020-08-07	2020-08-10
6278	889	8	2020-05-05	2020-07-09
6279	250	92	2017-10-07	2018-11-14
6280	214	17	2016-04-03	2017-06-05
6281	854	2	2019-05-09	2020-05-15
6282	774	18	2020-11-16	2020-12-23
6283	617	39	2020-01-27	2020-02-28
6284	414	30	2017-08-26	2018-08-27
6285	980	87	2019-07-02	2020-07-08
6286	637	71	2018-09-04	2020-10-10
6287	599	74	2015-07-16	2017-08-20
6288	869	52	2020-02-18	2020-04-21
6289	978	73	2015-05-09	2015-06-10
6290	417	92	2018-10-21	2018-11-21
6291	461	52	2018-10-20	2020-11-24
6292	983	15	2015-05-10	2017-05-13
6293	695	19	2019-12-27	2019-12-28
6294	730	72	2015-04-16	2016-06-23
6295	123	76	2018-05-19	2018-06-26
6296	948	6	2015-07-06	2016-08-11
6297	788	34	2018-08-14	2020-08-17
6298	583	83	2016-05-10	2017-05-16
6299	347	8	2017-05-13	2018-07-13
6300	91	59	2016-01-15	2018-01-16
6301	692	61	2020-01-26	2020-03-27
6302	470	53	2016-12-28	2018-12-28
6303	165	46	2020-03-18	2020-05-18
6304	44	47	2017-07-14	2017-08-17
6305	72	45	2016-08-24	2017-09-28
6306	923	13	2019-08-12	2020-08-17
6307	57	14	2016-02-21	2018-04-26
6308	259	31	2017-06-08	2017-08-14
6309	947	46	2018-06-02	2018-07-02
6310	202	62	2020-04-27	2020-04-28
6311	307	17	2015-03-15	2015-05-21
6312	286	34	2019-07-11	2019-09-16
6313	337	40	2020-10-06	2020-12-09
6314	86	66	2015-09-17	2016-11-18
6315	919	36	2020-11-07	2020-12-14
6316	435	11	2020-10-14	2020-10-15
6317	15	28	2018-11-13	2019-11-13
6318	839	26	2018-02-11	2018-02-13
6319	267	94	2017-06-03	2018-06-09
6320	461	76	2019-02-03	2020-04-07
6321	328	32	2020-10-04	2020-12-08
6322	875	95	2015-09-13	2016-10-18
6323	754	72	2016-02-05	2016-02-07
6324	334	88	2017-11-03	2019-12-04
6325	459	86	2020-08-06	2020-10-06
6326	685	35	2015-05-17	2016-06-19
6327	709	36	2017-07-02	2018-08-07
6328	749	77	2016-10-08	2018-10-14
6329	424	67	2018-11-21	2019-12-23
6330	504	18	2017-09-01	2019-09-07
6331	594	62	2016-07-01	2017-07-03
6332	213	27	2018-04-10	2020-05-12
6333	359	91	2020-08-17	2020-10-23
6334	344	50	2015-06-03	2017-08-07
6335	427	92	2018-10-20	2020-12-26
6336	894	95	2017-10-22	2018-11-22
6337	790	6	2017-06-28	2019-07-28
6338	998	93	2020-11-13	2020-12-13
6339	431	50	2019-04-27	2019-04-27
6340	792	30	2016-04-11	2017-06-11
6341	579	82	2020-01-02	2020-01-03
6342	625	61	2015-02-24	2016-02-26
6343	979	93	2017-01-22	2018-01-23
6344	794	62	2018-11-18	2020-11-20
6345	816	62	2015-02-19	2016-03-24
6346	138	92	2015-11-21	2017-11-28
6347	250	64	2017-02-03	2018-03-09
6348	725	47	2019-12-02	2020-12-03
6349	195	62	2017-10-12	2017-10-15
6350	963	75	2020-01-17	2020-01-24
6351	946	37	2015-07-15	2016-09-18
6352	9	74	2017-10-09	2019-12-10
6353	510	89	2020-10-28	2020-10-28
6354	574	8	2018-09-04	2020-11-06
6355	155	20	2016-07-16	2017-08-22
6356	594	43	2018-04-19	2019-06-22
6357	981	9	2016-05-11	2017-06-15
6358	243	40	2017-05-23	2019-06-28
6359	974	91	2018-07-22	2018-09-23
6360	864	7	2019-11-09	2020-12-15
6361	886	63	2015-04-19	2016-04-25
6362	830	98	2020-02-26	2020-02-28
6363	580	64	2018-04-02	2020-04-05
6364	830	37	2016-11-01	2017-12-08
6365	999	97	2015-12-26	2015-12-28
6366	858	52	2016-04-23	2016-04-24
6367	950	97	2020-08-05	2020-10-07
6368	329	87	2017-10-18	2019-12-18
6369	577	62	2015-06-03	2016-08-08
6370	729	79	2015-12-06	2015-12-09
6371	665	18	2018-11-08	2020-11-12
6372	712	37	2016-11-12	2018-12-13
6373	838	53	2018-01-19	2020-02-24
6374	324	77	2017-02-19	2017-04-22
6375	638	94	2019-02-09	2019-04-15
6376	565	35	2020-12-17	2020-12-23
6377	515	34	2016-03-13	2017-04-20
6378	9	26	2018-09-20	2019-11-24
6379	513	2	2017-04-17	2017-04-17
6380	959	52	2016-04-06	2018-06-07
6381	665	40	2018-02-15	2020-02-15
6382	326	35	2019-04-14	2020-06-16
6383	997	33	2016-02-17	2017-03-17
6384	604	5	2018-02-22	2018-04-25
6385	380	90	2017-06-18	2019-07-24
6386	422	34	2020-07-08	2020-07-10
6387	467	19	2015-04-25	2015-06-28
6388	918	40	2018-08-22	2019-09-24
6389	778	80	2019-04-07	2020-04-13
6390	600	21	2018-09-04	2020-11-07
6391	614	16	2018-10-12	2020-10-18
6392	649	86	2020-04-21	2020-04-24
6393	608	97	2015-11-17	2015-12-24
6394	226	33	2018-02-14	2018-03-19
6395	810	75	2020-05-23	2020-07-26
6396	425	70	2020-05-10	2020-06-13
6397	436	60	2017-04-24	2017-04-28
6398	639	12	2018-02-08	2019-03-12
6399	22	99	2017-10-23	2019-10-28
6400	19	11	2019-03-06	2020-05-13
6401	791	66	2017-10-12	2019-10-13
6402	728	41	2018-03-03	2020-03-06
6403	944	60	2018-12-20	2020-12-27
6404	320	68	2016-05-09	2016-07-16
6405	581	14	2015-05-04	2015-05-05
6406	949	4	2020-11-09	2020-11-14
6407	511	98	2020-05-02	2020-06-07
6408	321	59	2016-10-21	2016-11-26
6409	702	30	2018-12-06	2019-12-06
6410	40	92	2015-01-08	2015-01-14
6411	117	56	2016-02-13	2017-02-16
6412	251	15	2018-11-22	2018-12-23
6413	275	24	2019-05-19	2020-05-24
6414	369	5	2020-07-08	2020-07-14
6415	942	67	2018-06-28	2020-08-28
6416	73	21	2016-09-08	2018-10-10
6417	980	9	2017-10-03	2017-10-08
6418	475	80	2020-01-03	2020-02-05
6419	659	48	2018-07-18	2019-09-22
6420	730	36	2020-06-27	2020-06-28
6421	49	21	2016-06-08	2017-07-09
6422	693	19	2015-08-25	2016-08-27
6423	786	48	2018-09-08	2018-11-13
6424	800	30	2016-07-24	2016-08-27
6425	649	55	2016-01-23	2018-02-23
6426	459	4	2020-10-06	2020-10-06
6427	178	99	2019-02-10	2019-03-15
6428	893	39	2017-12-01	2017-12-06
6429	296	25	2017-07-09	2018-09-14
6430	102	34	2019-11-23	2020-12-28
6431	688	47	2015-08-11	2016-09-11
6432	843	24	2020-11-17	2020-12-20
6433	987	73	2017-04-02	2017-06-05
6434	82	83	2020-11-26	2020-12-26
6435	522	72	2018-10-03	2019-11-06
6436	519	37	2019-08-21	2019-09-26
6437	563	14	2020-10-14	2020-10-14
6438	537	10	2020-03-20	2020-04-22
6439	921	2	2015-05-15	2015-07-19
6440	351	64	2018-04-20	2020-04-21
6441	618	53	2018-09-14	2019-10-21
6442	760	33	2019-07-24	2020-09-25
6443	616	99	2016-01-10	2017-02-15
6444	951	73	2017-11-17	2018-11-17
6445	761	82	2017-03-06	2017-05-11
6446	930	70	2016-11-15	2016-12-17
6447	340	34	2020-08-17	2020-09-20
6448	786	54	2017-02-18	2019-03-24
6449	94	48	2017-07-12	2018-09-18
6450	77	30	2018-04-12	2018-06-15
6451	95	97	2017-01-24	2018-01-28
6452	847	45	2019-02-11	2020-03-17
6453	993	98	2016-04-03	2018-06-07
6454	879	35	2020-03-17	2020-04-17
6455	827	52	2016-06-16	2018-08-16
6456	700	36	2017-01-15	2017-02-16
6457	671	3	2019-03-22	2019-05-23
6458	78	67	2016-09-02	2016-11-09
6459	176	54	2016-07-07	2018-09-07
6460	419	89	2016-06-17	2017-08-22
6461	460	72	2018-08-05	2019-10-11
6462	993	16	2018-03-20	2018-05-22
6463	691	93	2018-07-14	2020-08-20
6464	987	34	2020-12-09	2020-12-09
6465	497	91	2018-11-02	2018-12-06
6466	17	4	2020-06-05	2020-06-09
6467	775	66	2019-03-13	2020-05-19
6468	857	90	2019-07-24	2020-09-28
6469	160	14	2017-04-14	2018-05-20
6470	847	71	2020-11-12	2020-11-17
6471	539	60	2019-05-02	2019-06-05
6472	54	63	2015-02-06	2016-02-11
6473	967	38	2019-03-14	2020-05-16
6474	498	19	2019-10-01	2020-12-01
6475	899	23	2019-10-03	2020-11-08
6476	332	2	2017-06-07	2019-08-12
6477	651	75	2018-07-07	2019-09-12
6478	150	56	2017-12-18	2017-12-21
6479	703	13	2019-08-09	2020-09-15
6480	458	67	2017-10-01	2018-11-08
6481	670	81	2017-05-20	2017-07-25
6482	39	18	2019-10-03	2019-11-05
6483	2	89	2015-05-17	2016-07-20
6484	821	48	2016-04-28	2018-04-28
6485	270	12	2015-04-19	2017-04-19
6486	62	95	2015-08-07	2016-10-10
6487	632	29	2015-09-17	2017-10-18
6488	383	96	2018-04-27	2020-04-28
6489	640	79	2020-04-22	2020-05-22
6490	765	5	2020-02-19	2020-02-25
6491	806	13	2017-01-21	2018-03-27
6492	362	74	2020-02-02	2020-04-03
6493	1	99	2017-03-20	2018-04-26
6494	865	81	2018-03-20	2019-03-24
6495	256	67	2020-08-18	2020-09-19
6496	881	75	2017-05-22	2017-05-24
6497	264	37	2019-04-02	2020-06-09
6498	348	66	2016-11-17	2016-12-17
6499	376	10	2016-02-02	2018-04-02
6500	721	73	2020-03-02	2020-05-04
6501	93	56	2018-12-03	2020-12-04
6502	77	85	2016-09-24	2018-09-28
6503	497	86	2015-06-03	2017-08-07
6504	492	19	2017-07-05	2019-09-07
6505	926	76	2019-07-20	2020-08-26
6506	204	55	2016-10-05	2017-10-10
6507	761	83	2018-04-21	2018-05-21
6508	524	31	2018-10-16	2020-10-16
6509	868	96	2017-03-25	2019-03-28
6510	948	86	2017-02-04	2017-04-04
6511	120	75	2016-03-11	2017-05-13
6512	777	4	2020-02-04	2020-02-07
6513	815	49	2017-06-19	2017-08-26
6514	867	60	2020-05-09	2020-07-16
6515	898	64	2020-07-19	2020-07-20
6516	691	69	2018-01-02	2020-02-04
6517	270	2	2016-04-18	2018-06-21
6518	209	52	2018-03-14	2018-03-15
6519	294	49	2017-10-27	2018-10-28
6520	273	76	2019-12-21	2020-12-28
6521	947	22	2015-05-08	2015-06-10
6522	170	64	2020-04-04	2020-04-04
6523	931	19	2017-06-03	2019-08-07
6524	412	18	2016-07-27	2016-09-28
6525	948	41	2017-01-12	2019-03-16
6526	458	89	2019-09-06	2020-11-11
6527	540	37	2016-05-07	2016-07-13
6528	941	11	2020-10-22	2020-12-22
6529	751	30	2018-12-19	2018-12-19
6530	234	35	2019-03-28	2020-05-28
6531	579	13	2020-05-02	2020-06-02
6532	580	73	2015-10-14	2015-12-20
6533	258	79	2018-03-26	2018-04-27
6534	506	66	2020-08-26	2020-10-28
6535	496	18	2018-08-14	2019-08-18
6536	987	14	2015-05-13	2016-05-14
6537	623	30	2020-08-15	2020-09-20
6538	113	42	2016-10-07	2016-10-12
6539	533	67	2016-09-27	2017-11-28
6540	819	57	2018-11-25	2020-12-28
6541	662	22	2017-09-15	2019-11-17
6542	636	89	2016-04-01	2018-06-02
6543	725	75	2017-05-09	2018-07-09
6544	40	20	2018-10-09	2018-10-11
6545	403	15	2015-11-04	2017-11-04
6546	203	5	2015-01-23	2017-03-23
6547	402	99	2020-11-26	2020-12-28
6548	749	2	2017-07-15	2017-09-16
6549	520	64	2018-04-27	2018-05-28
6550	750	69	2018-02-16	2020-02-23
6551	474	10	2019-02-02	2020-02-04
6552	392	6	2017-10-06	2018-12-10
6553	644	31	2019-08-20	2020-09-20
6554	149	3	2018-10-09	2019-12-10
6555	806	9	2016-09-20	2016-11-27
6556	293	57	2018-02-21	2018-03-23
6557	976	23	2016-08-23	2016-08-24
6558	596	48	2017-05-09	2018-05-16
6559	73	40	2019-04-02	2019-05-08
6560	970	47	2015-10-26	2016-10-28
6561	706	87	2016-03-17	2017-04-23
6562	437	74	2019-10-26	2020-10-28
6563	183	27	2017-08-14	2019-10-21
6564	341	16	2017-07-22	2018-07-26
6565	782	49	2018-06-21	2020-07-23
6566	520	14	2020-07-11	2020-07-18
6567	593	80	2019-02-17	2019-04-18
6568	626	69	2020-05-09	2020-06-10
6569	300	13	2019-02-17	2019-02-23
6570	950	98	2019-11-24	2020-12-27
6571	129	48	2019-12-28	2020-12-28
6572	306	26	2016-02-06	2018-03-13
6573	48	6	2020-02-06	2020-03-11
6574	289	71	2017-06-05	2017-08-10
6575	632	58	2020-10-26	2020-11-28
6576	906	50	2017-02-09	2017-03-14
6577	847	77	2019-07-10	2019-08-10
6578	961	34	2019-11-28	2019-11-28
6579	569	40	2015-06-25	2016-06-25
6580	231	31	2016-09-16	2016-11-22
6581	586	18	2018-03-20	2018-05-23
6582	766	91	2016-03-28	2016-03-28
6583	519	33	2018-05-15	2018-07-20
6584	923	37	2018-09-22	2018-10-26
6585	312	15	2016-04-14	2017-05-21
6586	555	98	2019-09-26	2020-09-28
6587	995	89	2018-07-27	2019-09-28
6588	591	57	2017-07-22	2018-09-23
6589	591	26	2017-04-12	2018-05-16
6590	310	90	2019-07-09	2019-07-14
6591	419	84	2015-10-18	2015-11-24
6592	106	93	2018-08-12	2019-10-16
6593	687	17	2016-01-14	2018-03-16
6594	636	39	2018-04-21	2019-04-22
6595	328	22	2016-06-08	2016-07-15
6596	690	99	2019-05-13	2019-06-18
6597	257	47	2018-07-24	2018-08-25
6598	765	84	2015-01-09	2017-01-12
6599	509	53	2019-11-02	2020-12-07
6600	312	50	2017-04-12	2017-06-15
6601	506	23	2020-09-26	2020-09-26
6602	337	49	2018-02-19	2020-03-25
6603	860	49	2017-06-09	2018-06-13
6604	456	87	2020-09-27	2020-10-28
6605	308	36	2017-02-08	2019-02-08
6606	58	84	2019-05-17	2020-06-21
6607	627	74	2020-04-24	2020-05-26
6608	602	8	2015-03-19	2017-03-26
6609	97	89	2020-11-22	2020-12-23
6610	461	81	2018-04-06	2019-06-07
6611	616	50	2015-12-26	2017-12-28
6612	922	67	2016-01-18	2018-02-24
6613	14	14	2017-02-04	2018-02-08
6614	942	81	2016-09-03	2018-09-10
6615	202	7	2017-06-02	2017-07-06
6616	522	32	2019-06-03	2020-08-06
6617	199	22	2016-12-27	2018-12-28
6618	518	34	2019-11-16	2020-12-17
6619	988	11	2019-08-27	2020-08-28
6620	905	28	2020-05-08	2020-06-13
6621	840	11	2020-07-03	2020-09-05
6622	959	92	2015-09-01	2015-10-05
6623	254	96	2017-10-09	2019-10-10
6624	485	64	2018-11-17	2018-12-18
6625	311	66	2015-06-16	2016-08-21
6626	446	69	2019-12-16	2020-12-22
6627	900	10	2016-08-19	2016-09-23
6628	236	80	2019-10-07	2020-10-12
6629	174	8	2018-03-23	2020-04-26
6630	778	80	2020-07-12	2020-07-14
6631	361	90	2015-12-17	2017-12-22
6632	730	63	2019-03-12	2019-05-16
6633	643	33	2019-10-22	2019-12-23
6634	358	74	2020-10-05	2020-11-09
6635	64	11	2020-07-25	2020-09-28
6636	277	46	2017-05-05	2019-06-10
6637	739	87	2018-06-24	2018-07-28
6638	467	21	2018-06-04	2020-08-11
6639	412	88	2019-07-09	2020-09-15
6640	181	15	2018-03-06	2018-05-12
6641	751	10	2019-01-20	2020-01-25
6642	27	57	2019-06-21	2020-07-25
6643	429	37	2020-10-13	2020-11-14
6644	854	24	2015-10-24	2016-11-26
6645	874	10	2020-08-10	2020-08-13
6646	370	87	2015-11-25	2016-11-28
6647	924	53	2017-10-18	2017-11-20
6648	430	82	2015-01-11	2017-01-13
6649	668	62	2017-06-28	2018-07-28
6650	965	52	2015-04-27	2016-06-28
6651	483	71	2016-06-23	2016-08-28
6652	302	43	2018-09-04	2018-11-09
6653	725	17	2019-05-07	2020-07-09
6654	717	22	2017-10-03	2017-10-10
6655	720	73	2017-12-04	2019-12-07
6656	818	96	2020-02-09	2020-02-16
6657	743	43	2017-03-10	2019-03-17
6658	933	65	2018-01-13	2020-02-16
6659	256	76	2017-05-23	2018-07-28
6660	138	88	2019-02-18	2020-03-25
6661	841	4	2019-06-12	2020-07-18
6662	615	87	2019-02-22	2020-02-24
6663	651	12	2017-03-09	2019-04-10
6664	685	56	2018-09-22	2020-10-22
6665	753	77	2016-02-14	2017-02-17
6666	598	94	2016-04-23	2018-06-26
6667	669	100	2016-01-26	2018-03-26
6668	937	17	2016-04-17	2018-04-19
6669	669	14	2015-05-02	2015-06-03
6670	437	42	2020-10-01	2020-10-08
6671	238	80	2017-08-28	2019-09-28
6672	122	13	2019-10-28	2020-11-28
6673	258	56	2018-11-23	2018-12-23
6674	131	76	2020-12-18	2020-12-18
6675	760	81	2019-05-20	2020-05-26
6676	100	32	2016-02-08	2016-03-12
6677	328	48	2015-06-24	2015-08-24
6678	242	72	2018-03-28	2018-05-28
6679	8	55	2020-11-02	2020-12-03
6680	293	21	2020-06-27	2020-06-28
6681	510	35	2015-09-05	2015-09-06
6682	846	5	2020-02-28	2020-03-28
6683	214	79	2019-06-15	2020-06-16
6684	704	15	2015-01-08	2015-03-11
6685	800	68	2015-01-21	2017-02-28
6686	471	59	2015-03-22	2016-03-24
6687	901	58	2019-08-24	2019-10-26
6688	719	35	2017-09-17	2017-10-23
6689	918	22	2016-01-14	2016-03-17
6690	370	48	2015-01-13	2015-03-14
6691	267	83	2015-07-26	2017-09-26
6692	671	44	2019-06-20	2020-07-26
6693	840	40	2017-03-14	2018-04-21
6694	204	90	2018-11-25	2018-12-28
6695	562	64	2020-04-08	2020-05-12
6696	364	50	2016-07-24	2016-07-28
6697	57	15	2019-12-07	2020-12-12
6698	513	98	2017-10-28	2019-10-28
6699	736	13	2017-11-03	2017-12-06
6700	750	77	2015-07-19	2017-07-20
6701	55	82	2020-07-22	2020-08-28
6702	973	88	2020-01-22	2020-01-28
6703	845	61	2018-10-02	2019-11-09
6704	86	32	2017-09-13	2019-09-17
6705	572	83	2017-03-23	2019-03-28
6706	891	76	2018-03-19	2018-05-26
6707	68	74	2020-12-07	2020-12-11
6708	337	16	2020-12-22	2020-12-27
6709	547	60	2016-02-18	2017-03-24
6710	48	27	2019-03-27	2019-04-28
6711	145	2	2016-08-09	2016-09-15
6712	401	46	2019-06-25	2020-06-27
6713	975	70	2016-03-17	2018-03-20
6714	420	33	2017-12-18	2018-12-24
6715	957	32	2016-09-22	2016-10-28
6716	222	94	2017-02-17	2019-02-21
6717	811	94	2016-02-08	2016-02-13
6718	732	15	2018-11-23	2018-11-26
6719	325	66	2020-04-26	2020-04-26
6720	512	17	2018-07-04	2019-09-06
6721	254	78	2017-10-26	2017-10-28
6722	178	16	2019-12-22	2020-12-22
6723	552	22	2015-03-19	2017-03-20
6724	477	24	2019-02-15	2020-03-20
6725	824	19	2015-02-28	2016-03-28
6726	658	39	2015-09-22	2015-11-24
6727	257	66	2015-01-25	2015-02-28
6728	271	43	2016-09-18	2017-11-23
6729	72	33	2015-12-08	2016-12-15
6730	430	91	2019-10-18	2020-10-20
6731	106	92	2018-03-09	2020-05-15
6732	177	57	2019-07-28	2020-07-28
6733	334	72	2020-01-20	2020-03-27
6734	92	97	2015-08-01	2016-08-07
6735	341	3	2018-06-25	2019-06-28
6736	855	84	2018-07-16	2020-07-20
6737	238	36	2016-01-28	2016-02-28
6738	39	3	2015-10-27	2017-11-28
6739	403	39	2015-01-26	2015-01-27
6740	293	13	2020-03-17	2020-03-17
6741	591	43	2020-12-25	2020-12-27
6742	668	24	2019-05-09	2020-05-12
6743	613	37	2015-08-25	2017-10-27
6744	805	12	2016-01-19	2017-01-25
6745	617	7	2015-02-10	2015-02-11
6746	546	22	2016-02-27	2016-04-28
6747	922	47	2016-05-12	2018-06-12
6748	614	90	2018-01-11	2019-03-17
6749	882	10	2020-07-08	2020-07-11
6750	21	90	2017-06-24	2018-07-28
6751	194	91	2019-01-23	2020-01-24
6752	306	2	2016-04-18	2016-04-22
6753	89	5	2016-06-21	2016-07-27
6754	39	49	2018-12-01	2018-12-04
6755	369	70	2015-08-09	2017-10-09
6756	912	43	2018-12-08	2020-12-13
6757	601	38	2016-10-28	2016-12-28
6758	603	97	2015-03-18	2015-03-19
6759	523	14	2017-06-04	2017-07-06
6760	266	34	2016-07-01	2016-09-02
6761	221	88	2020-03-01	2020-04-08
6762	112	64	2018-04-27	2019-04-28
6763	323	53	2019-07-15	2020-07-21
6764	877	46	2015-02-05	2016-04-12
6765	362	94	2017-10-08	2017-12-12
6766	383	59	2017-10-03	2018-11-09
6767	420	100	2018-09-23	2018-11-27
6768	429	78	2019-10-21	2020-12-27
6769	319	28	2015-09-23	2015-09-27
6770	88	34	2020-09-06	2020-10-11
6771	961	10	2020-05-25	2020-06-26
6772	219	76	2016-11-21	2018-11-21
6773	540	59	2016-03-27	2018-05-27
6774	210	20	2017-05-05	2017-07-07
6775	799	32	2016-04-27	2016-05-28
6776	823	85	2018-01-26	2020-02-28
6777	829	46	2016-06-19	2016-06-20
6778	462	10	2018-09-12	2019-11-18
6779	675	87	2020-08-09	2020-08-09
6780	565	78	2020-12-10	2020-12-13
6781	587	40	2017-04-08	2018-05-08
6782	131	57	2019-01-28	2020-03-28
6783	389	70	2017-03-26	2017-03-28
6784	72	67	2018-02-23	2018-03-28
6785	973	30	2020-12-17	2020-12-21
6786	743	59	2015-01-04	2016-02-08
6787	96	35	2015-05-02	2015-05-08
6788	130	51	2019-05-27	2019-07-27
6789	384	37	2018-11-15	2020-11-18
6790	264	88	2018-09-21	2020-09-27
6791	860	42	2017-12-15	2019-12-15
6792	124	88	2018-02-05	2019-04-11
6793	569	27	2020-08-06	2020-09-10
6794	455	28	2017-09-11	2017-10-16
6795	341	2	2020-09-20	2020-10-22
6796	359	84	2018-01-20	2020-03-27
6797	908	87	2020-02-27	2020-02-28
6798	385	82	2018-10-09	2020-12-14
6799	565	76	2017-08-13	2018-09-14
6800	852	44	2016-01-23	2016-02-28
6801	596	100	2017-11-27	2019-12-27
6802	140	3	2016-09-03	2017-10-03
6803	491	9	2020-02-16	2020-03-17
6804	11	45	2016-07-22	2017-07-23
6805	273	4	2015-11-22	2017-12-28
6806	183	79	2019-06-05	2019-08-12
6807	834	66	2020-06-24	2020-06-24
6808	415	31	2018-12-28	2018-12-28
6809	814	33	2018-02-11	2020-02-13
6810	993	70	2015-12-06	2016-12-08
6811	870	90	2019-11-03	2020-12-09
6812	695	60	2020-10-25	2020-11-28
6813	14	96	2018-03-20	2020-03-22
6814	569	72	2020-01-02	2020-02-04
6815	963	26	2019-03-03	2020-04-05
6816	367	74	2020-09-27	2020-09-28
6817	89	33	2020-02-12	2020-03-16
6818	432	73	2018-07-09	2019-08-10
6819	238	72	2015-02-03	2016-02-08
6820	752	60	2020-04-21	2020-04-21
6821	815	50	2015-05-21	2015-05-21
6822	398	90	2015-01-07	2015-01-07
6823	737	65	2017-12-10	2017-12-16
6824	899	59	2019-11-17	2020-12-23
6825	473	37	2015-05-28	2016-07-28
6826	452	99	2018-06-15	2019-08-20
6827	975	8	2017-08-12	2019-08-18
6828	798	93	2016-08-01	2016-10-07
6829	883	29	2015-09-02	2017-11-08
6830	305	72	2019-07-18	2020-07-18
6831	837	26	2017-01-23	2019-03-28
6832	941	63	2017-09-01	2018-11-03
6833	434	88	2016-09-04	2016-11-05
6834	858	54	2018-12-08	2018-12-14
6835	62	29	2020-03-21	2020-04-25
6836	841	69	2016-09-05	2018-10-11
6837	490	80	2019-01-21	2019-02-22
6838	648	71	2016-10-07	2018-10-13
6839	928	32	2017-01-22	2017-01-27
6840	150	93	2020-07-23	2020-09-28
6841	426	55	2018-07-11	2020-07-18
6842	83	91	2016-02-19	2016-03-24
6843	472	56	2015-01-28	2016-02-28
6844	491	5	2020-11-14	2020-11-15
6845	861	19	2020-02-03	2020-02-06
6846	118	99	2016-10-27	2017-12-28
6847	686	41	2016-09-27	2017-11-28
6848	924	33	2018-10-12	2018-11-13
6849	219	22	2016-01-14	2017-01-20
6850	977	94	2019-06-20	2020-07-25
6851	314	93	2015-09-20	2016-11-23
6852	923	28	2016-10-07	2017-10-07
6853	233	49	2020-04-15	2020-05-15
6854	271	48	2017-04-20	2017-06-20
6855	539	93	2017-10-21	2019-12-27
6856	685	40	2017-12-10	2017-12-10
6857	602	100	2020-04-07	2020-04-10
6858	237	3	2018-08-08	2019-10-10
6859	936	45	2017-12-03	2019-12-05
6860	544	2	2019-04-28	2019-06-28
6861	112	62	2015-10-15	2015-10-22
6862	645	64	2015-06-16	2015-06-20
6863	473	16	2016-08-11	2017-08-13
6864	38	18	2016-05-28	2017-05-28
6865	368	92	2017-06-01	2019-06-08
6866	797	52	2019-11-19	2020-12-24
6867	321	60	2020-12-14	2020-12-21
6868	77	8	2015-11-14	2015-12-14
6869	368	93	2017-06-13	2017-08-13
6870	779	2	2019-01-14	2020-01-20
6871	200	33	2017-03-18	2019-03-19
6872	545	52	2019-07-21	2020-09-25
6873	670	86	2018-07-21	2019-08-21
6874	444	57	2016-04-14	2017-06-17
6875	460	38	2020-10-08	2020-12-13
6876	622	68	2020-12-20	2020-12-23
6877	91	5	2015-06-01	2016-08-07
6878	178	91	2019-10-21	2020-11-28
6879	418	78	2018-08-09	2020-08-10
6880	298	24	2019-02-13	2020-02-15
6881	463	32	2015-03-24	2017-04-28
6882	302	39	2016-06-14	2018-07-17
6883	258	40	2019-01-18	2019-01-20
6884	614	33	2016-06-24	2017-07-28
6885	708	51	2019-09-01	2020-11-03
6886	774	69	2019-04-26	2020-04-28
6887	300	49	2018-05-20	2018-05-23
6888	840	2	2019-07-06	2020-09-08
6889	516	61	2015-12-19	2015-12-26
6890	894	11	2017-09-10	2019-09-17
6891	955	5	2015-02-28	2015-02-28
6892	92	50	2016-07-28	2017-07-28
6893	982	2	2015-06-26	2017-08-28
6894	779	83	2017-07-26	2018-08-28
6895	145	69	2015-01-02	2015-02-06
6896	857	88	2018-06-17	2018-06-23
6897	912	90	2018-04-27	2020-04-28
6898	170	98	2017-05-15	2019-07-21
6899	421	22	2015-10-05	2017-11-06
6900	196	38	2019-03-28	2020-03-28
6901	595	73	2016-07-22	2018-09-22
6902	755	30	2019-07-18	2020-08-22
6903	28	59	2018-10-15	2018-11-15
6904	260	6	2020-03-22	2020-05-22
6905	572	60	2018-12-01	2018-12-04
6906	76	6	2016-05-17	2017-06-20
6907	2	26	2015-03-11	2015-03-11
6908	775	90	2020-08-19	2020-09-24
6909	138	19	2018-04-24	2018-04-28
6910	889	10	2019-07-17	2020-07-18
6911	332	77	2018-01-05	2018-02-07
6912	910	97	2019-10-27	2019-12-28
6913	555	38	2020-04-19	2020-04-24
6914	43	59	2019-08-15	2019-10-22
6915	565	21	2020-01-10	2020-01-13
6916	128	34	2020-04-06	2020-06-08
6917	552	24	2020-05-18	2020-07-25
6918	182	5	2020-01-28	2020-02-28
6919	305	41	2016-10-24	2016-11-27
6920	832	85	2017-03-07	2019-04-10
6921	637	52	2015-05-20	2016-07-21
6922	133	6	2015-03-20	2017-05-27
6923	368	61	2018-10-20	2020-12-21
6924	469	34	2017-07-06	2019-07-06
6925	796	28	2016-01-15	2016-01-15
6926	744	92	2018-06-09	2019-08-12
6927	979	50	2020-11-01	2020-12-08
6928	747	60	2017-07-18	2018-07-24
6929	681	22	2016-03-12	2017-05-14
6930	702	23	2019-12-25	2020-12-27
6931	550	70	2018-12-19	2020-12-20
6932	51	62	2018-12-02	2018-12-06
6933	496	44	2015-06-07	2016-07-07
6934	952	45	2019-02-17	2020-03-17
6935	190	80	2018-06-01	2018-08-04
6936	557	42	2018-07-13	2018-08-20
6937	486	32	2015-10-09	2017-12-11
6938	455	24	2016-08-17	2016-09-24
6939	114	17	2015-02-05	2017-03-12
6940	338	53	2020-11-04	2020-11-09
6941	892	29	2015-01-17	2016-03-24
6942	133	36	2015-10-11	2017-11-14
6943	196	7	2017-04-05	2018-06-11
6944	635	64	2018-05-03	2020-05-03
6945	836	8	2015-07-01	2016-09-06
6946	174	87	2016-11-18	2016-11-22
6947	289	89	2018-07-23	2019-07-27
6948	95	67	2018-05-11	2018-06-12
6949	786	40	2016-09-26	2018-09-28
6950	925	72	2018-06-19	2020-08-25
6951	435	31	2020-11-10	2020-12-15
6952	476	88	2020-12-15	2020-12-19
6953	503	33	2015-05-25	2017-05-26
6954	665	72	2016-11-04	2017-11-07
6955	299	17	2020-05-21	2020-07-25
6956	915	97	2019-08-16	2019-08-22
6957	723	97	2019-02-21	2020-04-21
6958	371	64	2020-01-23	2020-03-25
6959	704	89	2016-11-15	2016-11-16
6960	164	6	2019-09-24	2019-11-28
6961	761	65	2017-03-11	2018-05-12
6962	786	88	2020-05-05	2020-05-10
6963	918	98	2018-01-25	2020-01-26
6964	715	59	2016-06-16	2018-07-22
6965	77	17	2019-02-18	2019-04-22
6966	884	86	2018-03-03	2018-04-09
6967	467	28	2016-11-11	2016-12-12
6968	141	40	2020-05-04	2020-06-08
6969	388	17	2019-12-02	2019-12-08
6970	693	99	2017-03-10	2018-04-10
6971	47	56	2020-08-02	2020-08-02
6972	148	4	2015-12-24	2017-12-28
6973	303	32	2019-05-16	2019-05-19
6974	46	77	2019-12-23	2020-12-23
6975	320	47	2017-12-11	2017-12-16
6976	158	61	2018-12-11	2020-12-12
6977	65	3	2017-12-22	2017-12-27
6978	554	68	2015-03-20	2017-03-21
6979	360	67	2020-03-22	2020-05-25
6980	299	18	2018-04-02	2020-06-08
6981	501	49	2016-09-26	2018-11-28
6982	918	69	2018-01-23	2020-03-28
6983	794	25	2015-07-26	2017-07-28
6984	842	36	2019-01-22	2020-01-28
6985	778	7	2018-07-03	2019-09-07
6986	920	25	2017-01-09	2019-01-12
6987	982	99	2016-10-03	2016-11-06
6988	628	96	2019-05-04	2019-06-04
6989	136	68	2018-02-10	2019-02-11
6990	452	66	2019-04-04	2019-05-09
6991	202	90	2015-12-17	2017-12-17
6992	390	95	2017-03-08	2017-03-08
6993	450	4	2015-02-15	2015-03-20
6994	538	100	2019-09-12	2020-09-15
6995	242	48	2017-11-24	2017-12-28
6996	540	34	2016-04-16	2016-04-18
6997	978	81	2019-09-23	2020-10-24
6998	369	24	2017-02-27	2018-02-28
6999	392	30	2016-10-27	2016-10-27
7000	679	67	2018-12-05	2019-12-09
7001	337	47	2019-01-25	2020-02-25
7002	912	36	2017-03-02	2017-03-03
7003	774	58	2020-08-06	2020-10-08
7004	483	49	2019-08-09	2019-10-12
7005	489	98	2016-05-18	2017-07-19
7006	33	38	2015-10-25	2015-12-28
7007	940	7	2019-11-07	2020-12-10
7008	571	6	2019-10-15	2020-12-20
7009	620	11	2017-07-19	2019-08-24
7010	145	63	2020-10-24	2020-10-24
7011	887	49	2020-01-16	2020-02-20
7012	977	92	2016-01-16	2016-03-22
7013	255	18	2015-12-11	2017-12-15
7014	903	4	2015-01-28	2017-02-28
7015	55	35	2018-09-02	2020-09-07
7016	708	85	2016-12-04	2017-12-11
7017	698	34	2018-11-02	2019-12-03
7018	517	34	2020-03-28	2020-05-28
7019	671	66	2019-07-07	2019-08-07
7020	892	5	2015-10-24	2017-12-26
7021	247	86	2017-09-08	2018-10-10
7022	493	74	2016-09-25	2016-11-26
7023	561	52	2018-03-24	2020-04-28
7024	245	61	2019-12-26	2020-12-28
7025	481	62	2020-04-27	2020-06-28
7026	262	9	2020-05-25	2020-06-28
7027	472	23	2017-07-27	2017-09-28
7028	318	53	2018-11-19	2018-12-23
7029	97	90	2017-04-01	2018-06-03
7030	526	4	2017-03-06	2019-03-13
7031	975	8	2015-09-22	2015-09-24
7032	544	19	2019-09-21	2020-11-28
7033	595	29	2019-07-14	2019-09-20
7034	844	50	2017-03-23	2018-03-26
7035	105	15	2020-12-14	2020-12-19
7036	342	25	2017-07-17	2017-08-19
7037	639	80	2015-11-12	2016-12-14
7038	466	62	2017-12-10	2019-12-12
7039	291	82	2017-12-28	2017-12-28
7040	910	97	2015-01-24	2017-03-28
7041	31	81	2020-04-28	2020-05-28
7042	178	12	2020-07-11	2020-07-13
7043	101	83	2015-12-26	2015-12-28
7044	306	57	2019-07-27	2019-07-27
7045	859	15	2019-05-21	2020-05-23
7046	25	57	2016-07-28	2017-09-28
7047	223	29	2018-06-06	2018-06-11
7048	602	24	2017-02-09	2019-04-13
7049	330	54	2017-08-18	2019-09-25
7050	48	33	2016-01-15	2017-03-22
7051	322	51	2015-07-21	2015-08-27
7052	46	48	2015-03-26	2015-03-28
7053	349	24	2018-01-24	2018-03-25
7054	473	35	2017-01-27	2017-03-28
7055	61	97	2017-05-21	2019-06-23
7056	590	59	2018-01-18	2019-01-20
7057	425	75	2016-09-11	2017-11-17
7058	422	77	2016-07-23	2018-08-28
7059	938	6	2016-08-04	2016-08-06
7060	84	3	2018-02-18	2018-02-24
7061	994	49	2018-10-02	2020-11-08
7062	239	54	2016-04-21	2016-05-25
7063	662	68	2020-05-14	2020-06-15
7064	581	90	2016-08-11	2018-09-18
7065	998	87	2017-04-09	2017-04-10
7066	558	39	2015-11-06	2016-11-06
7067	471	67	2020-12-08	2020-12-11
7068	642	33	2017-08-04	2017-08-06
7069	195	49	2017-04-19	2018-04-25
7070	147	40	2017-02-11	2019-02-11
7071	365	88	2020-04-08	2020-04-08
7072	603	30	2020-08-07	2020-10-10
7073	453	24	2017-10-10	2017-12-16
7074	23	94	2019-08-03	2020-09-09
7075	744	69	2016-06-02	2017-08-02
7076	98	84	2019-05-19	2019-05-23
7077	748	5	2015-07-28	2016-07-28
7078	607	41	2020-09-27	2020-09-28
7079	9	88	2019-11-05	2020-11-10
7080	200	97	2015-05-02	2016-07-02
7081	711	91	2017-09-26	2018-10-28
7082	175	9	2020-06-05	2020-07-10
7083	807	46	2017-09-12	2019-11-15
7084	9	80	2018-10-12	2018-11-15
7085	992	50	2016-12-26	2016-12-28
7086	68	79	2015-06-02	2016-06-05
7087	547	99	2018-08-23	2018-08-28
7088	797	98	2017-03-28	2017-03-28
7089	383	46	2020-11-18	2020-12-22
7090	907	38	2018-08-09	2018-09-09
7091	612	94	2015-07-11	2015-08-16
7092	874	18	2016-09-28	2017-10-28
7093	226	25	2020-10-25	2020-11-27
7094	350	8	2015-06-12	2017-07-18
7095	916	89	2017-09-19	2018-10-23
7096	440	42	2020-12-15	2020-12-21
7097	410	95	2017-09-18	2017-11-25
7098	901	69	2020-09-23	2020-09-27
7099	43	70	2015-05-08	2015-05-11
7100	774	69	2015-03-09	2017-03-11
7101	441	99	2016-02-20	2017-03-24
7102	525	83	2016-04-19	2017-04-26
7103	182	98	2019-04-20	2020-06-26
7104	29	93	2017-11-13	2019-12-15
7105	227	100	2019-07-04	2020-07-04
7106	43	40	2017-12-12	2019-12-12
7107	184	87	2015-02-18	2015-04-25
7108	174	77	2019-03-19	2020-05-25
7109	955	8	2016-11-01	2018-12-07
7110	179	24	2016-09-10	2017-10-16
7111	745	67	2019-01-22	2020-03-25
7112	222	90	2020-10-23	2020-12-24
7113	531	82	2016-05-25	2018-05-28
7114	685	94	2016-06-06	2016-06-07
7115	872	43	2017-06-22	2019-08-28
7116	495	54	2016-11-28	2018-12-28
7117	606	60	2016-10-11	2016-11-13
7118	516	48	2016-03-17	2016-04-23
7119	769	68	2019-12-13	2020-12-15
7120	849	83	2017-08-06	2019-10-09
7121	30	61	2017-07-21	2018-07-22
7122	858	78	2020-06-10	2020-07-15
7123	420	94	2018-07-02	2019-08-08
7124	810	58	2018-07-28	2019-07-28
7125	235	16	2016-12-05	2018-12-09
7126	866	95	2019-12-22	2020-12-27
7127	722	87	2018-09-12	2019-11-18
7128	435	34	2018-05-08	2019-07-11
7129	282	63	2017-07-28	2019-08-28
7130	57	41	2017-08-28	2019-09-28
7131	934	28	2019-07-24	2019-08-24
7132	264	39	2020-12-26	2020-12-28
7133	675	80	2018-10-24	2020-11-26
7134	689	8	2019-06-04	2019-06-11
7135	416	99	2019-09-17	2020-10-22
7136	293	40	2017-02-04	2018-04-11
7137	397	41	2020-05-21	2020-06-25
7138	59	41	2015-06-22	2015-06-28
7139	902	4	2018-03-08	2018-03-14
7140	738	68	2015-08-14	2015-08-20
7141	6	3	2019-03-08	2020-04-12
7142	936	7	2015-09-14	2016-09-17
7143	115	39	2019-03-10	2020-04-14
7144	984	2	2020-12-11	2020-12-15
7145	350	12	2018-06-17	2019-07-18
7146	700	54	2017-10-08	2017-11-14
7147	764	68	2015-12-14	2015-12-17
7148	54	53	2015-07-24	2016-09-28
7149	589	48	2015-09-04	2017-10-06
7150	563	15	2018-07-17	2019-08-21
7151	615	96	2015-07-04	2016-07-07
7152	792	37	2015-04-05	2017-05-11
7153	181	87	2017-03-09	2019-03-16
7154	283	63	2017-08-03	2019-08-05
7155	951	62	2020-08-21	2020-10-28
7156	425	75	2018-07-07	2020-08-14
7157	258	15	2016-09-10	2016-09-10
7158	476	14	2019-08-24	2020-08-28
7159	393	80	2016-02-12	2018-03-19
7160	571	36	2016-12-17	2017-12-21
7161	808	58	2015-10-28	2016-11-28
7162	100	98	2019-01-22	2019-02-25
7163	592	33	2017-06-28	2017-08-28
7164	582	18	2020-01-11	2020-02-18
7165	184	27	2019-09-11	2020-09-11
7166	79	95	2016-10-01	2016-10-03
7167	154	62	2019-03-28	2019-05-28
7168	748	34	2016-11-23	2018-12-28
7169	45	93	2016-03-25	2017-04-28
7170	107	36	2018-01-17	2019-02-19
7171	989	32	2015-12-11	2016-12-18
7172	646	26	2020-12-06	2020-12-06
7173	481	66	2016-03-01	2017-04-08
7174	63	17	2017-10-14	2018-10-19
7175	22	45	2016-03-03	2017-04-05
7176	927	59	2016-05-17	2017-05-23
7177	9	45	2020-06-19	2020-06-20
7178	290	100	2016-04-13	2017-05-15
7179	163	28	2016-10-23	2017-12-27
7180	217	99	2019-01-24	2019-01-28
7181	184	4	2017-07-03	2018-07-09
7182	393	45	2015-05-17	2017-07-19
7183	505	65	2015-11-26	2016-11-28
7184	391	28	2017-06-27	2019-07-28
7185	141	37	2019-04-12	2019-05-14
7186	261	8	2019-05-28	2020-06-28
7187	976	32	2016-01-26	2018-03-28
7188	16	67	2015-06-11	2016-07-16
7189	718	88	2020-10-15	2020-11-17
7190	41	60	2015-05-19	2017-06-23
7191	878	3	2019-07-22	2020-09-24
7192	401	23	2016-10-25	2017-10-27
7193	80	38	2015-08-02	2017-08-05
7194	284	13	2016-11-26	2016-11-28
7195	313	6	2017-04-15	2017-05-16
7196	564	85	2020-04-27	2020-04-28
7197	502	99	2016-11-17	2017-12-18
7198	319	2	2018-02-27	2019-04-28
7199	356	63	2018-12-26	2019-12-28
7200	904	97	2015-04-23	2017-06-28
7201	489	29	2015-07-25	2016-07-28
7202	373	42	2020-02-24	2020-02-28
7203	419	97	2019-09-28	2019-10-28
7204	606	80	2020-05-01	2020-05-04
7205	911	49	2018-07-18	2020-09-18
7206	933	74	2017-02-28	2019-04-28
7207	990	58	2020-12-05	2020-12-07
7208	486	53	2018-02-26	2020-04-28
7209	163	73	2015-05-11	2016-06-14
7210	370	74	2016-03-02	2017-03-06
7211	787	93	2019-04-04	2020-04-06
7212	948	29	2018-02-24	2020-04-28
7213	704	18	2020-08-25	2020-09-28
7214	311	23	2020-07-02	2020-08-09
7215	49	8	2015-08-01	2017-08-08
7216	778	60	2019-02-11	2020-02-17
7217	551	32	2015-08-21	2016-08-22
7218	627	99	2020-10-26	2020-11-27
7219	841	82	2017-12-18	2018-12-18
7220	150	97	2015-02-27	2015-04-28
7221	913	41	2015-02-05	2015-03-07
7222	261	99	2018-07-27	2018-08-28
7223	309	19	2017-04-13	2018-04-19
7224	145	71	2020-11-27	2020-12-28
7225	16	81	2020-12-22	2020-12-28
7226	856	92	2016-09-26	2016-11-26
7227	847	52	2019-06-25	2020-08-26
7228	37	43	2015-01-09	2015-01-16
7229	280	13	2019-12-08	2020-12-08
7230	614	16	2020-11-03	2020-12-03
7231	815	31	2015-04-16	2015-05-19
7232	319	7	2017-12-19	2017-12-19
7233	388	33	2017-08-02	2018-08-08
7234	521	51	2019-04-21	2020-06-23
7235	985	16	2020-01-10	2020-01-17
7236	258	69	2018-06-08	2020-06-13
7237	326	89	2015-09-19	2017-11-20
7238	996	97	2016-12-16	2016-12-23
7239	149	68	2015-03-22	2015-05-22
7240	67	97	2018-03-08	2018-05-14
7241	6	37	2018-10-06	2018-11-11
7242	694	86	2018-01-12	2018-03-16
7243	96	73	2016-07-18	2017-09-21
7244	465	54	2017-09-18	2019-10-18
7245	73	80	2018-01-08	2020-01-08
7246	137	52	2017-09-15	2018-10-18
7247	133	78	2020-02-09	2020-03-12
7248	385	97	2017-05-24	2018-06-28
7249	224	32	2017-12-04	2017-12-05
7250	497	77	2020-01-14	2020-01-16
7251	155	71	2020-09-20	2020-10-26
7252	38	19	2020-09-05	2020-09-10
7253	365	67	2016-06-15	2018-08-18
7254	300	58	2015-08-12	2015-09-12
7255	702	55	2016-12-03	2018-12-09
7256	35	35	2018-10-18	2020-12-20
7257	260	55	2016-06-03	2016-07-08
7258	822	40	2016-10-11	2017-10-11
7259	433	97	2018-09-10	2019-10-10
7260	406	13	2018-10-07	2019-12-12
7261	285	57	2016-10-28	2018-11-28
7262	438	47	2020-05-19	2020-05-19
7263	174	98	2015-12-16	2017-12-20
7264	682	43	2015-12-02	2017-12-06
7265	250	85	2020-08-22	2020-09-27
7266	948	16	2019-07-19	2020-09-20
7267	157	100	2015-12-07	2017-12-12
7268	945	42	2016-06-27	2017-08-28
7269	731	64	2019-06-01	2020-07-01
7270	758	68	2019-05-22	2019-06-25
7271	785	8	2018-09-23	2020-11-25
7272	579	26	2017-08-15	2019-10-22
7273	396	89	2019-11-07	2019-12-08
7274	714	5	2015-07-24	2015-07-24
7275	294	48	2017-09-10	2019-11-16
7276	934	87	2016-12-13	2017-12-19
7277	661	36	2019-01-19	2019-02-24
7278	781	26	2019-12-01	2020-12-05
7279	955	11	2015-10-07	2015-10-13
7280	500	80	2015-11-09	2017-11-14
7281	69	31	2016-01-06	2018-01-13
7282	782	33	2019-11-06	2019-12-13
7283	416	50	2019-03-24	2019-05-25
7284	344	39	2015-01-12	2017-03-12
7285	481	75	2020-02-03	2020-02-09
7286	868	93	2018-04-26	2020-04-28
7287	972	26	2015-04-27	2015-05-28
7288	28	54	2016-12-08	2016-12-10
7289	111	17	2019-08-22	2020-10-28
7290	823	65	2019-11-22	2020-12-23
7291	369	10	2019-07-13	2020-09-14
7292	806	18	2016-07-03	2017-07-08
7293	527	88	2015-09-17	2015-10-18
7294	732	86	2016-07-15	2018-07-19
7295	765	21	2017-04-10	2017-05-14
7296	555	61	2015-06-27	2015-07-28
7297	710	45	2017-12-19	2018-12-24
7298	314	90	2018-09-10	2018-10-12
7299	385	40	2018-11-21	2019-11-26
7300	977	96	2020-07-18	2020-07-24
7301	305	35	2015-01-11	2015-03-11
7302	271	20	2015-06-09	2017-08-13
7303	329	13	2015-03-25	2017-03-28
7304	227	92	2019-05-10	2020-05-14
7305	706	95	2019-04-22	2019-04-24
7306	739	8	2020-08-10	2020-08-13
7307	907	48	2017-10-12	2018-10-15
7308	616	92	2019-09-13	2020-10-19
7309	803	76	2018-09-15	2020-10-18
7310	121	92	2015-07-18	2015-08-25
7311	977	43	2019-01-25	2019-01-28
7312	376	51	2016-10-28	2016-11-28
7313	921	23	2016-12-03	2017-12-04
7314	618	58	2019-09-05	2020-09-09
7315	32	28	2020-09-22	2020-10-24
7316	961	40	2019-05-08	2020-05-14
7317	95	16	2018-11-23	2018-12-28
7318	556	7	2015-02-10	2015-02-17
7319	794	86	2019-07-14	2020-09-14
7320	344	47	2020-07-21	2020-07-28
7321	77	88	2020-11-20	2020-11-23
7322	520	50	2019-09-13	2019-11-14
7323	477	23	2020-06-24	2020-06-24
7324	913	31	2017-05-04	2017-05-04
7325	992	57	2017-10-12	2019-11-12
7326	970	12	2016-07-08	2018-07-08
7327	896	65	2020-06-18	2020-07-23
7328	975	98	2017-01-16	2019-03-21
7329	804	69	2017-07-02	2017-09-03
7330	725	22	2017-05-19	2019-07-19
7331	452	17	2020-08-27	2020-08-28
7332	888	40	2019-02-15	2020-04-17
7333	492	56	2017-05-03	2018-05-03
7334	308	98	2018-08-07	2020-09-10
7335	464	88	2018-07-10	2018-08-16
7336	959	36	2017-03-14	2018-04-15
7337	715	83	2019-01-13	2020-02-15
7338	661	57	2016-05-24	2018-07-28
7339	820	62	2015-06-05	2016-08-09
7340	445	56	2016-10-01	2016-12-04
7341	377	77	2019-07-05	2020-08-07
7342	753	94	2020-07-20	2020-08-24
7343	620	31	2016-01-20	2016-03-20
7344	86	16	2018-02-28	2020-02-28
7345	261	13	2015-05-24	2016-05-28
7346	870	89	2018-03-18	2019-04-24
7347	109	33	2016-02-08	2018-03-10
7348	544	41	2018-04-26	2018-06-26
7349	755	47	2020-02-02	2020-02-08
7350	163	81	2016-10-04	2017-12-04
7351	957	47	2018-11-26	2020-12-27
7352	582	97	2015-01-17	2015-01-22
7353	963	100	2017-06-21	2018-06-24
7354	315	82	2016-10-12	2017-10-15
7355	256	31	2017-02-08	2018-03-10
7356	930	99	2020-03-10	2020-03-11
7357	576	49	2018-04-01	2020-06-03
7358	495	75	2016-02-21	2018-04-28
7359	434	63	2017-12-08	2018-12-13
7360	819	40	2015-02-23	2017-04-24
7361	676	81	2019-05-12	2020-06-13
7362	195	69	2017-05-14	2018-07-17
7363	9	35	2019-02-16	2020-03-20
7364	424	12	2020-12-20	2020-12-24
7365	10	54	2020-03-20	2020-04-27
7366	958	27	2019-11-24	2019-11-28
7367	245	73	2018-02-05	2018-03-10
7368	345	43	2018-10-11	2018-12-12
7369	866	63	2016-07-03	2018-07-04
7370	540	38	2015-06-23	2015-08-28
7371	684	84	2017-02-18	2019-02-25
7372	641	14	2017-01-15	2019-02-16
7373	326	88	2018-11-13	2020-12-16
7374	711	18	2017-02-17	2018-04-17
7375	110	63	2019-07-09	2020-09-09
7376	119	35	2019-03-17	2020-04-23
7377	874	12	2018-12-06	2019-12-08
7378	540	94	2019-08-24	2020-10-26
7379	440	74	2015-08-25	2017-10-28
7380	266	20	2018-12-08	2018-12-15
7381	728	9	2015-09-07	2017-11-07
7382	614	33	2015-11-25	2015-12-28
7383	322	93	2020-01-06	2020-02-06
7384	892	44	2020-11-26	2020-11-27
7385	660	38	2020-07-27	2020-07-28
7386	216	77	2018-11-12	2019-12-14
7387	118	85	2020-11-04	2020-12-06
7388	968	84	2018-11-26	2019-12-28
7389	401	63	2020-03-18	2020-04-22
7390	5	78	2015-08-13	2015-10-15
7391	606	25	2015-04-04	2016-04-05
7392	748	49	2020-05-24	2020-06-24
7393	938	67	2015-01-04	2015-02-10
7394	869	54	2015-09-20	2017-11-22
7395	685	40	2018-08-05	2019-08-06
7396	96	71	2017-12-09	2017-12-11
7397	797	89	2020-02-20	2020-03-20
7398	145	30	2017-03-17	2019-04-24
7399	317	91	2017-01-06	2018-02-13
7400	975	67	2020-04-26	2020-06-28
7401	594	54	2016-04-01	2016-04-05
7402	355	7	2017-02-15	2017-04-21
7403	897	88	2015-09-02	2016-09-08
7404	422	63	2017-02-26	2017-02-28
7405	864	96	2017-08-22	2019-10-23
7406	940	61	2015-06-15	2015-08-16
7407	120	85	2015-01-22	2017-02-27
7408	556	34	2019-01-28	2020-02-28
7409	211	57	2016-05-28	2018-07-28
7410	270	5	2020-07-04	2020-09-07
7411	673	73	2020-12-13	2020-12-19
7412	937	11	2015-07-19	2016-09-20
7413	880	32	2019-09-07	2019-11-13
7414	230	40	2020-05-06	2020-06-13
7415	358	9	2020-10-14	2020-12-17
7416	849	26	2020-04-07	2020-06-13
7417	107	31	2018-06-10	2020-07-16
7418	65	23	2016-03-08	2017-04-09
7419	540	43	2019-07-24	2019-08-24
7420	440	19	2016-04-02	2016-04-07
7421	421	29	2016-11-28	2016-12-28
7422	3	43	2016-07-22	2018-09-25
7423	928	31	2019-10-11	2020-10-13
7424	498	13	2018-09-03	2019-11-05
7425	880	38	2015-09-28	2017-11-28
7426	482	89	2019-09-13	2020-10-15
7427	687	67	2015-06-10	2017-08-14
7428	815	53	2015-07-24	2017-07-28
7429	218	68	2017-09-06	2019-09-06
7430	566	35	2017-02-08	2019-03-13
7431	363	39	2018-11-23	2020-12-25
7432	595	26	2016-06-05	2016-07-10
7433	57	6	2015-11-26	2017-11-28
7434	522	89	2020-02-01	2020-04-07
7435	537	41	2016-07-03	2018-08-03
7436	813	56	2020-10-03	2020-12-08
7437	376	4	2015-06-03	2015-07-07
7438	96	65	2015-03-10	2016-03-16
7439	528	57	2017-09-17	2018-11-21
7440	384	68	2017-05-10	2017-06-15
7441	892	35	2015-10-16	2017-10-21
7442	6	30	2018-11-24	2019-12-28
7443	438	67	2018-04-16	2020-06-23
7444	626	54	2018-05-28	2018-06-28
7445	83	86	2020-07-25	2020-07-28
7446	652	24	2018-12-11	2018-12-14
7447	949	69	2019-12-11	2020-12-14
7448	487	63	2017-07-23	2019-09-27
7449	542	61	2020-06-04	2020-08-09
7450	474	54	2018-12-21	2019-12-23
7451	769	56	2017-02-25	2018-04-28
7452	71	86	2018-02-14	2019-03-14
7453	627	29	2015-04-20	2017-05-25
7454	987	69	2018-05-09	2018-05-09
7455	285	71	2015-02-26	2017-02-27
7456	512	10	2017-08-25	2017-09-28
7457	265	29	2017-02-15	2017-03-21
7458	244	71	2018-02-19	2018-04-19
7459	301	24	2019-12-22	2020-12-28
7460	450	96	2020-08-21	2020-09-24
7461	745	52	2020-03-26	2020-03-28
7462	603	26	2020-01-04	2020-02-07
7463	87	22	2019-09-02	2020-10-04
7464	144	99	2016-01-26	2018-02-28
7465	522	84	2019-06-01	2019-07-06
7466	152	86	2016-02-28	2016-04-28
7467	81	38	2015-03-20	2017-04-22
7468	2	50	2020-06-19	2020-07-23
7469	238	69	2019-02-26	2020-03-28
7470	280	20	2019-01-20	2019-01-26
7471	187	55	2017-11-10	2019-12-17
7472	365	22	2017-10-06	2019-11-13
7473	398	38	2020-11-20	2020-12-27
7474	176	67	2017-01-02	2017-03-02
7475	734	61	2020-06-26	2020-08-28
7476	264	58	2020-07-10	2020-07-14
7477	904	71	2017-12-25	2018-12-26
7478	932	50	2020-03-16	2020-05-17
7479	879	48	2017-07-05	2017-09-06
7480	247	36	2015-06-04	2017-07-08
7481	683	76	2018-08-04	2020-08-05
7482	850	6	2015-11-28	2015-12-28
7483	771	33	2017-10-15	2019-10-21
7484	737	94	2016-11-05	2016-12-07
7485	354	90	2020-03-19	2020-03-26
7486	647	97	2018-12-24	2019-12-28
7487	95	30	2015-10-12	2016-11-13
7488	806	92	2017-04-24	2019-05-26
7489	784	8	2015-07-15	2016-09-18
7490	628	72	2019-08-15	2020-09-22
7491	677	42	2015-05-19	2015-07-22
7492	349	2	2017-09-01	2019-11-04
7493	870	21	2017-06-11	2017-08-14
7494	452	51	2019-07-11	2019-07-11
7495	568	7	2019-01-15	2019-03-18
7496	946	98	2015-04-27	2016-06-28
7497	288	34	2019-05-09	2020-05-10
7498	743	46	2019-10-04	2020-10-06
7499	802	96	2015-09-20	2017-10-21
7500	570	29	2015-08-25	2015-09-28
7501	132	27	2017-10-26	2018-11-28
7502	96	51	2020-04-09	2020-04-16
7503	622	95	2018-07-22	2019-07-23
7504	62	92	2016-06-22	2016-08-26
7505	249	30	2016-11-26	2016-11-26
7506	438	36	2018-06-18	2020-08-20
7507	407	92	2017-04-10	2017-05-10
7508	220	53	2018-02-10	2020-04-16
7509	498	64	2016-07-21	2017-07-24
7510	398	38	2018-12-10	2018-12-10
7511	530	83	2015-01-13	2017-01-18
7512	79	59	2016-04-07	2017-06-14
7513	370	17	2017-11-19	2018-12-24
7514	282	36	2017-01-17	2019-01-20
7515	661	81	2017-12-10	2017-12-12
7516	952	77	2015-08-05	2017-09-06
7517	303	92	2020-07-26	2020-09-26
7518	983	41	2016-07-11	2017-09-13
7519	670	97	2019-08-14	2020-10-17
7520	618	73	2015-01-09	2016-01-16
7521	719	78	2017-12-20	2017-12-23
7522	463	83	2019-11-22	2019-12-27
7523	9	74	2017-08-22	2018-09-25
7524	821	47	2020-10-15	2020-11-21
7525	582	46	2016-09-23	2016-09-25
7526	74	74	2020-12-18	2020-12-21
7527	236	15	2019-08-14	2019-09-16
7528	292	63	2017-05-11	2017-05-13
7529	6	33	2016-11-05	2017-12-09
7530	14	20	2016-10-09	2017-12-14
7531	623	31	2018-01-11	2019-03-15
7532	125	86	2019-09-22	2019-11-24
7533	952	69	2020-06-19	2020-06-22
7534	905	57	2016-08-02	2016-10-03
7535	493	61	2018-11-05	2019-12-07
7536	849	58	2019-01-25	2020-01-26
7537	543	13	2020-07-08	2020-08-14
7538	631	40	2017-09-13	2017-09-20
7539	80	15	2018-04-27	2020-06-28
7540	216	22	2015-12-17	2017-12-18
7541	517	95	2019-06-10	2020-06-17
7542	161	77	2018-10-19	2020-10-24
7543	869	81	2018-02-28	2018-02-28
7544	853	2	2018-06-27	2020-08-28
7545	728	92	2015-05-18	2017-07-18
7546	347	68	2017-05-06	2019-06-07
7547	287	41	2016-08-28	2016-09-28
7548	66	25	2019-01-03	2020-01-07
7549	74	60	2016-06-05	2018-08-11
7550	209	93	2017-01-05	2017-03-09
7551	446	67	2020-03-28	2020-04-28
7552	414	47	2016-05-28	2018-07-28
7553	418	78	2015-12-18	2015-12-22
7554	386	81	2016-02-13	2018-04-13
7555	130	11	2018-03-23	2020-05-28
7556	982	42	2016-09-10	2018-11-16
7557	470	57	2015-05-28	2015-06-28
7558	948	46	2015-02-09	2015-03-11
7559	375	75	2016-08-07	2018-08-12
7560	323	48	2020-06-01	2020-07-04
7561	795	50	2019-01-18	2020-01-23
7562	854	57	2018-07-08	2019-07-11
7563	493	50	2020-06-11	2020-08-14
7564	73	70	2018-07-28	2020-08-28
7565	976	74	2020-01-04	2020-02-09
7566	168	35	2017-06-09	2019-08-15
7567	976	55	2020-11-15	2020-11-17
7568	496	69	2019-04-23	2020-04-28
7569	35	45	2020-07-04	2020-09-06
7570	606	55	2017-04-08	2018-04-13
7571	717	60	2018-01-19	2019-02-26
7572	392	13	2015-12-11	2017-12-11
7573	562	27	2016-09-21	2016-10-26
7574	79	53	2015-07-09	2015-09-12
7575	153	100	2015-02-03	2015-02-07
7576	713	2	2019-07-16	2020-08-23
7577	239	72	2020-06-28	2020-07-28
7578	847	84	2016-10-08	2017-11-12
7579	412	72	2017-08-13	2017-09-15
7580	353	46	2019-09-16	2019-09-22
7581	435	57	2019-04-02	2019-05-06
7582	891	71	2016-04-03	2017-04-07
7583	383	85	2020-11-22	2020-12-24
7584	641	58	2015-02-02	2016-02-05
7585	786	92	2017-12-28	2019-12-28
7586	390	84	2017-11-01	2019-12-08
7587	365	4	2016-01-16	2017-02-23
7588	799	28	2016-07-03	2018-07-04
7589	274	13	2019-02-08	2019-03-11
7590	639	78	2015-02-16	2016-02-17
7591	224	37	2019-05-06	2019-05-11
7592	20	51	2018-02-12	2020-03-17
7593	362	30	2017-04-21	2019-06-22
7594	95	37	2015-05-20	2016-06-26
7595	115	5	2016-09-01	2016-10-08
7596	182	19	2017-06-07	2019-06-10
7597	726	99	2017-01-11	2017-01-14
7598	557	61	2015-05-12	2016-06-15
7599	660	32	2016-09-06	2016-11-07
7600	462	24	2020-06-25	2020-07-28
7601	990	67	2018-01-06	2019-01-11
7602	969	84	2019-04-09	2020-04-15
7603	212	31	2018-08-05	2018-08-07
7604	267	50	2020-05-14	2020-07-21
7605	79	7	2016-03-07	2017-05-13
7606	649	65	2020-05-05	2020-05-09
7607	921	68	2019-01-26	2020-01-28
7608	776	59	2020-01-22	2020-02-24
7609	486	32	2020-01-14	2020-02-15
7610	163	29	2020-08-03	2020-10-10
7611	986	64	2016-12-09	2016-12-13
7612	957	12	2019-03-13	2020-05-13
7613	800	7	2015-03-12	2015-03-15
7614	181	24	2015-10-20	2015-11-25
7615	78	67	2015-03-05	2015-05-10
7616	321	79	2018-11-05	2020-12-12
7617	498	50	2018-12-26	2020-12-28
7618	952	85	2019-05-03	2019-07-03
7619	631	55	2016-07-24	2018-09-25
7620	238	93	2020-03-26	2020-05-28
7621	887	13	2016-02-16	2018-04-22
7622	978	58	2018-10-28	2019-11-28
7623	240	77	2015-06-03	2016-06-05
7624	349	42	2015-01-11	2015-03-17
7625	610	16	2017-12-22	2017-12-24
7626	796	72	2016-09-05	2016-10-08
7627	600	5	2018-08-12	2018-09-15
7628	79	15	2017-10-13	2019-10-18
7629	819	63	2019-12-01	2020-12-06
7630	658	71	2016-03-09	2018-03-16
7631	807	20	2015-10-16	2015-11-18
7632	957	65	2019-10-14	2019-11-16
7633	706	47	2020-01-01	2020-01-03
7634	306	55	2019-03-01	2020-05-04
7635	233	63	2019-05-18	2020-07-24
7636	67	6	2020-11-22	2020-12-24
7637	296	78	2016-10-07	2018-12-14
7638	971	25	2018-04-28	2020-06-28
7639	610	68	2015-12-12	2015-12-19
7640	232	39	2019-06-10	2020-07-16
7641	541	92	2015-12-06	2016-12-06
7642	570	97	2020-05-27	2020-06-28
7643	959	27	2019-05-15	2020-07-22
7644	789	63	2020-01-11	2020-01-12
7645	903	90	2020-07-22	2020-07-25
7646	948	20	2020-01-11	2020-02-14
7647	171	98	2018-01-14	2019-02-20
7648	280	82	2018-09-27	2019-10-28
7649	410	87	2018-04-10	2019-04-14
7650	489	75	2019-02-03	2020-02-05
7651	535	21	2020-12-02	2020-12-04
7652	888	50	2016-09-19	2018-09-21
7653	341	12	2018-06-10	2019-08-10
7654	598	30	2017-03-04	2019-04-04
7655	214	48	2015-02-13	2016-03-18
7656	457	14	2020-03-12	2020-04-14
7657	969	71	2019-08-12	2020-08-19
7658	432	59	2018-06-03	2020-06-03
7659	556	46	2020-12-22	2020-12-24
7660	519	30	2019-11-11	2019-12-12
7661	115	14	2016-05-20	2018-07-21
7662	823	82	2015-11-21	2017-11-22
7663	442	39	2019-04-01	2020-04-01
7664	810	21	2018-02-20	2019-03-20
7665	916	59	2016-02-11	2018-02-15
7666	793	68	2015-09-18	2017-10-20
7667	659	16	2016-06-05	2017-07-07
7668	322	29	2015-01-26	2017-02-28
7669	331	32	2020-08-21	2020-09-23
7670	4	57	2016-12-04	2018-12-05
7671	951	34	2016-01-21	2017-03-25
7672	743	62	2016-05-03	2018-05-03
7673	802	70	2019-09-22	2020-09-28
7674	372	56	2017-06-10	2018-07-14
7675	623	64	2016-03-06	2018-03-07
7676	93	88	2016-01-08	2018-03-08
7677	890	79	2015-10-15	2017-11-15
7678	476	96	2019-01-27	2019-02-28
7679	69	63	2015-12-15	2016-12-18
7680	942	26	2018-12-28	2020-12-28
7681	818	74	2017-09-04	2018-09-04
7682	262	45	2020-11-20	2020-12-24
7683	148	70	2015-06-17	2016-08-19
7684	106	99	2017-01-08	2019-03-15
7685	694	97	2016-11-20	2017-11-20
7686	923	87	2015-06-11	2015-08-14
7687	748	33	2018-07-26	2020-09-28
7688	719	93	2020-06-11	2020-07-17
7689	722	18	2017-07-14	2018-08-15
7690	127	82	2016-08-19	2018-08-19
7691	805	78	2020-09-22	2020-10-25
7692	998	59	2018-06-21	2018-07-26
7693	728	51	2017-06-11	2017-06-18
7694	126	61	2018-09-04	2019-10-07
7695	192	34	2016-07-16	2016-09-22
7696	10	44	2016-12-23	2017-12-28
7697	390	28	2020-09-11	2020-11-18
7698	877	68	2020-09-14	2020-09-14
7699	844	81	2020-11-01	2020-12-03
7700	702	46	2020-08-20	2020-08-27
7701	804	12	2016-07-24	2016-07-28
7702	821	20	2017-08-19	2017-09-19
7703	433	60	2015-06-24	2015-08-24
7704	684	21	2015-09-11	2017-11-17
7705	24	63	2016-03-21	2018-04-25
7706	642	57	2016-03-21	2016-05-27
7707	731	68	2016-08-23	2016-10-24
7708	406	52	2015-10-20	2016-12-24
7709	425	43	2015-04-21	2015-06-27
7710	785	38	2017-09-04	2019-09-11
7711	818	94	2015-12-15	2015-12-17
7712	649	22	2016-07-18	2016-08-24
7713	428	8	2019-04-23	2019-04-28
7714	726	60	2015-08-14	2015-10-17
7715	787	17	2015-02-09	2016-03-15
7716	255	28	2017-09-24	2018-10-27
7717	727	98	2017-12-17	2017-12-19
7718	848	54	2015-05-01	2015-07-08
7719	711	84	2016-08-08	2018-10-10
7720	538	95	2020-04-12	2020-04-15
7721	240	36	2015-11-25	2015-12-28
7722	171	13	2017-01-07	2017-01-07
7723	396	14	2017-04-08	2019-06-08
7724	974	11	2019-07-24	2020-07-28
7725	721	76	2018-06-08	2020-07-13
7726	862	59	2020-07-06	2020-07-11
7727	989	72	2019-12-10	2020-12-13
7728	648	83	2017-01-19	2017-03-21
7729	311	36	2019-07-16	2020-07-23
7730	313	12	2019-01-25	2020-01-25
7731	410	6	2017-12-06	2019-12-08
7732	822	47	2020-01-08	2020-03-10
7733	869	32	2017-01-14	2019-01-17
7734	778	78	2016-03-04	2017-03-06
7735	667	5	2018-08-07	2018-08-11
7736	259	26	2019-09-21	2020-09-27
7737	76	33	2020-04-08	2020-04-11
7738	840	11	2018-05-07	2018-07-09
7739	459	73	2016-03-07	2018-05-14
7740	993	100	2016-10-26	2016-10-28
7741	688	67	2016-12-04	2018-12-08
7742	897	70	2020-12-15	2020-12-18
7743	122	41	2018-06-20	2018-07-23
7744	899	76	2019-03-19	2020-04-20
7745	576	19	2019-10-17	2019-11-19
7746	470	92	2018-03-02	2019-04-04
7747	34	69	2019-05-03	2020-05-06
7748	102	40	2020-03-02	2020-04-05
7749	956	3	2016-01-01	2016-01-08
7750	114	27	2015-03-11	2016-03-14
7751	160	100	2018-01-01	2020-02-02
7752	668	45	2015-11-16	2015-12-19
7753	397	19	2015-02-09	2017-02-16
7754	569	18	2015-07-18	2017-09-25
7755	37	9	2015-07-19	2017-07-19
7756	791	54	2015-02-28	2016-02-28
7757	63	97	2017-02-14	2017-04-14
7758	111	67	2017-01-09	2019-01-14
7759	977	50	2020-12-07	2020-12-13
7760	368	42	2016-05-11	2017-06-11
7761	756	89	2018-04-03	2018-04-04
7762	577	57	2019-01-25	2020-03-28
7763	319	78	2016-11-22	2018-12-26
7764	780	90	2016-08-09	2018-08-12
7765	6	71	2017-10-27	2018-10-28
7766	412	71	2016-07-25	2017-07-28
7767	350	49	2015-03-28	2015-05-28
7768	80	82	2020-06-07	2020-08-07
7769	459	9	2018-11-20	2019-12-27
7770	770	87	2015-04-03	2016-05-05
7771	290	4	2015-08-25	2017-08-27
7772	886	34	2017-06-18	2017-08-20
7773	513	71	2015-04-15	2016-04-15
7774	932	98	2015-05-27	2015-06-28
7775	413	26	2016-12-22	2016-12-25
7776	141	39	2016-03-03	2018-05-08
7777	40	89	2015-12-19	2017-12-22
7778	355	33	2019-02-01	2019-04-06
7779	162	82	2018-08-07	2018-10-09
7780	312	3	2016-02-09	2016-04-12
7781	132	20	2015-04-16	2016-05-19
7782	681	20	2016-02-14	2016-03-14
7783	191	95	2019-07-22	2019-09-25
7784	940	32	2018-02-13	2019-04-14
7785	31	41	2019-07-07	2020-07-08
7786	237	40	2015-02-04	2016-02-10
7787	668	28	2017-06-19	2019-06-22
7788	663	16	2017-12-03	2019-12-03
7789	436	91	2017-01-08	2017-02-15
7790	316	82	2015-01-08	2017-02-09
7791	365	7	2015-12-14	2015-12-17
7792	499	88	2020-06-01	2020-08-02
7793	298	86	2016-03-01	2017-05-02
7794	119	22	2020-06-08	2020-07-08
7795	629	96	2020-07-11	2020-07-16
7796	871	48	2016-11-25	2017-12-27
7797	809	42	2015-06-28	2017-07-28
7798	589	83	2019-02-07	2019-03-14
7799	68	90	2020-08-17	2020-09-17
7800	846	60	2016-01-06	2016-02-10
7801	937	99	2015-01-03	2016-02-07
7802	566	76	2020-12-04	2020-12-04
7803	567	3	2015-08-22	2017-10-27
7804	413	21	2019-01-13	2020-01-19
7805	596	77	2020-08-27	2020-09-28
7806	431	62	2016-10-14	2017-12-14
7807	861	22	2016-09-08	2016-10-08
7808	248	56	2017-01-19	2017-03-25
7809	427	53	2018-06-17	2019-06-21
7810	748	24	2016-12-06	2018-12-13
7811	199	84	2015-07-25	2016-07-28
7812	974	61	2015-11-02	2017-11-08
7813	792	86	2020-06-19	2020-07-26
7814	625	38	2015-10-06	2017-12-12
7815	699	47	2017-05-01	2019-07-05
7816	830	91	2015-12-18	2015-12-18
7817	212	37	2019-12-18	2020-12-24
7818	742	49	2018-07-13	2018-09-19
7819	598	86	2020-12-22	2020-12-28
7820	313	6	2018-01-18	2018-03-23
7821	426	61	2020-08-11	2020-08-14
7822	133	50	2016-07-04	2016-08-08
7823	659	62	2015-07-02	2015-07-05
7824	855	92	2015-01-08	2015-02-14
7825	815	7	2020-06-25	2020-08-28
7826	631	69	2015-09-25	2015-09-28
7827	881	13	2019-04-07	2019-06-13
7828	251	3	2016-08-03	2017-09-07
7829	174	92	2015-07-21	2017-07-24
7830	783	100	2017-01-10	2018-03-16
7831	920	46	2020-03-27	2020-04-28
7832	624	48	2015-07-04	2017-09-09
7833	530	27	2016-05-23	2017-07-23
7834	87	39	2015-01-26	2017-03-26
7835	161	93	2017-01-12	2019-02-16
7836	724	66	2017-11-23	2017-12-25
7837	656	20	2020-09-24	2020-10-26
7838	916	28	2015-04-17	2017-04-20
7839	888	13	2015-03-08	2016-05-14
7840	969	95	2019-03-24	2019-03-25
7841	742	48	2017-12-21	2018-12-28
7842	263	26	2020-09-16	2020-11-17
7843	769	89	2017-08-05	2017-10-07
7844	506	54	2020-04-12	2020-05-12
7845	86	48	2019-12-08	2020-12-12
7846	541	26	2017-12-01	2017-12-01
7847	608	47	2019-06-13	2020-08-17
7848	375	100	2019-04-06	2020-06-09
7849	241	68	2019-08-24	2019-08-27
7850	887	86	2018-01-08	2019-03-08
7851	137	92	2015-04-03	2017-06-10
7852	347	49	2017-04-04	2017-06-05
7853	318	85	2017-04-08	2018-05-08
7854	533	23	2017-06-21	2017-07-21
7855	792	88	2019-08-14	2019-09-14
7856	59	37	2017-04-22	2018-04-24
7857	495	48	2018-03-23	2019-05-28
7858	12	60	2018-12-21	2020-12-28
7859	525	9	2017-01-08	2019-03-11
7860	382	95	2018-01-27	2018-01-28
7861	490	34	2015-07-10	2017-09-13
7862	735	83	2018-06-05	2019-07-05
7863	148	89	2018-11-09	2019-11-11
7864	821	57	2015-03-15	2016-03-22
7865	426	49	2018-02-12	2018-03-16
7866	344	11	2017-07-01	2017-07-04
7867	105	80	2016-01-15	2018-02-21
7868	799	52	2016-01-13	2016-03-16
7869	835	97	2019-10-09	2020-11-11
7870	310	24	2015-01-27	2017-03-28
7871	270	18	2015-09-24	2015-11-27
7872	358	22	2017-01-02	2018-01-03
7873	756	93	2019-12-14	2020-12-20
7874	160	12	2015-05-13	2016-05-15
7875	861	37	2015-04-20	2016-05-25
7876	390	22	2019-11-16	2020-12-20
7877	114	72	2015-07-02	2015-09-07
7878	693	72	2016-09-11	2018-09-14
7879	523	54	2018-08-23	2020-08-28
7880	161	28	2018-06-01	2019-08-08
7881	117	42	2015-04-01	2015-05-01
7882	208	83	2020-07-19	2020-09-24
7883	963	5	2015-07-19	2015-08-22
7884	681	97	2017-11-10	2019-11-12
7885	173	100	2016-06-13	2016-06-13
7886	694	5	2015-02-21	2017-02-23
7887	545	3	2015-07-07	2016-07-09
7888	563	34	2017-05-18	2017-05-21
7889	392	38	2015-08-22	2017-08-22
7890	453	27	2020-04-12	2020-05-16
7891	190	25	2020-10-02	2020-10-06
7892	838	71	2019-02-09	2020-02-11
7893	234	18	2018-07-24	2020-08-28
7894	263	75	2020-04-04	2020-05-04
7895	96	90	2018-01-21	2020-01-26
7896	877	3	2015-08-05	2015-10-05
7897	923	6	2018-07-21	2020-08-23
7898	693	84	2015-10-15	2016-10-19
7899	479	30	2019-07-11	2020-07-13
7900	993	54	2018-10-07	2019-10-11
7901	626	7	2016-07-04	2016-07-08
7902	335	17	2018-08-14	2019-10-14
7903	615	38	2016-10-02	2018-10-04
7904	7	77	2018-12-03	2020-12-03
7905	368	17	2018-09-18	2018-10-19
7906	110	46	2018-11-14	2018-11-16
7907	394	14	2017-07-08	2018-07-11
7908	295	39	2018-10-20	2018-12-21
7909	671	26	2017-09-08	2018-09-14
7910	183	74	2016-05-04	2017-06-10
7911	292	55	2018-03-17	2019-03-24
7912	474	13	2019-03-21	2020-03-21
7913	801	18	2015-12-26	2017-12-28
7914	655	97	2017-07-19	2018-07-26
7915	43	91	2018-06-01	2020-06-07
7916	605	63	2017-01-02	2018-01-06
7917	377	69	2016-05-03	2018-06-04
7918	188	92	2019-03-20	2019-04-23
7919	646	17	2016-11-26	2018-12-28
7920	147	39	2018-05-05	2018-07-11
7921	389	37	2019-02-20	2020-02-25
7922	498	99	2015-02-28	2017-03-28
7923	424	79	2019-10-27	2020-11-28
7924	131	42	2019-12-19	2020-12-24
7925	474	53	2020-07-06	2020-09-10
7926	203	21	2018-04-28	2019-06-28
7927	461	89	2017-03-11	2018-04-15
7928	880	49	2020-02-14	2020-03-19
7929	912	29	2019-01-09	2020-01-09
7930	658	79	2016-08-08	2018-10-15
7931	305	52	2019-01-28	2020-03-28
7932	797	78	2020-08-28	2020-09-28
7933	699	66	2019-12-03	2019-12-07
7934	88	5	2018-07-13	2018-09-16
7935	966	39	2015-06-09	2017-06-16
7936	845	32	2020-10-16	2020-10-18
7937	824	71	2019-07-05	2020-09-05
7938	787	62	2015-05-24	2017-06-24
7939	619	25	2017-04-18	2018-04-18
7940	180	67	2016-08-24	2018-10-28
7941	542	58	2015-01-07	2017-03-11
7942	203	21	2015-12-25	2016-12-27
7943	93	55	2016-08-23	2016-09-28
7944	283	32	2016-07-05	2016-07-11
7945	128	62	2017-11-02	2018-12-06
7946	716	93	2017-12-14	2017-12-21
7947	653	13	2018-06-27	2020-08-27
7948	789	85	2015-04-05	2016-04-06
7949	596	74	2020-05-12	2020-06-18
7950	705	40	2015-09-23	2017-10-24
7951	25	9	2016-08-18	2018-09-25
7952	409	67	2016-08-07	2017-09-07
7953	931	49	2018-09-10	2020-11-16
7954	812	72	2016-07-20	2018-07-23
7955	806	33	2020-06-09	2020-06-14
7956	206	31	2017-04-24	2019-06-28
7957	665	24	2015-07-21	2015-08-27
7958	869	13	2016-10-17	2018-12-23
7959	730	5	2020-08-10	2020-09-13
7960	700	94	2020-07-09	2020-07-10
7961	688	23	2019-11-21	2019-12-26
7962	993	98	2018-08-26	2020-08-26
7963	497	54	2015-11-27	2017-12-28
7964	387	77	2017-08-07	2017-08-14
7965	519	29	2019-09-25	2020-10-26
7966	179	21	2016-07-12	2018-09-15
7967	708	21	2015-11-04	2016-11-06
7968	486	38	2019-03-07	2020-05-09
7969	117	58	2017-11-25	2018-12-28
7970	76	51	2019-09-01	2020-11-07
7971	656	65	2018-11-06	2019-12-10
7972	766	48	2019-09-16	2019-10-16
7973	913	92	2017-02-18	2018-02-25
7974	288	31	2017-04-13	2019-05-15
7975	551	12	2015-01-23	2017-03-28
7976	123	16	2019-08-14	2019-09-20
7977	175	4	2019-09-22	2019-10-28
7978	796	67	2020-07-22	2020-08-27
7979	945	73	2020-08-28	2020-08-28
7980	398	13	2020-09-15	2020-11-21
7981	198	30	2016-05-11	2017-05-15
7982	718	64	2015-12-04	2015-12-09
7983	436	45	2020-07-13	2020-08-20
7984	390	74	2020-09-02	2020-10-06
7985	953	33	2016-03-28	2017-03-28
7986	799	14	2016-03-01	2018-04-05
7987	532	7	2016-09-05	2017-10-09
7988	670	87	2020-01-16	2020-03-16
7989	678	69	2016-05-19	2018-05-23
7990	505	98	2017-09-25	2018-10-25
7991	148	76	2019-12-25	2020-12-28
7992	406	45	2018-08-20	2019-09-27
7993	645	45	2017-09-08	2017-11-10
7994	400	55	2016-09-15	2016-11-17
7995	900	32	2019-09-21	2020-09-25
7996	334	42	2016-05-25	2016-05-28
7997	304	17	2020-10-17	2020-12-18
7998	356	47	2017-05-10	2018-07-16
7999	1000	41	2019-06-16	2019-06-18
8000	184	90	2016-06-20	2016-07-27
8001	820	12	2017-09-04	2017-09-10
8002	198	44	2015-01-06	2016-02-11
8003	321	16	2016-01-19	2018-02-25
8004	149	18	2019-03-09	2020-03-14
8005	25	22	2018-06-27	2019-08-28
8006	62	85	2016-01-19	2018-02-26
8007	598	33	2018-02-19	2018-03-25
8008	273	86	2017-03-04	2019-04-08
8009	367	48	2020-03-23	2020-03-24
8010	496	16	2019-05-28	2020-07-28
8011	991	39	2018-12-26	2018-12-26
8012	865	11	2017-10-22	2018-11-28
8013	381	19	2019-07-18	2020-09-23
8014	725	4	2016-03-08	2016-03-14
8015	467	84	2016-05-13	2016-06-13
8016	448	57	2018-05-04	2018-06-04
8017	953	15	2017-06-10	2019-06-17
8018	781	9	2015-04-02	2017-06-09
8019	868	30	2017-01-25	2017-01-28
8020	98	61	2019-11-20	2020-12-23
8021	27	51	2016-09-23	2018-11-28
8022	931	5	2019-09-02	2020-11-09
8023	300	36	2020-10-21	2020-12-22
8024	112	86	2017-10-02	2019-10-06
8025	789	80	2020-08-21	2020-10-27
8026	190	27	2017-02-19	2017-02-25
8027	907	68	2019-11-22	2019-12-22
8028	162	64	2020-07-04	2020-08-04
8029	544	85	2020-12-04	2020-12-10
8030	236	83	2015-05-23	2016-07-28
8031	95	93	2016-05-26	2017-07-28
8032	871	46	2018-09-25	2019-09-25
8033	911	70	2016-04-24	2016-04-27
8034	642	84	2018-07-13	2019-07-20
8035	978	37	2015-10-22	2015-12-27
8036	712	17	2019-09-19	2020-09-22
8037	142	59	2016-01-17	2018-02-24
8038	667	43	2015-04-09	2015-05-12
8039	283	5	2019-12-11	2020-12-18
8040	209	25	2015-02-02	2017-02-09
8041	365	5	2018-06-16	2018-07-22
8042	245	27	2015-10-19	2017-10-20
8043	961	28	2019-12-19	2020-12-25
8044	730	56	2017-08-12	2017-09-17
8045	925	75	2020-04-23	2020-06-28
8046	463	58	2017-07-05	2017-09-09
8047	967	63	2019-07-07	2020-09-11
8048	819	26	2016-11-28	2018-12-28
8049	223	58	2015-05-04	2017-06-09
8050	966	70	2016-12-18	2018-12-24
8051	962	31	2019-03-08	2019-03-14
8052	66	84	2016-08-02	2016-10-02
8053	147	13	2018-09-16	2018-11-21
8054	963	71	2015-05-07	2015-06-14
8055	172	22	2018-03-18	2018-03-24
8056	581	21	2020-05-03	2020-05-06
8057	215	19	2015-02-17	2017-03-19
8058	935	77	2016-08-19	2018-09-19
8059	666	53	2017-03-19	2019-03-19
8060	969	49	2018-06-21	2018-07-25
8061	421	60	2016-12-24	2016-12-25
8062	306	17	2016-07-05	2018-07-08
8063	547	94	2017-04-28	2019-05-28
8064	960	93	2017-07-19	2017-08-22
8065	377	75	2017-06-04	2018-06-06
8066	559	16	2016-10-25	2016-12-28
8067	564	21	2016-12-03	2016-12-09
8068	217	73	2016-12-04	2018-12-10
8069	759	25	2020-10-24	2020-12-25
8070	76	70	2017-04-12	2019-05-12
8071	140	35	2019-07-23	2019-08-24
8072	949	71	2018-02-06	2018-04-11
8073	13	19	2019-01-10	2020-03-12
8074	499	89	2019-05-15	2020-07-16
8075	942	61	2017-10-26	2018-10-28
8076	876	38	2020-06-07	2020-06-13
8077	760	19	2018-06-24	2019-07-28
8078	876	43	2020-12-13	2020-12-17
8079	563	97	2020-02-08	2020-02-12
8080	617	59	2019-09-19	2020-11-23
8081	453	46	2018-08-15	2020-09-20
8082	294	98	2017-02-03	2018-02-07
8083	480	61	2020-02-06	2020-02-13
8084	287	8	2016-04-26	2018-05-28
8085	840	10	2016-08-03	2017-10-06
8086	481	73	2015-06-26	2015-08-28
8087	164	21	2016-05-27	2018-06-28
8088	594	92	2019-03-27	2019-03-27
8089	507	5	2020-04-22	2020-04-28
8090	316	15	2016-10-08	2016-10-12
8091	388	55	2015-06-12	2016-06-18
8092	266	27	2017-05-01	2019-06-07
8093	888	86	2019-08-11	2020-08-16
8094	619	75	2017-12-20	2017-12-20
8095	838	50	2016-04-17	2018-05-24
8096	989	51	2017-12-25	2018-12-28
8097	341	84	2018-10-21	2019-12-24
8098	435	32	2020-05-22	2020-07-28
8099	698	33	2019-07-15	2019-07-19
8100	665	81	2019-09-05	2019-11-12
8101	277	67	2015-03-23	2015-03-25
8102	818	39	2016-06-17	2017-07-22
8103	92	69	2016-04-18	2016-04-19
8104	12	35	2015-08-04	2015-10-11
8105	977	99	2019-09-26	2020-09-26
8106	219	16	2016-12-04	2016-12-09
8107	407	55	2018-03-25	2019-05-26
8108	734	93	2018-12-25	2020-12-28
8109	170	56	2018-12-03	2020-12-05
8110	928	29	2018-01-16	2018-03-19
8111	729	52	2019-06-17	2020-06-21
8112	45	83	2019-05-14	2020-06-21
8113	723	26	2019-10-20	2019-11-22
8114	736	14	2015-11-02	2016-12-02
8115	297	96	2018-11-28	2020-12-28
8116	279	58	2017-05-18	2017-05-20
8117	727	79	2019-03-03	2020-05-05
8118	807	3	2020-05-26	2020-05-28
8119	345	2	2016-11-01	2017-12-03
8120	42	52	2015-06-08	2017-07-08
8121	697	46	2020-05-16	2020-05-17
8122	409	69	2016-04-26	2017-05-28
8123	242	80	2015-04-15	2015-04-18
8124	205	84	2017-07-14	2017-09-18
8125	393	37	2016-08-11	2016-08-11
8126	888	69	2020-04-09	2020-05-16
8127	624	84	2019-11-11	2020-12-17
8128	612	79	2017-12-05	2019-12-08
8129	720	38	2019-03-18	2020-05-23
8130	63	66	2017-03-05	2019-04-09
8131	135	83	2017-02-09	2017-04-09
8132	871	39	2015-02-01	2017-02-03
8133	94	12	2016-05-08	2016-06-10
8134	502	7	2019-07-01	2020-09-05
8135	103	47	2018-01-20	2020-02-24
8136	55	74	2015-09-24	2015-11-26
8137	184	11	2017-10-08	2018-10-11
8138	122	77	2020-11-03	2020-11-10
8139	890	79	2018-11-19	2020-12-21
8140	620	85	2019-05-16	2020-06-17
8141	377	39	2017-07-25	2017-07-28
8142	93	43	2019-12-02	2019-12-05
8143	648	69	2016-10-13	2017-11-20
8144	730	93	2018-06-13	2020-07-13
8145	432	89	2018-11-21	2019-11-28
8146	766	13	2016-03-24	2017-05-28
8147	812	19	2020-09-22	2020-09-28
8148	199	97	2019-10-08	2020-10-15
8149	952	64	2018-06-14	2020-06-19
8150	920	85	2020-02-02	2020-03-07
8151	813	97	2019-04-13	2019-06-17
8152	742	88	2016-07-23	2018-07-23
8153	851	12	2015-09-24	2016-10-28
8154	163	47	2020-11-25	2020-12-26
8155	410	40	2018-02-23	2018-04-25
8156	683	35	2017-08-07	2017-09-09
8157	808	89	2020-02-13	2020-04-14
8158	265	57	2020-03-15	2020-04-18
8159	649	73	2019-07-05	2019-07-07
8160	535	63	2020-08-17	2020-08-20
8161	324	39	2020-02-27	2020-04-28
8162	54	43	2016-06-09	2018-07-16
8163	681	56	2019-05-12	2020-07-16
8164	532	65	2020-06-03	2020-06-07
8165	654	14	2020-03-27	2020-05-28
8166	66	66	2016-12-13	2016-12-19
8167	638	4	2016-02-13	2018-04-13
8168	504	89	2016-11-24	2016-12-27
8169	798	53	2018-11-17	2018-11-17
8170	883	75	2016-06-04	2016-06-08
8171	418	6	2017-10-27	2019-11-28
8172	39	96	2019-10-17	2020-11-21
8173	897	36	2015-08-19	2015-10-24
8174	829	87	2020-04-20	2020-04-26
8175	494	69	2017-01-23	2019-01-28
8176	744	43	2016-04-16	2017-06-20
8177	251	92	2016-07-22	2018-07-28
8178	581	77	2016-09-09	2016-10-12
8179	335	18	2019-12-21	2019-12-21
8180	119	37	2016-11-18	2017-12-18
8181	606	5	2016-01-05	2016-03-07
8182	847	92	2017-04-11	2018-04-15
8183	449	11	2018-06-11	2018-08-17
8184	281	11	2019-01-09	2020-03-13
8185	768	64	2020-03-09	2020-04-09
8186	447	51	2015-02-10	2017-02-10
8187	701	43	2016-01-17	2018-03-24
8188	253	26	2018-04-28	2018-06-28
8189	55	77	2019-11-09	2020-12-13
8190	771	19	2019-07-28	2019-09-28
8191	55	47	2016-05-07	2018-05-09
8192	988	67	2016-12-02	2018-12-03
8193	31	6	2018-04-11	2020-05-15
8194	303	51	2020-11-11	2020-11-18
8195	11	26	2020-08-16	2020-10-16
8196	965	76	2016-03-07	2016-03-14
8197	738	68	2015-12-24	2016-12-24
8198	661	69	2015-08-09	2017-09-14
8199	219	80	2018-01-24	2018-01-28
8200	540	53	2015-05-10	2017-07-17
8201	733	77	2015-06-15	2017-06-15
8202	928	98	2019-03-10	2020-05-17
8203	452	6	2018-10-02	2018-12-07
8204	63	5	2018-07-18	2020-08-19
8205	231	50	2016-04-01	2016-04-05
8206	989	48	2018-09-10	2019-10-15
8207	989	49	2016-06-07	2017-07-07
8208	826	28	2015-04-25	2015-06-26
8209	177	34	2018-10-25	2020-12-28
8210	548	45	2015-02-18	2016-02-22
8211	33	97	2016-02-21	2016-03-28
8212	150	73	2017-02-07	2019-02-10
8213	58	83	2017-09-23	2019-10-27
8214	396	31	2016-08-28	2016-08-28
8215	875	88	2020-06-05	2020-07-11
8216	160	34	2019-06-09	2019-08-10
8217	82	62	2018-11-18	2018-11-21
8218	595	48	2015-01-02	2016-03-03
8219	969	13	2017-01-17	2018-02-23
8220	338	90	2016-05-28	2016-07-28
8221	686	78	2018-03-16	2020-03-17
8222	345	34	2017-05-17	2018-07-21
8223	308	63	2017-11-15	2019-12-16
8224	931	12	2016-01-19	2016-02-21
8225	787	63	2016-05-18	2017-05-20
8226	881	70	2020-10-12	2020-12-19
8227	918	53	2018-08-07	2018-09-08
8228	496	13	2016-12-11	2017-12-12
8229	179	34	2015-03-12	2017-05-12
8230	428	75	2019-06-11	2019-08-15
8231	284	100	2015-03-16	2016-03-22
8232	957	97	2020-10-04	2020-11-05
8233	853	63	2019-02-14	2020-03-17
8234	926	82	2020-04-28	2020-06-28
8235	537	88	2020-09-09	2020-10-11
8236	96	93	2020-08-13	2020-08-18
8237	763	81	2020-05-04	2020-07-04
8238	24	98	2018-09-18	2019-09-20
8239	625	42	2019-09-11	2020-11-14
8240	524	93	2016-01-24	2016-02-25
8241	209	80	2017-07-26	2017-09-28
8242	546	50	2016-03-01	2018-05-08
8243	10	72	2020-09-15	2020-09-15
8244	567	6	2015-11-06	2017-11-09
8245	512	11	2015-12-22	2017-12-22
8246	906	36	2020-10-17	2020-11-23
8247	135	56	2020-01-16	2020-02-18
8248	474	49	2020-08-07	2020-10-10
8249	324	27	2016-05-20	2017-06-27
8250	269	81	2016-06-26	2018-08-28
8251	530	12	2017-04-12	2018-04-13
8252	919	12	2018-11-16	2018-11-17
8253	307	12	2018-10-19	2019-12-26
8254	236	14	2019-01-04	2020-01-04
8255	639	66	2020-04-17	2020-06-24
8256	306	57	2020-02-01	2020-04-02
8257	132	18	2015-08-02	2017-10-09
8258	864	58	2015-09-13	2017-10-20
8259	323	58	2019-02-25	2020-02-28
8260	681	98	2015-12-24	2017-12-28
8261	453	33	2019-06-26	2020-08-28
8262	150	98	2016-06-09	2016-06-12
8263	731	69	2015-02-05	2017-04-10
8264	809	20	2019-09-14	2020-10-21
8265	28	46	2017-12-23	2017-12-24
8266	507	60	2016-03-01	2017-03-07
8267	755	84	2018-08-15	2019-08-15
8268	148	98	2018-03-03	2020-05-04
8269	817	100	2016-03-11	2016-04-16
8270	763	4	2015-03-24	2016-04-25
8271	309	91	2017-07-09	2017-08-11
8272	233	19	2017-07-03	2019-07-10
8273	696	73	2019-10-07	2020-12-14
8274	949	81	2018-07-03	2019-08-05
8275	266	72	2017-07-14	2019-09-17
8276	150	14	2015-08-02	2016-08-06
8277	444	3	2015-01-07	2015-01-14
8278	345	90	2020-04-28	2020-06-28
8279	230	33	2017-12-03	2017-12-09
8280	391	70	2020-05-07	2020-05-13
8281	665	37	2015-01-04	2016-02-04
8282	17	86	2017-12-03	2017-12-05
8283	596	31	2016-08-24	2016-10-26
8284	2	71	2020-02-25	2020-04-25
8285	45	95	2016-10-14	2018-12-20
8286	708	57	2020-03-15	2020-03-16
8287	93	8	2016-08-12	2018-09-13
8288	470	4	2020-03-13	2020-04-17
8289	5	70	2020-03-15	2020-05-18
8290	165	84	2020-09-06	2020-10-07
8291	961	39	2016-02-11	2018-04-14
8292	218	85	2017-05-15	2019-07-22
8293	692	69	2015-04-28	2016-05-28
8294	265	40	2015-08-27	2015-09-28
8295	238	80	2020-12-17	2020-12-23
8296	232	94	2020-08-07	2020-08-13
8297	464	66	2017-04-09	2018-06-09
8298	896	88	2018-06-20	2018-06-22
8299	261	2	2016-10-12	2018-11-19
8300	641	48	2019-01-02	2019-02-08
8301	986	73	2020-02-20	2020-04-24
8302	157	100	2015-01-23	2015-03-24
8303	73	90	2015-05-16	2017-07-21
8304	874	100	2015-11-20	2017-12-21
8305	698	41	2016-10-02	2017-11-03
8306	896	13	2018-01-09	2018-01-11
8307	21	53	2015-07-06	2015-09-06
8308	51	44	2015-01-06	2016-02-12
8309	579	24	2017-11-28	2019-11-28
8310	467	7	2016-02-19	2018-03-19
8311	633	80	2016-04-19	2017-04-19
8312	412	51	2017-07-23	2017-09-26
8313	125	97	2020-09-08	2020-11-09
8314	504	83	2019-06-01	2019-08-02
8315	282	82	2015-08-02	2015-08-04
8316	188	70	2017-04-27	2017-04-28
8317	658	51	2015-02-22	2015-02-28
8318	989	38	2017-05-03	2017-07-03
8319	548	100	2017-12-01	2017-12-06
8320	741	59	2017-03-25	2018-05-25
8321	935	84	2016-11-06	2016-11-13
8322	951	43	2017-05-17	2019-06-24
8323	10	62	2020-02-15	2020-03-19
8324	519	65	2020-07-07	2020-09-09
8325	742	66	2020-10-28	2020-10-28
8326	815	11	2017-04-17	2017-04-22
8327	978	22	2019-02-03	2020-03-09
8328	554	89	2020-11-25	2020-12-28
8329	67	45	2016-05-09	2016-07-14
8330	83	9	2020-08-12	2020-09-18
8331	509	20	2018-09-14	2019-10-19
8332	767	81	2017-08-06	2019-08-11
8333	671	21	2018-08-18	2020-10-22
8334	828	78	2019-01-28	2019-02-28
8335	889	66	2016-01-15	2016-01-18
8336	354	2	2016-05-03	2017-05-03
8337	852	19	2020-08-08	2020-10-11
8338	572	56	2015-01-16	2016-02-18
8339	893	2	2016-10-11	2017-11-14
8340	683	76	2017-01-26	2017-01-28
8341	819	29	2017-06-04	2019-08-11
8342	711	79	2018-09-09	2020-11-10
8343	381	33	2017-06-15	2019-08-21
8344	950	38	2016-10-25	2017-11-28
8345	593	39	2019-07-02	2019-08-07
8346	852	89	2016-12-05	2017-12-08
8347	47	87	2018-12-03	2020-12-03
8348	484	45	2020-09-27	2020-11-28
8349	736	62	2017-07-15	2018-09-21
8350	578	91	2016-11-21	2018-12-26
8351	643	61	2018-07-16	2020-07-19
8352	760	69	2020-10-18	2020-12-22
8353	987	15	2018-11-12	2020-12-18
8354	625	29	2020-09-07	2020-09-14
8355	250	76	2019-08-08	2020-08-11
8356	461	5	2016-12-17	2018-12-19
8357	400	78	2016-02-11	2016-03-16
8358	749	53	2017-03-05	2017-03-08
8359	88	78	2020-11-20	2020-12-26
8360	693	29	2018-03-17	2019-03-17
8361	988	96	2018-08-13	2020-10-19
8362	199	2	2018-06-19	2020-08-21
8363	800	63	2020-09-07	2020-09-13
8364	900	15	2019-02-03	2020-03-05
8365	43	19	2017-12-13	2019-12-19
8366	611	56	2015-07-12	2016-09-16
8367	836	64	2017-04-14	2019-05-19
8368	992	85	2020-06-13	2020-08-20
8369	11	53	2019-03-09	2019-05-12
8370	892	55	2016-01-09	2016-01-14
8371	265	52	2015-08-17	2016-08-23
8372	145	21	2015-03-23	2015-04-27
8373	558	40	2015-04-14	2015-05-15
8374	968	83	2017-09-23	2018-10-24
8375	859	8	2019-06-24	2019-07-27
8376	681	22	2016-09-08	2017-09-14
8377	995	28	2018-03-27	2019-05-28
8378	597	88	2018-03-23	2019-05-28
8379	330	18	2016-05-24	2018-05-27
8380	665	25	2020-11-19	2020-12-21
8381	228	2	2018-12-02	2019-12-05
8382	307	71	2020-05-05	2020-05-06
8383	578	6	2017-11-09	2018-12-14
8384	840	74	2019-03-05	2020-05-11
8385	808	32	2018-07-26	2020-09-28
8386	391	15	2015-06-11	2015-07-12
8387	302	93	2020-10-06	2020-10-06
8388	235	13	2020-09-23	2020-11-27
8389	319	83	2015-01-05	2015-02-12
8390	549	89	2017-11-02	2017-11-05
8391	20	83	2017-04-10	2017-04-11
8392	18	16	2019-04-09	2020-05-11
8393	354	28	2015-02-24	2015-04-28
8394	993	15	2018-08-22	2018-10-28
8395	654	50	2020-06-27	2020-06-28
8396	951	9	2019-11-16	2020-11-18
8397	426	55	2019-03-28	2020-03-28
8398	40	92	2017-06-12	2019-08-12
8399	902	33	2019-10-06	2020-10-09
8400	729	18	2018-09-20	2019-11-26
8401	332	88	2015-07-11	2016-08-16
8402	595	93	2017-09-09	2017-10-14
8403	288	84	2018-04-05	2019-05-10
8404	254	40	2019-03-08	2020-05-09
8405	973	46	2019-05-18	2019-06-21
8406	722	42	2018-04-28	2020-05-28
8407	157	5	2019-11-20	2019-11-23
8408	337	40	2015-06-17	2015-06-21
8409	895	22	2016-06-20	2018-07-25
8410	362	99	2018-08-13	2019-09-14
8411	220	36	2016-06-27	2016-07-28
8412	50	50	2017-01-03	2017-02-07
8413	389	89	2016-08-02	2017-10-03
8414	867	69	2016-01-13	2017-02-16
8415	592	12	2019-03-12	2020-05-14
8416	934	37	2020-10-06	2020-12-09
8417	187	14	2015-07-27	2015-07-28
8418	294	88	2020-07-25	2020-08-28
8419	188	93	2017-02-02	2017-03-02
8420	402	56	2019-04-10	2020-04-13
8421	611	95	2015-01-08	2017-02-08
8422	55	90	2019-01-09	2020-02-10
8423	547	28	2017-09-08	2018-10-09
8424	631	81	2016-02-01	2017-03-08
8425	168	83	2018-08-19	2020-09-26
8426	926	2	2017-06-28	2019-07-28
8427	343	31	2018-02-01	2020-02-01
8428	662	71	2020-03-02	2020-05-07
8429	749	56	2019-06-08	2019-07-13
8430	926	74	2016-10-15	2016-10-22
8431	552	34	2018-10-27	2019-12-28
8432	468	97	2020-10-18	2020-10-24
8433	93	75	2020-02-07	2020-04-08
8434	424	33	2017-07-24	2017-07-28
8435	934	68	2017-04-27	2017-06-28
8436	302	7	2020-08-10	2020-08-13
8437	962	57	2020-03-17	2020-05-22
8438	826	61	2017-06-04	2018-06-11
8439	117	47	2016-08-14	2018-09-18
8440	347	37	2015-12-13	2016-12-19
8441	242	62	2019-05-26	2020-07-28
8442	194	60	2015-11-23	2017-12-26
8443	971	92	2016-04-15	2018-04-16
8444	115	92	2016-04-16	2018-04-23
8445	1	48	2015-12-13	2016-12-18
8446	901	60	2016-04-11	2016-04-13
8447	247	64	2019-01-02	2020-03-03
8448	103	72	2016-11-13	2016-12-19
8449	937	50	2019-10-20	2019-12-22
8450	203	17	2018-10-12	2019-10-16
8451	553	39	2020-09-15	2020-09-20
8452	302	12	2019-12-12	2020-12-12
8453	313	11	2018-04-20	2018-06-24
8454	98	2	2018-07-10	2018-07-17
8455	775	88	2019-03-20	2020-03-25
8456	444	2	2018-09-28	2018-10-28
8457	746	91	2017-11-15	2018-12-20
8458	282	17	2017-07-03	2018-08-06
8459	367	23	2018-12-05	2018-12-07
8460	233	40	2017-11-28	2018-11-28
8461	262	55	2019-06-11	2019-08-14
8462	40	91	2018-06-11	2018-08-14
8463	293	76	2018-07-15	2019-09-18
8464	12	26	2016-10-20	2016-11-20
8465	667	48	2017-07-28	2019-09-28
8466	940	88	2019-02-26	2020-02-28
8467	615	16	2019-12-01	2020-12-07
8468	56	93	2015-08-10	2015-08-12
8469	99	90	2015-08-08	2017-09-08
8470	753	23	2017-02-19	2018-02-26
8471	554	45	2015-01-23	2016-03-23
8472	262	64	2019-02-17	2020-03-22
8473	990	94	2018-01-10	2020-01-10
8474	844	94	2017-09-07	2019-09-09
8475	741	80	2017-11-25	2017-12-27
8476	3	45	2015-03-04	2016-03-07
8477	214	12	2018-10-27	2020-10-28
8478	340	98	2017-12-12	2018-12-12
8479	227	77	2015-01-17	2016-03-18
8480	25	37	2016-02-06	2016-03-08
8481	127	57	2015-01-11	2017-02-18
8482	161	23	2019-10-17	2019-10-18
8483	732	88	2017-07-17	2019-09-24
8484	879	4	2017-01-11	2019-01-13
8485	485	79	2019-08-17	2020-08-18
8486	12	49	2015-02-01	2015-03-07
8487	285	46	2016-06-17	2017-06-17
8488	11	49	2018-06-26	2018-08-28
8489	110	6	2020-02-18	2020-04-21
8490	191	75	2016-06-13	2016-06-16
8491	152	24	2018-12-22	2019-12-23
8492	348	52	2016-10-04	2018-11-07
8493	601	98	2019-02-22	2020-04-28
8494	759	37	2018-04-11	2020-04-13
8495	278	67	2016-04-28	2018-04-28
8496	79	20	2020-10-06	2020-12-10
8497	759	56	2016-04-05	2017-04-06
8498	655	98	2016-04-16	2017-05-19
8499	975	38	2015-07-02	2017-07-08
8500	777	95	2017-02-18	2019-04-23
8501	981	2	2016-11-25	2017-12-28
8502	685	68	2016-10-04	2016-10-11
8503	814	17	2020-11-20	2020-12-22
8504	545	58	2016-05-15	2017-06-21
8505	425	71	2017-03-25	2019-03-28
8506	460	92	2015-11-14	2017-11-18
8507	408	86	2015-08-12	2015-10-15
8508	70	89	2016-09-16	2017-09-17
8509	83	37	2017-06-22	2018-07-22
8510	672	35	2015-08-22	2015-08-22
8511	951	50	2016-01-04	2018-03-09
8512	349	17	2020-10-24	2020-11-25
8513	778	47	2019-03-22	2019-05-26
8514	982	13	2016-03-16	2017-03-23
8515	781	22	2020-06-17	2020-07-24
8516	978	66	2016-06-20	2017-07-27
8517	452	38	2016-01-06	2018-01-10
8518	145	2	2017-01-21	2018-01-21
8519	262	49	2017-07-08	2019-07-09
8520	907	56	2015-08-18	2017-10-20
8521	984	60	2017-07-27	2018-09-28
8522	526	85	2016-05-09	2016-06-12
8523	432	30	2020-08-10	2020-10-14
8524	226	38	2020-11-18	2020-12-22
8525	797	16	2015-12-28	2015-12-28
8526	481	53	2019-03-22	2020-04-28
8527	194	29	2015-06-01	2016-06-03
8528	31	69	2018-04-08	2020-06-15
8529	102	34	2015-06-19	2015-06-22
8530	64	73	2020-10-17	2020-10-22
8531	670	26	2016-09-17	2016-10-18
8532	785	87	2019-04-18	2020-05-22
8533	626	12	2016-05-10	2017-07-15
8534	251	10	2015-11-05	2017-12-09
8535	450	41	2015-05-01	2017-05-06
8536	88	39	2019-08-22	2020-08-26
8537	577	81	2018-12-02	2020-12-03
8538	872	39	2018-01-22	2019-03-26
8539	331	66	2020-07-21	2020-09-26
8540	747	85	2019-10-11	2020-11-12
8541	849	76	2020-03-24	2020-05-24
8542	818	12	2020-03-05	2020-05-09
8543	468	32	2018-11-21	2020-12-25
8544	578	49	2015-07-01	2015-09-08
8545	451	90	2016-12-27	2016-12-28
8546	572	12	2019-04-09	2019-05-15
8547	880	97	2015-11-17	2017-12-22
8548	246	43	2018-11-10	2018-12-13
8549	244	65	2016-04-26	2018-04-28
8550	152	91	2016-06-26	2017-08-28
8551	155	77	2016-03-15	2018-03-19
8552	28	35	2016-06-14	2017-08-17
8553	75	15	2016-06-02	2016-08-02
8554	745	94	2019-08-19	2020-09-24
8555	434	88	2020-11-16	2020-12-19
8556	325	37	2015-10-14	2015-10-14
8557	129	71	2016-03-07	2018-03-11
8558	281	18	2016-08-03	2016-10-04
8559	79	10	2018-08-19	2018-08-24
8560	846	55	2016-09-15	2018-10-16
8561	650	97	2019-04-28	2020-06-28
8562	154	62	2016-08-09	2017-10-09
8563	93	98	2018-04-28	2019-05-28
8564	320	84	2019-12-18	2019-12-19
8565	337	84	2016-06-06	2018-06-13
8566	807	28	2020-04-09	2020-04-11
8567	322	48	2019-10-05	2020-11-12
8568	133	97	2015-11-19	2015-12-20
8569	648	100	2020-01-23	2020-02-27
8570	727	44	2018-09-01	2018-10-02
8571	914	35	2018-09-03	2019-11-10
8572	644	21	2020-11-10	2020-12-17
8573	394	72	2017-03-14	2019-05-17
8574	264	65	2017-03-01	2018-03-04
8575	633	36	2016-08-27	2016-08-28
8576	10	67	2020-06-10	2020-07-13
8577	25	57	2020-11-09	2020-12-11
8578	110	65	2015-05-27	2016-06-28
8579	36	88	2020-11-19	2020-11-21
8580	890	75	2017-07-03	2018-09-08
8581	559	28	2018-12-02	2019-12-03
8582	377	49	2020-06-09	2020-06-14
8583	287	50	2017-04-15	2019-05-21
8584	446	73	2019-12-02	2020-12-07
8585	602	21	2017-10-18	2017-12-21
8586	494	3	2017-07-04	2017-09-10
8587	208	11	2015-10-23	2017-10-27
8588	373	84	2017-09-08	2017-10-13
8589	103	100	2019-06-01	2020-06-04
8590	206	42	2020-09-01	2020-10-03
8591	301	70	2018-08-08	2019-09-11
8592	282	100	2019-01-11	2020-01-17
8593	410	19	2017-12-12	2019-12-13
8594	84	54	2020-07-24	2020-07-28
8595	544	77	2017-12-02	2019-12-09
8596	117	83	2020-01-22	2020-02-23
8597	797	46	2018-04-24	2019-05-28
8598	521	56	2019-06-07	2020-07-14
8599	92	27	2016-11-14	2018-11-21
8600	1	43	2015-06-16	2015-08-23
8601	131	15	2017-05-16	2017-07-17
8602	791	41	2019-10-22	2019-10-26
8603	370	95	2016-08-22	2017-08-28
8604	33	3	2019-11-28	2020-11-28
8605	294	13	2019-11-13	2019-12-17
8606	516	44	2018-10-02	2019-12-05
8607	7	100	2020-01-05	2020-03-05
8608	209	29	2018-04-11	2020-05-17
8609	514	5	2016-12-02	2016-12-03
8610	285	68	2017-06-24	2017-06-28
8611	626	90	2017-06-22	2017-07-28
8612	299	3	2017-07-20	2017-09-21
8613	723	4	2019-03-09	2019-05-15
8614	694	68	2019-01-21	2020-03-25
8615	351	39	2020-08-04	2020-09-04
8616	451	78	2016-01-14	2018-03-21
8617	76	11	2016-12-11	2018-12-18
8618	776	17	2019-03-24	2019-03-26
8619	896	71	2019-09-09	2020-10-12
8620	446	13	2015-11-01	2015-11-02
8621	162	43	2019-05-06	2019-07-10
8622	995	69	2016-09-27	2016-09-28
8623	897	10	2017-08-12	2017-08-12
8624	314	86	2017-05-24	2017-06-26
8625	911	67	2017-11-28	2019-11-28
8626	84	44	2016-11-03	2017-12-06
8627	354	87	2018-05-06	2018-06-12
8628	564	45	2020-04-22	2020-04-28
8629	890	96	2019-12-04	2019-12-06
8630	218	55	2016-10-01	2018-10-05
8631	131	26	2016-04-16	2016-06-17
8632	49	7	2019-07-15	2019-08-22
8633	640	15	2016-07-20	2016-09-22
8634	308	13	2017-04-08	2018-05-15
8635	344	65	2018-02-22	2018-02-26
8636	768	59	2019-12-18	2019-12-21
8637	861	27	2020-03-04	2020-04-04
8638	134	56	2018-11-18	2019-12-19
8639	548	22	2019-11-24	2020-12-25
8640	229	3	2015-02-19	2015-04-19
8641	872	32	2020-09-10	2020-09-16
8642	77	50	2017-12-05	2018-12-11
8643	260	79	2019-03-19	2019-05-20
8644	361	66	2020-03-18	2020-05-21
8645	564	58	2019-01-03	2020-03-05
8646	94	85	2020-01-02	2020-01-07
8647	12	63	2015-09-09	2017-11-12
8648	826	88	2018-05-16	2020-06-18
8649	565	7	2018-09-22	2020-11-22
8650	163	90	2016-07-18	2017-09-20
8651	446	3	2020-02-09	2020-04-09
8652	386	82	2016-02-15	2016-04-18
8653	886	21	2020-01-18	2020-01-24
8654	194	28	2019-06-19	2019-07-26
8655	1000	47	2018-08-10	2018-09-12
8656	386	83	2019-06-15	2019-08-21
8657	890	89	2016-03-27	2016-03-27
8658	297	52	2019-08-28	2020-09-28
8659	84	30	2020-12-06	2020-12-10
8660	683	35	2019-11-22	2020-12-26
8661	580	20	2015-06-19	2017-07-24
8662	119	57	2018-12-21	2020-12-23
8663	520	38	2020-08-04	2020-08-04
8664	637	27	2018-05-24	2020-07-28
8665	307	64	2017-10-23	2018-10-24
8666	540	58	2016-05-16	2018-05-16
8667	660	87	2016-10-08	2018-12-12
8668	807	74	2019-06-06	2019-06-08
8669	449	18	2019-02-12	2019-03-14
8670	840	88	2020-01-11	2020-01-17
8671	855	99	2015-10-15	2015-12-16
8672	971	66	2018-04-01	2018-06-02
8673	694	6	2019-03-07	2020-04-14
8674	568	32	2020-08-20	2020-09-27
8675	872	22	2018-04-02	2020-06-05
8676	40	76	2018-12-14	2018-12-17
8677	590	49	2015-06-17	2016-06-20
8678	834	4	2017-11-04	2017-12-09
8679	288	80	2017-11-24	2017-11-25
8680	931	74	2018-02-11	2019-02-16
8681	522	90	2017-10-20	2017-12-27
8682	137	52	2019-05-03	2020-07-05
8683	651	29	2015-09-24	2015-09-28
8684	604	80	2016-05-07	2017-07-09
8685	600	89	2015-07-20	2017-07-26
8686	106	80	2020-10-11	2020-12-15
8687	666	40	2020-03-05	2020-03-05
8688	673	15	2017-01-15	2018-02-16
8689	397	30	2018-04-11	2020-04-12
8690	553	72	2017-12-18	2017-12-23
8691	31	36	2016-03-22	2018-04-22
8692	626	47	2015-03-03	2015-03-08
8693	79	36	2020-11-20	2020-11-20
8694	518	95	2018-05-06	2018-07-13
8695	512	90	2015-07-09	2017-09-16
8696	326	4	2015-11-02	2015-12-02
8697	255	38	2020-04-03	2020-06-09
8698	453	72	2016-05-11	2018-05-17
8699	419	46	2019-04-20	2019-04-23
8700	720	98	2015-02-03	2016-04-06
8701	382	8	2020-01-10	2020-03-16
8702	904	3	2016-11-04	2016-12-11
8703	31	20	2015-04-27	2017-06-28
8704	323	46	2020-02-06	2020-03-08
8705	380	45	2017-07-07	2018-09-09
8706	478	20	2015-07-07	2015-07-14
8707	576	30	2017-02-11	2017-04-15
8708	100	20	2017-08-27	2019-09-27
8709	41	57	2020-05-08	2020-06-08
8710	242	26	2018-10-22	2018-11-23
8711	764	8	2018-11-16	2019-11-18
8712	325	9	2017-08-17	2018-10-23
8713	954	63	2018-08-06	2020-09-11
8714	488	66	2017-11-28	2019-12-28
8715	906	10	2015-04-03	2017-04-05
8716	261	40	2015-04-24	2016-04-28
8717	394	3	2018-11-28	2020-12-28
8718	836	57	2015-12-14	2017-12-17
8719	517	96	2019-09-15	2019-09-21
8720	75	79	2020-11-12	2020-12-12
8721	519	17	2019-09-13	2019-11-20
8722	349	83	2017-08-10	2018-09-17
8723	855	65	2019-12-07	2019-12-11
8724	412	43	2018-06-02	2019-08-04
8725	834	89	2020-12-26	2020-12-28
8726	745	62	2016-12-18	2017-12-21
8727	30	52	2017-03-22	2018-05-23
8728	944	74	2017-12-12	2019-12-14
8729	358	80	2017-03-02	2019-05-07
8730	167	91	2020-01-12	2020-02-14
8731	140	70	2017-05-04	2018-06-04
8732	723	96	2018-07-10	2018-07-13
8733	86	17	2019-01-08	2020-03-13
8734	405	33	2016-11-02	2018-12-04
8735	422	22	2015-06-14	2015-08-16
8736	937	19	2020-07-21	2020-07-22
8737	1000	92	2018-02-09	2018-04-14
8738	689	17	2015-04-16	2017-06-19
8739	730	75	2018-10-12	2019-11-19
8740	920	5	2019-08-11	2019-10-18
8741	148	58	2020-07-07	2020-07-12
8742	157	48	2016-05-28	2016-05-28
8743	243	97	2015-06-13	2015-08-18
8744	728	83	2019-05-19	2019-07-22
8745	778	92	2019-03-14	2020-05-18
8746	734	42	2019-03-23	2019-05-27
8747	294	43	2020-05-16	2020-05-22
8748	22	72	2018-03-20	2018-05-23
8749	83	65	2016-11-21	2017-11-25
8750	470	43	2015-09-11	2015-09-17
8751	80	5	2019-01-16	2019-03-16
8752	779	94	2020-11-22	2020-11-28
8753	316	16	2018-02-15	2018-02-17
8754	202	64	2015-09-24	2016-09-28
8755	714	56	2015-12-17	2015-12-18
8756	288	19	2017-01-26	2019-02-26
8757	404	27	2017-01-11	2018-02-15
8758	57	95	2015-12-12	2015-12-15
8759	28	22	2018-02-06	2018-04-07
8760	69	14	2015-02-02	2017-03-09
8761	762	22	2016-04-12	2018-06-14
8762	604	84	2017-04-13	2018-04-18
8763	114	82	2017-04-11	2018-04-12
8764	206	75	2017-11-08	2019-11-14
8765	438	42	2017-03-26	2017-04-28
8766	897	97	2019-11-10	2020-12-10
8767	257	57	2015-08-10	2016-08-16
8768	220	15	2017-09-25	2017-11-28
8769	524	33	2020-03-12	2020-05-13
8770	626	35	2016-04-17	2017-06-22
8771	876	67	2019-06-14	2020-08-15
8772	992	98	2020-06-12	2020-08-18
8773	842	55	2015-01-07	2015-02-12
8774	407	86	2019-12-10	2020-12-16
8775	189	93	2015-09-13	2017-11-18
8776	836	20	2016-12-20	2016-12-24
8777	930	7	2018-12-11	2019-12-18
8778	696	99	2017-10-07	2018-10-12
8779	667	56	2020-04-21	2020-06-28
8780	92	66	2018-01-24	2018-01-28
8781	729	53	2020-11-04	2020-12-10
8782	396	31	2019-06-21	2020-08-21
8783	563	38	2015-06-20	2016-06-20
8784	782	18	2019-10-09	2020-11-14
8785	140	78	2019-03-11	2020-04-14
8786	73	62	2018-03-18	2018-04-22
8787	790	61	2016-03-23	2016-05-28
8788	256	16	2020-09-14	2020-10-21
8789	41	18	2018-05-22	2020-07-26
8790	463	34	2018-06-14	2020-06-16
8791	62	93	2017-07-01	2018-09-01
8792	568	78	2019-05-10	2019-06-13
8793	456	65	2017-05-15	2019-05-16
8794	868	12	2020-10-26	2020-12-28
8795	469	7	2017-04-08	2018-04-10
8796	308	74	2019-12-13	2020-12-13
8797	609	75	2017-12-11	2019-12-18
8798	942	22	2015-06-21	2016-06-22
8799	652	33	2016-08-04	2016-09-07
8800	989	34	2020-04-19	2020-04-19
8801	990	9	2018-03-07	2018-05-10
8802	490	83	2019-10-03	2020-11-05
8803	754	52	2016-09-02	2017-10-04
8804	714	9	2016-02-24	2017-04-27
8805	944	96	2018-06-22	2020-06-25
8806	865	7	2018-12-16	2020-12-23
8807	121	21	2019-08-15	2019-10-16
8808	205	46	2016-02-16	2016-04-21
8809	726	87	2020-10-11	2020-11-13
8810	90	86	2020-10-20	2020-12-27
8811	921	63	2015-05-08	2016-06-14
8812	504	81	2016-03-02	2017-04-03
8813	870	92	2017-09-18	2018-09-18
8814	195	44	2015-03-20	2017-05-23
8815	78	79	2015-11-22	2017-11-25
8816	698	89	2018-08-11	2018-08-16
8817	778	5	2016-07-14	2016-07-17
8818	723	75	2018-09-15	2020-10-17
8819	523	17	2015-10-13	2017-12-19
8820	726	45	2018-07-17	2020-09-24
8821	371	67	2015-04-27	2015-04-28
8822	443	68	2017-08-03	2018-10-04
8823	645	89	2016-12-14	2017-12-19
8824	200	39	2018-05-25	2018-07-28
8825	378	88	2019-07-19	2019-09-19
8826	747	97	2017-03-17	2019-04-24
8827	552	3	2017-04-03	2017-06-06
8828	539	38	2015-03-19	2017-03-24
8829	439	14	2018-12-13	2018-12-20
8830	886	93	2016-06-26	2016-06-28
8831	188	89	2019-01-01	2020-01-06
8832	716	33	2017-08-11	2017-09-14
8833	604	83	2020-04-25	2020-05-27
8834	829	90	2015-05-21	2015-05-25
8835	529	15	2018-01-02	2020-01-07
8836	725	23	2016-03-02	2017-03-04
8837	338	68	2018-12-17	2018-12-17
8838	466	64	2019-08-21	2020-10-23
8839	56	68	2017-02-18	2019-04-22
8840	4	98	2020-03-12	2020-03-16
8841	430	69	2018-03-17	2018-04-21
8842	102	52	2019-11-15	2019-12-20
8843	776	59	2017-04-21	2018-05-24
8844	145	97	2018-10-04	2020-12-10
8845	316	58	2016-07-01	2018-09-01
8846	85	11	2017-05-05	2019-07-06
8847	112	94	2019-10-09	2020-10-12
8848	988	30	2019-05-12	2019-05-17
8849	801	58	2019-09-16	2019-11-20
8850	395	45	2017-06-07	2019-07-10
8851	833	4	2020-05-12	2020-05-13
8852	256	72	2019-07-11	2020-07-14
8853	421	18	2019-08-26	2020-09-28
8854	825	61	2016-03-26	2018-03-28
8855	789	27	2017-08-04	2017-10-06
8856	806	56	2018-09-10	2020-11-11
8857	625	66	2015-07-10	2016-08-15
8858	642	55	2017-04-21	2019-06-22
8859	298	75	2015-11-05	2016-11-07
8860	21	22	2015-03-04	2017-05-09
8861	284	17	2016-10-26	2018-11-28
8862	414	73	2018-05-28	2019-07-28
8863	822	28	2016-09-20	2018-10-20
8864	863	74	2018-01-04	2020-02-08
8865	820	6	2020-01-03	2020-01-07
8866	840	15	2018-09-06	2020-11-08
8867	473	44	2016-07-20	2017-08-24
8868	595	95	2018-11-09	2019-12-15
8869	628	72	2015-09-01	2016-11-07
8870	343	60	2019-11-27	2020-11-28
8871	480	81	2015-06-04	2017-07-11
8872	266	35	2017-07-26	2018-09-27
8873	519	72	2017-04-24	2019-05-24
8874	307	62	2015-09-20	2015-09-20
8875	865	58	2016-01-07	2016-03-14
8876	260	67	2016-04-09	2018-06-16
8877	497	61	2020-09-14	2020-11-15
8878	336	54	2020-10-12	2020-10-15
8879	723	31	2019-06-19	2019-08-20
8880	26	33	2018-11-28	2018-12-28
8881	830	10	2015-01-20	2016-03-25
8882	695	65	2015-10-11	2017-10-14
8883	729	91	2020-10-10	2020-10-10
8884	219	90	2017-10-10	2017-11-17
8885	757	4	2016-01-04	2017-02-08
8886	991	33	2017-10-15	2018-10-21
8887	121	41	2020-06-07	2020-06-12
8888	31	3	2015-02-02	2015-04-07
8889	388	73	2018-09-17	2019-10-21
8890	105	54	2015-11-24	2016-12-28
8891	710	76	2019-08-16	2019-08-17
8892	827	56	2017-10-24	2018-10-28
8893	202	57	2020-02-19	2020-03-25
8894	499	55	2020-06-21	2020-07-28
8895	823	63	2020-05-09	2020-06-14
8896	599	77	2019-11-08	2020-12-09
8897	136	88	2017-04-03	2019-06-09
8898	612	47	2020-03-28	2020-04-28
8899	4	26	2020-08-03	2020-08-09
8900	435	60	2019-01-16	2020-03-19
8901	13	98	2017-04-15	2018-04-21
8902	805	25	2018-02-18	2018-04-20
8903	432	22	2016-07-12	2016-09-15
8904	813	88	2017-05-27	2018-06-27
8905	971	41	2018-07-02	2018-09-06
8906	705	74	2016-12-17	2017-12-19
8907	504	50	2015-12-21	2016-12-22
8908	768	13	2018-08-23	2019-10-26
8909	181	35	2019-03-08	2020-03-14
8910	658	64	2018-06-18	2018-06-24
8911	810	3	2020-03-17	2020-05-21
8912	298	43	2018-08-07	2018-08-13
8913	458	60	2020-08-09	2020-10-15
8914	47	18	2017-11-16	2019-12-20
8915	165	98	2017-06-01	2018-06-07
8916	353	22	2020-04-12	2020-04-14
8917	429	78	2015-09-22	2016-09-24
8918	322	69	2018-11-12	2019-11-19
8919	977	76	2019-04-07	2019-04-10
8920	713	27	2015-03-26	2017-03-28
8921	596	100	2016-10-21	2017-12-24
8922	414	75	2016-10-04	2017-12-04
8923	20	61	2017-11-06	2018-12-09
8924	761	86	2015-04-16	2016-06-18
8925	477	38	2018-06-11	2018-07-12
8926	891	41	2016-01-26	2016-01-28
8927	197	33	2018-04-05	2019-05-06
8928	968	60	2018-01-17	2020-02-23
8929	387	44	2020-10-09	2020-12-11
8930	172	87	2020-07-26	2020-09-28
8931	908	7	2018-10-05	2018-12-05
8932	649	43	2020-06-15	2020-07-22
8933	948	40	2017-07-27	2017-08-28
8934	300	74	2020-08-11	2020-09-16
8935	748	84	2019-11-16	2020-11-18
8936	699	6	2017-11-19	2019-11-23
8937	767	5	2019-09-09	2020-10-13
8938	154	61	2020-08-17	2020-08-24
8939	51	58	2019-01-14	2020-02-21
8940	265	4	2016-12-12	2017-12-18
8941	56	65	2020-09-25	2020-09-28
8942	54	89	2018-01-02	2020-03-07
8943	38	86	2015-02-19	2016-02-21
8944	586	9	2018-06-24	2020-07-28
8945	561	63	2020-04-17	2020-05-21
8946	730	25	2017-03-04	2018-03-11
8947	337	77	2015-09-20	2015-10-24
8948	662	34	2017-02-11	2017-04-18
8949	96	63	2016-05-22	2017-07-25
8950	401	41	2015-08-01	2015-10-08
8951	784	65	2016-06-13	2017-06-18
8952	79	36	2015-06-05	2016-07-06
8953	94	6	2019-06-14	2019-07-17
8954	783	7	2019-02-14	2019-03-17
8955	505	77	2020-12-01	2020-12-05
8956	301	53	2018-05-04	2018-07-11
8957	238	67	2020-09-02	2020-11-05
8958	115	62	2016-02-28	2016-02-28
8959	567	58	2017-12-13	2019-12-18
8960	823	15	2018-12-13	2018-12-15
8961	725	8	2020-06-04	2020-07-04
8962	645	5	2018-04-22	2019-04-27
8963	621	50	2019-11-05	2020-12-11
8964	971	11	2017-10-10	2019-11-13
8965	886	12	2016-04-21	2017-06-23
8966	542	74	2016-11-11	2016-12-14
8967	683	83	2020-04-17	2020-04-18
8968	421	94	2015-09-25	2016-09-28
8969	520	90	2020-10-26	2020-12-28
8970	819	62	2019-06-26	2020-08-28
8971	75	87	2017-06-27	2018-08-28
8972	327	3	2015-03-03	2015-04-07
8973	907	16	2017-01-01	2019-02-07
8974	215	88	2015-12-14	2016-12-16
8975	483	98	2015-09-16	2016-11-23
8976	890	57	2019-11-15	2020-12-15
8977	170	68	2018-12-17	2019-12-19
8978	422	90	2018-06-04	2020-06-10
8979	111	96	2015-05-24	2015-06-25
8980	647	78	2015-08-08	2015-09-08
8981	508	81	2018-03-01	2019-03-03
8982	862	6	2016-04-21	2017-05-23
8983	280	32	2020-04-05	2020-05-09
8984	352	51	2015-09-27	2017-10-28
8985	972	93	2020-10-26	2020-12-28
8986	293	67	2017-11-19	2019-12-21
8987	976	33	2018-03-10	2020-03-16
8988	850	3	2015-04-09	2017-06-15
8989	878	69	2020-05-03	2020-07-06
8990	864	32	2019-06-24	2020-08-28
8991	873	11	2017-10-20	2019-10-24
8992	443	18	2019-09-20	2020-09-26
8993	971	98	2017-10-19	2017-11-21
8994	716	78	2018-12-20	2020-12-26
8995	214	50	2016-08-24	2017-08-28
8996	726	38	2015-01-26	2017-02-28
8997	727	43	2019-02-25	2019-03-28
8998	514	31	2015-10-02	2017-10-03
8999	49	20	2015-03-06	2016-05-12
9000	166	85	2015-05-01	2017-05-01
9001	838	84	2020-11-17	2020-12-24
9002	959	3	2018-05-14	2018-06-21
9003	443	24	2016-11-05	2018-12-11
9004	977	7	2018-10-28	2020-12-28
9005	427	31	2018-01-27	2018-03-28
9006	112	18	2017-07-05	2018-09-11
9007	969	48	2018-11-08	2020-12-14
9008	533	70	2019-04-07	2020-05-08
9009	48	27	2020-06-01	2020-07-07
9010	677	70	2017-12-05	2018-12-05
9011	197	53	2017-08-21	2019-09-21
9012	114	71	2019-09-01	2020-09-05
9013	900	44	2018-08-11	2018-10-17
9014	220	66	2016-07-18	2018-07-25
9015	92	8	2017-12-18	2017-12-24
9016	341	31	2018-12-18	2019-12-25
9017	749	26	2016-04-07	2016-05-14
9018	795	5	2016-06-11	2017-07-16
9019	478	54	2020-08-04	2020-09-05
9020	744	87	2020-05-26	2020-05-28
9021	543	24	2017-05-16	2017-05-21
9022	407	45	2017-02-20	2017-02-26
9023	932	62	2016-11-16	2018-12-23
9024	191	53	2020-09-15	2020-11-16
9025	111	67	2017-11-18	2017-12-20
9026	903	38	2018-03-19	2018-05-24
9027	830	6	2015-01-04	2017-02-07
9028	123	86	2019-10-25	2020-12-28
9029	714	49	2015-10-01	2017-11-07
9030	392	61	2018-10-28	2018-10-28
9031	329	78	2017-10-18	2017-12-22
9032	277	3	2019-06-21	2019-08-24
9033	110	27	2015-10-15	2017-12-16
9034	929	71	2015-12-16	2015-12-22
9035	453	15	2017-01-03	2017-03-03
9036	226	75	2019-02-02	2020-03-06
9037	425	37	2018-08-03	2018-08-07
9038	615	89	2018-04-14	2019-05-14
9039	831	60	2015-07-22	2016-09-25
9040	553	28	2015-07-25	2016-08-28
9041	196	22	2016-01-23	2018-02-28
9042	852	44	2017-06-12	2018-06-19
9043	231	84	2019-03-17	2020-05-17
9044	309	55	2016-07-09	2018-09-15
9045	469	35	2018-09-04	2018-10-07
9046	699	86	2019-01-27	2020-02-28
9047	267	10	2018-10-06	2019-12-06
9048	949	43	2017-11-16	2019-12-19
9049	905	10	2015-03-05	2016-04-12
9050	738	79	2019-01-11	2020-01-18
9051	118	93	2019-12-03	2020-12-04
9052	182	95	2016-07-04	2017-07-08
9053	401	83	2017-12-19	2017-12-24
9054	207	82	2016-07-20	2018-09-25
9055	430	21	2019-03-06	2019-04-10
9056	28	79	2016-02-13	2017-04-13
9057	765	58	2019-01-03	2020-02-03
9058	827	63	2020-03-16	2020-05-18
9059	719	16	2019-08-01	2020-08-01
9060	228	72	2015-03-16	2017-04-21
9061	527	48	2019-08-21	2020-10-28
9062	322	84	2020-03-07	2020-05-07
9063	859	25	2018-11-12	2018-11-14
9064	816	98	2018-09-05	2020-10-10
9065	294	79	2018-03-28	2018-04-28
9066	899	86	2019-11-12	2019-11-12
9067	704	5	2016-05-07	2016-05-08
9068	594	83	2017-02-09	2019-04-14
9069	717	90	2019-04-10	2019-05-11
9070	608	100	2020-05-26	2020-07-28
9071	47	40	2019-06-10	2020-07-13
9072	953	3	2016-02-20	2018-02-22
9073	670	88	2019-02-17	2020-04-24
9074	697	30	2020-12-09	2020-12-16
9075	118	56	2020-06-03	2020-06-03
9076	241	67	2016-06-09	2018-08-15
9077	179	76	2020-02-28	2020-03-28
9078	485	43	2019-04-28	2019-04-28
9079	588	39	2015-12-06	2016-12-07
9080	339	74	2017-12-02	2018-12-02
9081	796	72	2016-02-18	2017-03-25
9082	918	20	2015-09-25	2016-10-28
9083	698	97	2015-02-15	2015-04-21
9084	429	44	2019-01-17	2020-03-20
9085	797	67	2019-02-20	2020-02-27
9086	60	29	2020-08-28	2020-10-28
9087	302	59	2016-12-17	2016-12-19
9088	660	75	2015-08-14	2015-08-18
9089	7	66	2020-11-02	2020-11-03
9090	347	81	2017-06-24	2017-06-25
9091	528	15	2016-05-19	2016-05-20
9092	352	12	2016-05-07	2017-07-12
9093	822	34	2015-09-16	2016-11-23
9094	768	17	2020-01-26	2020-02-28
9095	954	73	2019-01-08	2020-03-11
9096	526	81	2015-11-26	2015-12-28
9097	823	62	2015-09-09	2017-10-12
9098	957	27	2019-07-06	2019-07-11
9099	29	27	2020-11-24	2020-12-28
9100	48	97	2015-11-20	2017-12-21
9101	701	39	2015-02-15	2017-03-15
9102	501	54	2015-08-09	2015-10-14
9103	863	28	2017-07-19	2018-09-26
9104	906	74	2017-01-19	2017-02-25
9105	550	49	2017-05-19	2017-07-23
9106	801	34	2020-06-25	2020-06-28
9107	23	92	2019-02-06	2020-03-07
9108	947	50	2016-11-17	2016-12-24
9109	243	88	2019-04-25	2020-06-27
9110	49	25	2015-03-25	2015-05-28
9111	902	79	2018-08-11	2020-09-15
9112	533	10	2018-03-15	2018-04-17
9113	27	89	2015-02-05	2016-03-05
9114	436	32	2019-10-14	2020-12-19
9115	151	46	2019-12-23	2020-12-24
9116	195	20	2020-10-19	2020-12-26
9117	273	73	2015-09-22	2017-11-26
9118	707	22	2020-04-07	2020-04-09
9119	585	51	2018-05-21	2018-07-21
9120	460	62	2016-02-10	2018-04-17
9121	244	67	2019-10-26	2019-10-28
9122	83	78	2017-03-15	2019-05-20
9123	143	85	2016-08-19	2016-08-25
9124	775	13	2018-12-01	2020-12-02
9125	156	9	2015-11-28	2015-12-28
9126	603	60	2019-06-22	2020-06-25
9127	824	23	2016-06-05	2018-08-09
9128	520	63	2020-01-11	2020-01-16
9129	766	15	2018-01-04	2020-01-09
9130	682	14	2020-03-11	2020-04-15
9131	531	56	2016-07-02	2018-08-08
9132	578	99	2017-12-28	2017-12-28
9133	191	99	2016-05-14	2017-06-15
9134	714	39	2015-05-01	2017-07-05
9135	996	60	2020-05-13	2020-07-16
9136	501	2	2018-10-03	2018-10-04
9137	905	87	2019-12-01	2019-12-08
9138	849	91	2019-05-19	2019-07-21
9139	92	70	2019-03-22	2019-05-25
9140	364	23	2015-08-17	2017-09-18
9141	605	59	2017-08-25	2018-08-28
9142	480	43	2019-09-04	2019-09-04
9143	609	60	2017-12-28	2017-12-28
9144	223	31	2017-09-23	2018-10-26
9145	971	88	2019-01-15	2019-01-21
9146	235	85	2020-11-07	2020-12-14
9147	59	80	2017-04-09	2018-05-15
9148	142	90	2015-09-13	2015-10-15
9149	633	35	2016-03-09	2016-03-13
9150	861	82	2018-12-09	2020-12-09
9151	596	94	2020-03-28	2020-03-28
9152	992	78	2020-09-01	2020-10-04
9153	943	86	2019-11-21	2019-12-25
9154	812	52	2017-06-28	2019-06-28
9155	157	16	2018-05-09	2018-06-14
9156	292	7	2020-07-06	2020-09-07
9157	453	45	2020-04-25	2020-04-28
9158	874	39	2015-06-11	2017-08-16
9159	819	10	2018-04-05	2019-05-11
9160	284	17	2016-12-09	2016-12-13
9161	938	4	2018-04-22	2018-06-23
9162	178	71	2015-09-09	2015-10-09
9163	379	6	2016-08-04	2016-09-09
9164	214	8	2020-11-26	2020-12-28
9165	722	91	2016-09-17	2017-10-19
9166	996	84	2016-09-09	2018-11-11
9167	771	26	2017-06-13	2018-08-19
9168	385	84	2019-02-04	2020-04-07
9169	896	59	2020-02-14	2020-04-18
9170	682	26	2015-10-21	2016-10-27
9171	175	68	2016-05-03	2017-07-03
9172	153	84	2016-11-24	2016-11-24
9173	366	52	2017-08-11	2017-10-17
9174	309	62	2019-10-06	2020-12-07
9175	523	2	2016-07-12	2018-08-15
9176	226	99	2018-12-27	2018-12-28
9177	944	77	2018-09-28	2019-09-28
9178	370	80	2019-10-10	2020-11-13
9179	235	77	2020-02-21	2020-04-21
9180	964	13	2016-07-04	2016-09-11
9181	180	29	2015-04-10	2017-05-14
9182	737	81	2016-10-11	2018-10-15
9183	660	72	2019-04-12	2020-06-15
9184	11	86	2016-09-06	2016-11-10
9185	483	97	2017-05-19	2018-07-25
9186	836	76	2020-10-27	2020-11-28
9187	91	23	2019-09-10	2020-11-17
9188	763	22	2019-09-08	2020-10-15
9189	208	14	2019-05-18	2019-07-22
9190	459	51	2015-07-17	2016-09-22
9191	643	13	2019-05-14	2020-07-17
9192	891	70	2020-01-09	2020-02-10
9193	397	58	2020-10-09	2020-10-10
9194	722	18	2019-07-27	2020-07-28
9195	332	55	2015-04-28	2017-06-28
9196	803	96	2017-09-09	2017-09-15
9197	846	30	2020-11-21	2020-12-24
9198	398	76	2018-11-16	2020-11-19
9199	154	24	2015-10-07	2017-12-08
9200	667	74	2017-04-26	2017-05-28
9201	601	12	2017-07-13	2017-08-14
9202	846	40	2017-04-01	2019-06-07
9203	181	71	2017-02-27	2019-04-28
9204	722	37	2020-02-07	2020-02-08
9205	971	34	2019-12-11	2019-12-18
9206	180	53	2019-05-28	2020-05-28
9207	189	28	2018-07-23	2020-09-28
9208	36	5	2017-10-04	2018-10-06
9209	377	14	2016-09-03	2018-11-06
9210	556	23	2016-02-27	2017-02-28
9211	329	57	2017-03-10	2017-03-13
9212	636	85	2020-05-24	2020-05-28
9213	633	75	2017-05-03	2017-05-08
9214	391	82	2018-10-26	2018-12-28
9215	123	39	2015-08-11	2015-10-12
9216	782	42	2016-07-25	2018-09-28
9217	792	21	2018-11-23	2020-11-24
9218	887	72	2016-01-03	2018-02-09
9219	962	11	2016-07-11	2018-07-15
9220	878	5	2015-10-11	2016-12-14
9221	451	91	2016-01-09	2017-02-10
9222	361	83	2017-07-27	2018-08-28
9223	213	10	2018-07-14	2018-08-21
9224	363	89	2020-10-02	2020-12-04
9225	737	76	2020-08-28	2020-09-28
9226	755	46	2020-08-03	2020-09-05
9227	11	46	2020-02-03	2020-02-07
9228	893	53	2019-05-07	2020-05-11
9229	955	84	2017-09-18	2017-09-22
9230	237	8	2017-02-12	2019-02-18
9231	387	75	2016-06-18	2016-08-21
9232	643	41	2016-12-25	2016-12-25
9233	353	42	2017-04-17	2018-06-20
9234	229	99	2018-05-07	2020-06-07
9235	227	67	2018-02-25	2020-02-28
9236	752	48	2020-12-10	2020-12-13
9237	465	16	2017-11-06	2019-12-06
9238	350	4	2018-08-06	2019-08-09
9239	925	51	2016-07-16	2016-08-22
9240	51	44	2015-05-13	2017-05-19
9241	61	67	2015-05-28	2016-06-28
9242	301	84	2017-06-28	2019-08-28
9243	686	14	2020-03-22	2020-04-25
9244	264	43	2019-07-08	2020-07-11
9245	71	80	2016-08-28	2017-10-28
9246	574	29	2019-01-28	2019-02-28
9247	712	99	2016-07-05	2018-08-07
9248	95	32	2020-04-14	2020-04-16
9249	768	68	2017-11-02	2017-12-02
9250	455	43	2019-05-12	2020-05-18
9251	737	83	2017-11-25	2018-12-28
9252	610	83	2016-03-24	2016-04-27
9253	909	65	2020-02-27	2020-02-28
9254	920	68	2019-10-26	2020-11-27
9255	14	8	2020-11-14	2020-11-20
9256	805	10	2017-11-20	2018-12-24
9257	295	8	2018-08-15	2020-08-20
9258	358	67	2020-11-25	2020-12-25
9259	79	81	2017-10-23	2018-10-26
9260	181	95	2015-11-23	2015-12-23
9261	768	88	2018-08-16	2020-09-19
9262	667	45	2019-09-19	2020-10-20
9263	213	84	2016-08-24	2016-08-28
9264	199	16	2016-02-26	2018-03-28
9265	99	9	2018-05-28	2018-06-28
9266	539	29	2018-03-19	2020-05-19
9267	18	40	2016-03-26	2017-04-26
9268	429	50	2017-11-24	2019-12-28
9269	56	46	2020-07-27	2020-09-28
9270	286	69	2020-05-23	2020-06-25
9271	82	20	2019-05-11	2020-06-11
9272	767	19	2020-03-20	2020-04-22
9273	696	54	2016-03-02	2017-05-08
9274	812	74	2018-07-19	2019-08-26
9275	984	21	2015-10-24	2015-11-27
9276	480	72	2020-04-20	2020-04-22
9277	165	66	2020-04-02	2020-05-03
9278	124	99	2019-10-16	2020-10-22
9279	212	77	2019-11-27	2019-11-27
9280	584	18	2017-09-12	2019-10-19
9281	882	20	2018-11-10	2019-11-14
9282	859	62	2017-06-26	2018-06-28
9283	822	44	2017-06-27	2018-08-28
9284	307	98	2017-03-22	2019-03-24
9285	148	83	2018-07-17	2018-07-19
9286	361	80	2018-09-05	2019-09-11
9287	14	74	2020-07-21	2020-07-25
9288	271	56	2020-07-04	2020-08-08
9289	468	88	2017-07-07	2018-09-12
9290	289	31	2018-11-13	2019-11-14
9291	394	83	2020-10-12	2020-11-16
9292	367	59	2020-09-20	2020-09-22
9293	246	5	2015-04-07	2015-04-07
9294	513	20	2019-12-15	2019-12-19
9295	968	85	2018-01-19	2019-03-23
9296	860	15	2016-06-07	2016-07-12
9297	539	64	2019-01-23	2020-02-25
9298	129	2	2019-06-02	2020-06-04
9299	871	81	2016-06-20	2018-08-22
9300	2	74	2015-06-12	2016-08-16
9301	260	45	2020-06-08	2020-08-11
9302	840	77	2016-03-06	2017-05-13
9303	293	84	2017-02-09	2019-04-15
9304	510	13	2015-10-23	2016-12-28
9305	344	33	2019-01-10	2020-02-10
9306	431	10	2017-05-13	2019-06-13
9307	303	5	2016-06-18	2017-07-20
9308	895	41	2016-05-01	2017-05-08
9309	112	60	2017-11-25	2019-11-27
9310	686	37	2018-08-15	2019-08-17
9311	566	48	2018-10-18	2019-11-19
9312	52	89	2016-05-19	2016-05-25
9313	271	19	2015-04-18	2017-05-20
9314	246	2	2016-11-11	2017-11-15
9315	514	39	2016-08-01	2017-09-07
9316	878	28	2017-10-25	2018-11-28
9317	171	16	2018-02-11	2018-04-11
9318	973	75	2016-05-15	2016-05-19
9319	527	53	2020-11-22	2020-12-25
9320	965	48	2018-03-23	2019-03-25
9321	545	42	2020-09-15	2020-11-21
9322	151	98	2019-01-28	2020-03-28
9323	245	39	2020-08-17	2020-10-24
9324	699	72	2016-05-15	2017-06-15
9325	64	81	2020-07-28	2020-09-28
9326	705	82	2018-10-20	2020-10-27
9327	954	39	2016-04-09	2018-06-10
9328	694	74	2016-11-22	2018-12-22
9329	179	76	2020-11-14	2020-12-15
9330	325	42	2017-11-03	2017-12-03
9331	235	51	2017-10-17	2017-10-24
9332	126	49	2020-08-03	2020-09-04
9333	161	45	2020-06-08	2020-08-13
9334	699	44	2018-09-21	2020-10-24
9335	32	41	2019-01-01	2020-03-08
9336	520	4	2015-06-24	2017-07-27
9337	911	14	2019-04-13	2020-04-14
9338	46	87	2015-03-28	2017-04-28
9339	919	56	2019-01-12	2019-02-18
9340	385	32	2016-01-24	2017-03-28
9341	165	67	2020-02-15	2020-03-22
9342	190	44	2019-09-18	2020-09-25
9343	245	28	2019-11-01	2019-12-03
9344	148	90	2015-08-13	2015-10-15
9345	902	7	2019-12-15	2020-12-21
9346	983	36	2017-12-08	2017-12-14
9347	684	12	2018-12-22	2018-12-23
9348	79	14	2016-12-25	2017-12-28
9349	529	10	2016-08-22	2016-08-24
9350	79	72	2016-11-08	2017-12-12
9351	739	39	2016-09-05	2016-10-10
9352	89	79	2020-10-26	2020-12-28
9353	591	21	2017-09-26	2017-10-26
9354	827	94	2018-04-12	2020-04-19
9355	999	92	2018-09-11	2018-11-15
9356	72	82	2020-06-26	2020-07-27
9357	808	33	2019-04-01	2020-05-05
9358	750	10	2017-06-02	2018-06-02
9359	419	26	2016-05-20	2018-05-22
9360	270	91	2018-03-08	2018-05-09
9361	560	33	2020-02-07	2020-04-07
9362	268	24	2016-06-07	2018-08-14
9363	571	43	2016-11-01	2018-12-07
9364	410	10	2020-07-15	2020-08-21
9365	836	23	2018-11-04	2019-11-06
9366	253	32	2019-11-25	2020-12-28
9367	300	38	2015-02-18	2015-03-23
9368	247	79	2017-05-18	2018-05-24
9369	863	18	2020-11-17	2020-12-17
9370	170	91	2016-07-07	2016-07-13
9371	988	24	2015-05-22	2015-06-28
9372	918	37	2020-05-17	2020-05-19
9373	570	94	2020-06-17	2020-08-23
9374	182	85	2015-03-21	2016-05-21
9375	917	70	2020-06-02	2020-06-09
9376	819	34	2020-07-27	2020-08-28
9377	836	82	2015-10-20	2016-11-22
9378	439	94	2019-02-17	2019-04-17
9379	608	72	2017-03-18	2018-04-22
9380	192	68	2018-01-09	2020-02-15
9381	507	82	2016-05-19	2017-07-23
9382	788	94	2018-01-19	2020-03-23
9383	696	6	2015-05-24	2017-05-28
9384	35	23	2020-05-18	2020-06-18
9385	981	37	2016-04-17	2018-06-18
9386	749	49	2020-10-04	2020-10-04
9387	136	15	2015-06-15	2017-08-18
9388	33	5	2018-10-20	2020-10-20
9389	56	28	2018-02-09	2018-03-11
9390	802	28	2017-11-22	2017-11-23
9391	766	3	2020-06-26	2020-08-28
9392	659	54	2017-09-18	2018-11-20
9393	477	97	2018-03-16	2020-03-22
9394	902	18	2018-08-21	2018-09-21
9395	987	78	2017-05-22	2017-07-28
9396	438	68	2017-12-15	2018-12-22
9397	378	40	2015-03-03	2017-05-06
9398	617	62	2015-12-04	2016-12-08
9399	211	13	2015-09-02	2015-10-07
9400	559	10	2015-10-26	2015-10-28
9401	141	63	2019-04-19	2020-05-19
9402	544	83	2016-11-09	2017-12-15
9403	371	36	2015-08-23	2017-09-28
9404	512	16	2020-04-26	2020-05-28
9405	342	27	2015-09-07	2016-09-10
9406	584	85	2019-01-19	2020-03-24
9407	777	95	2018-06-19	2020-06-26
9408	266	86	2016-03-25	2016-05-25
9409	699	27	2018-02-16	2019-02-17
9410	699	55	2017-03-08	2018-04-11
9411	438	99	2020-06-06	2020-07-09
9412	503	88	2020-04-27	2020-05-28
9413	665	8	2019-09-14	2020-09-15
9414	992	11	2016-02-06	2017-02-09
9415	942	94	2016-12-25	2016-12-25
9416	929	26	2020-12-02	2020-12-07
9417	707	30	2018-10-19	2018-11-26
9418	679	61	2016-07-11	2018-09-16
9419	723	14	2018-08-21	2020-10-28
9420	638	57	2016-10-23	2018-11-23
9421	553	32	2017-11-01	2017-12-06
9422	857	62	2020-11-17	2020-11-20
9423	68	94	2017-09-07	2019-10-14
9424	190	78	2020-01-19	2020-03-21
9425	910	46	2020-01-27	2020-03-28
9426	722	52	2018-01-16	2018-02-19
9427	769	90	2016-07-10	2016-09-11
9428	983	32	2017-05-01	2018-06-02
9429	753	19	2016-07-19	2016-07-19
9430	144	44	2019-10-27	2019-11-28
9431	594	87	2018-10-02	2019-10-06
9432	766	10	2019-03-19	2020-04-23
9433	245	95	2019-04-26	2019-04-28
9434	668	29	2020-03-01	2020-04-01
9435	555	66	2015-03-05	2017-04-11
9436	762	5	2015-05-08	2015-07-15
9437	674	88	2018-01-09	2020-01-16
9438	165	47	2020-02-01	2020-02-01
9439	842	100	2018-03-09	2019-03-15
9440	378	6	2019-05-08	2020-06-13
9441	304	42	2020-10-06	2020-11-11
9442	252	11	2018-01-19	2019-02-20
9443	628	58	2020-04-03	2020-04-05
9444	52	9	2017-06-08	2019-06-08
9445	176	37	2018-02-06	2018-03-08
9446	1000	88	2019-12-25	2019-12-28
9447	806	86	2020-08-23	2020-08-23
9448	506	94	2020-08-26	2020-09-28
9449	499	36	2020-01-06	2020-01-06
9450	338	20	2017-01-19	2018-02-24
9451	106	75	2016-07-04	2018-07-06
9452	984	56	2017-03-13	2018-03-17
9453	453	5	2018-04-23	2020-05-28
9454	964	19	2019-09-07	2020-09-12
9455	187	20	2018-03-02	2019-04-05
9456	547	21	2020-05-22	2020-05-28
9457	379	4	2020-09-18	2020-10-25
9458	111	34	2017-02-02	2019-04-06
9459	352	2	2019-03-10	2020-04-11
9460	513	7	2020-04-28	2020-06-28
9461	425	76	2020-06-13	2020-06-15
9462	997	39	2016-10-27	2018-12-28
9463	480	29	2015-02-06	2017-04-10
9464	254	57	2017-04-20	2019-05-24
9465	602	45	2017-05-15	2017-05-19
9466	979	14	2015-06-01	2016-08-03
9467	13	43	2015-01-24	2016-01-27
9468	505	19	2019-04-05	2020-05-11
9469	508	51	2016-05-17	2018-05-20
9470	147	4	2017-05-25	2018-05-27
9471	12	99	2018-12-13	2020-12-19
9472	493	45	2015-09-06	2017-11-07
9473	982	60	2018-05-21	2018-05-22
9474	275	21	2015-08-10	2016-10-12
9475	472	11	2015-07-18	2015-08-25
9476	222	58	2018-12-18	2020-12-25
9477	822	21	2015-02-21	2017-04-25
9478	732	44	2019-12-13	2020-12-13
9479	874	53	2020-07-16	2020-09-17
9480	279	9	2019-06-09	2020-06-12
9481	435	38	2020-07-08	2020-09-10
9482	648	19	2017-08-26	2019-08-28
9483	539	20	2017-12-15	2018-12-17
9484	759	64	2018-01-04	2018-02-08
9485	494	30	2020-02-09	2020-02-14
9486	255	99	2015-06-18	2017-06-23
9487	153	14	2016-07-17	2016-08-22
9488	591	100	2017-05-22	2017-06-27
9489	405	24	2016-02-05	2017-02-07
9490	919	74	2016-12-16	2017-12-22
9491	757	56	2018-03-22	2019-05-24
9492	874	52	2016-12-10	2016-12-14
9493	750	42	2015-09-22	2017-09-28
9494	808	83	2018-10-18	2019-12-25
9495	62	81	2020-01-01	2020-02-07
9496	709	77	2016-08-24	2017-10-27
9497	180	79	2016-11-08	2017-11-09
9498	510	67	2018-09-14	2018-10-17
9499	980	63	2019-12-20	2019-12-22
9500	110	8	2018-10-20	2020-11-20
9501	274	76	2015-01-20	2017-02-24
9502	97	78	2016-05-08	2016-05-12
9503	30	35	2016-09-28	2017-09-28
9504	185	80	2017-02-05	2019-03-10
9505	728	76	2016-07-27	2018-08-28
9506	194	2	2020-06-12	2020-08-19
9507	521	61	2016-08-10	2016-09-13
9508	844	63	2017-05-26	2018-06-28
9509	289	2	2015-01-28	2017-03-28
9510	302	49	2016-08-21	2018-09-23
9511	222	44	2019-12-09	2019-12-12
9512	701	67	2017-07-20	2019-08-25
9513	996	32	2019-11-23	2019-12-28
9514	916	9	2020-12-28	2020-12-28
9515	323	65	2020-06-26	2020-06-28
9516	481	99	2018-02-15	2018-02-16
9517	653	49	2017-12-02	2018-12-06
9518	442	13	2015-03-26	2015-04-28
9519	884	10	2016-11-25	2018-12-28
9520	1	43	2018-01-10	2019-01-14
9521	807	89	2017-05-23	2019-07-27
9522	195	63	2016-01-06	2017-03-07
9523	380	53	2019-09-13	2020-11-18
9524	345	23	2016-05-14	2017-05-16
9525	172	42	2018-05-16	2020-05-21
9526	529	60	2017-05-20	2017-07-27
9527	158	57	2020-06-06	2020-06-11
9528	481	10	2015-06-17	2016-06-17
9529	134	98	2017-03-08	2019-05-08
9530	655	75	2016-02-21	2018-03-26
9531	976	47	2019-11-09	2019-12-14
9532	698	46	2020-10-14	2020-11-16
9533	968	14	2015-01-08	2015-03-10
9534	611	98	2020-05-20	2020-06-25
9535	573	8	2015-09-17	2017-10-20
9536	659	94	2019-12-18	2019-12-20
9537	565	4	2016-05-28	2018-06-28
9538	86	50	2016-11-04	2017-12-11
9539	26	32	2015-04-04	2016-05-05
9540	94	54	2016-03-27	2017-05-28
9541	57	57	2019-11-14	2020-12-15
9542	796	91	2015-08-28	2015-09-28
9543	553	84	2018-10-04	2019-11-07
9544	417	12	2020-08-26	2020-09-28
9545	686	79	2020-10-01	2020-12-04
9546	181	75	2019-12-14	2020-12-17
9547	473	6	2020-01-11	2020-02-12
9548	363	97	2018-01-27	2018-03-28
9549	813	52	2020-08-25	2020-09-28
9550	584	47	2017-02-28	2018-03-28
9551	411	56	2016-07-17	2016-07-23
9552	772	34	2016-04-01	2016-06-06
9553	957	80	2019-05-01	2020-05-02
9554	267	48	2020-09-27	2020-09-28
9555	972	85	2015-07-25	2017-09-26
9556	649	36	2020-09-01	2020-10-01
9557	540	71	2015-02-23	2015-02-28
9558	653	43	2020-02-15	2020-02-17
9559	76	56	2016-05-11	2018-05-17
9560	759	54	2015-10-05	2016-12-07
9561	630	19	2019-11-11	2020-12-16
9562	559	19	2017-03-03	2018-05-08
9563	348	72	2016-08-22	2017-09-23
9564	394	46	2015-01-06	2015-01-12
9565	222	100	2017-09-12	2018-09-18
9566	781	14	2019-09-06	2019-09-08
9567	340	6	2018-09-22	2019-09-23
9568	885	50	2016-07-09	2017-07-10
9569	826	83	2017-11-20	2017-12-20
9570	796	75	2018-01-27	2019-02-28
9571	96	46	2019-09-10	2020-09-15
9572	204	57	2018-12-14	2020-12-18
9573	691	62	2019-06-08	2020-07-15
9574	636	63	2020-11-17	2020-11-22
9575	177	13	2018-09-12	2019-11-12
9576	461	12	2016-08-27	2016-09-28
9577	306	64	2018-01-20	2020-02-23
9578	208	5	2020-08-22	2020-09-25
9579	294	32	2016-08-24	2016-08-28
9580	61	16	2018-05-24	2019-07-28
9581	585	60	2015-12-01	2017-12-04
9582	361	72	2017-02-10	2018-02-12
9583	678	37	2015-11-22	2017-11-22
9584	248	14	2017-10-15	2017-12-18
9585	787	86	2018-06-23	2020-06-23
9586	542	27	2017-04-09	2017-04-15
9587	819	93	2019-03-20	2019-05-20
9588	359	31	2015-05-19	2015-06-19
9589	764	26	2019-04-23	2020-05-24
9590	912	78	2017-03-14	2017-04-20
9591	37	42	2017-11-20	2019-12-21
9592	462	13	2017-08-07	2019-10-14
9593	220	21	2018-06-22	2020-08-24
9594	598	36	2017-07-14	2018-07-15
9595	438	18	2017-11-23	2017-12-26
9596	353	42	2018-02-04	2019-02-07
9597	579	8	2020-01-07	2020-01-11
9598	49	86	2019-07-15	2020-08-17
9599	418	78	2020-03-12	2020-03-16
9600	605	30	2017-11-07	2019-12-08
9601	953	91	2017-02-07	2017-02-12
9602	608	88	2017-06-09	2017-08-15
9603	896	14	2018-08-26	2019-10-28
9604	415	32	2016-06-16	2016-07-19
9605	545	84	2016-02-03	2017-03-07
9606	952	73	2015-09-08	2017-10-14
9607	902	55	2019-02-21	2019-04-28
9608	373	41	2017-12-24	2018-12-24
9609	657	93	2020-09-08	2020-10-15
9610	330	16	2018-09-17	2020-11-24
9611	979	48	2015-11-17	2016-12-17
9612	999	49	2015-08-20	2015-09-20
9613	71	48	2019-05-06	2020-07-11
9614	73	45	2018-07-27	2020-07-28
9615	66	56	2016-09-07	2018-10-10
9616	547	62	2016-03-15	2018-03-16
9617	511	97	2019-05-23	2020-07-27
9618	108	100	2015-11-18	2017-11-19
9619	233	90	2020-11-20	2020-11-26
9620	544	86	2019-02-13	2019-03-13
9621	316	90	2019-09-16	2020-09-18
9622	677	26	2016-10-03	2016-11-06
9623	598	48	2015-11-05	2017-11-10
9624	772	66	2020-06-23	2020-06-28
9625	40	96	2015-07-26	2015-08-28
9626	677	77	2015-01-26	2016-03-28
9627	489	83	2018-03-21	2019-05-24
9628	829	98	2015-11-23	2015-12-25
9629	744	73	2019-12-23	2019-12-28
9630	329	11	2015-03-15	2017-03-17
9631	9	35	2015-07-02	2016-07-07
9632	740	35	2015-12-03	2016-12-05
9633	301	40	2019-09-11	2020-10-15
9634	258	14	2020-02-06	2020-02-11
9635	52	5	2019-06-13	2019-07-15
9636	856	27	2015-05-22	2017-05-24
9637	266	3	2015-03-28	2016-03-28
9638	618	55	2020-03-16	2020-04-20
9639	992	3	2018-04-28	2019-06-28
9640	527	2	2015-12-28	2016-12-28
9641	866	35	2018-08-04	2020-10-09
9642	164	25	2018-06-24	2019-07-28
9643	832	53	2020-10-16	2020-11-23
9644	753	74	2020-10-27	2020-11-28
9645	237	12	2016-01-18	2016-01-18
9646	543	32	2016-12-04	2017-12-08
9647	78	34	2018-11-19	2018-12-21
9648	535	33	2018-02-15	2018-03-17
9649	163	33	2016-02-17	2018-03-20
9650	586	33	2019-01-24	2020-02-27
9651	166	46	2019-11-27	2019-12-28
9652	322	41	2019-06-15	2019-07-21
9653	261	88	2020-10-27	2020-10-28
9654	990	78	2016-01-02	2017-02-02
9655	281	84	2015-11-17	2016-12-18
9656	925	59	2020-05-21	2020-05-23
9657	671	13	2020-03-10	2020-04-17
9658	630	71	2018-01-07	2020-01-14
9659	644	28	2020-03-19	2020-05-20
9660	290	27	2019-02-12	2020-02-16
9661	968	69	2018-06-18	2019-07-18
9662	111	26	2019-09-16	2019-10-20
9663	939	40	2016-12-22	2016-12-28
9664	29	94	2018-09-25	2020-11-27
9665	494	57	2017-10-01	2019-11-01
9666	789	72	2018-04-27	2018-05-28
9667	609	99	2020-06-15	2020-06-21
9668	927	23	2020-07-04	2020-07-05
9669	937	51	2016-09-19	2017-09-20
9670	930	74	2020-06-26	2020-07-28
9671	747	30	2019-02-27	2020-03-28
9672	239	85	2017-11-04	2017-12-10
9673	624	61	2016-10-27	2016-12-28
9674	173	88	2015-11-28	2016-12-28
9675	276	29	2019-02-14	2020-03-20
9676	42	3	2020-11-18	2020-12-18
9677	248	39	2018-08-04	2018-10-09
9678	772	74	2015-08-19	2016-09-24
9679	353	72	2015-04-02	2017-05-06
9680	791	54	2019-10-22	2020-11-28
9681	140	59	2016-09-06	2016-11-07
9682	329	83	2018-10-22	2019-11-26
9683	737	19	2019-04-19	2020-04-23
9684	162	14	2016-07-20	2016-07-20
9685	149	64	2015-12-08	2016-12-08
9686	703	48	2016-04-27	2018-05-28
9687	135	85	2016-05-14	2017-05-20
9688	425	51	2016-05-09	2017-07-16
9689	946	18	2015-12-27	2015-12-28
9690	87	43	2017-01-17	2017-01-20
9691	557	51	2020-09-20	2020-11-25
9692	759	24	2018-11-09	2018-11-15
9693	318	11	2016-01-25	2016-03-28
9694	426	82	2016-04-11	2018-04-18
9695	857	63	2020-05-02	2020-07-03
9696	996	24	2018-01-26	2020-02-26
9697	346	10	2017-08-23	2017-09-28
9698	294	75	2020-11-05	2020-12-06
9699	485	79	2015-09-22	2015-10-25
9700	854	86	2019-02-02	2020-04-06
9701	66	4	2020-06-13	2020-08-16
9702	221	54	2017-11-19	2018-11-22
9703	20	76	2015-07-20	2017-07-20
9704	34	43	2019-04-25	2019-04-28
9705	579	70	2020-07-25	2020-08-28
9706	670	85	2015-11-08	2015-11-14
9707	704	82	2017-09-08	2017-10-12
9708	896	30	2015-11-01	2016-12-08
9709	976	9	2017-12-21	2017-12-21
9710	190	40	2016-08-11	2018-10-16
9711	240	100	2018-05-06	2019-06-08
9712	732	6	2016-02-16	2016-02-16
9713	523	64	2017-08-12	2017-09-15
9714	838	53	2016-01-26	2016-01-27
9715	109	41	2017-11-25	2018-12-28
9716	192	11	2016-12-12	2016-12-17
9717	426	36	2018-06-03	2019-06-07
9718	984	48	2020-09-20	2020-11-20
9719	845	70	2020-08-17	2020-10-20
9720	100	45	2019-10-13	2020-10-13
9721	223	71	2020-05-16	2020-06-18
9722	147	26	2019-05-11	2020-06-13
9723	469	50	2015-02-14	2017-03-18
9724	252	86	2020-09-22	2020-10-22
9725	889	97	2018-07-20	2019-07-25
9726	440	67	2018-10-20	2018-12-20
9727	874	50	2017-12-24	2019-12-24
9728	839	4	2015-02-18	2015-03-24
9729	842	29	2018-03-25	2018-05-28
9730	462	73	2016-07-05	2017-08-05
9731	573	69	2017-02-06	2017-03-07
9732	707	41	2015-06-17	2016-08-19
9733	397	77	2018-07-28	2018-07-28
9734	949	83	2020-11-25	2020-12-28
9735	976	74	2017-07-25	2017-07-28
9736	820	59	2019-07-02	2020-09-04
9737	352	33	2019-02-21	2020-02-23
9738	338	53	2019-08-01	2019-08-03
9739	236	98	2020-12-28	2020-12-28
9740	417	63	2018-01-13	2018-01-18
9741	323	100	2016-01-24	2018-03-25
9742	846	92	2018-04-27	2018-05-28
9743	262	40	2020-08-23	2020-09-24
9744	99	64	2020-12-14	2020-12-21
9745	769	55	2020-01-19	2020-02-26
9746	166	30	2020-04-16	2020-06-16
9747	107	83	2018-06-10	2020-06-17
9748	532	13	2019-04-23	2020-06-24
9749	224	15	2016-10-12	2017-11-15
9750	827	87	2015-04-21	2015-06-24
9751	632	94	2018-01-23	2018-01-24
9752	86	31	2019-01-25	2020-03-28
9753	167	69	2015-05-13	2017-07-13
9754	347	84	2017-03-15	2019-03-17
9755	979	56	2019-03-12	2019-04-18
9756	12	91	2017-02-06	2017-03-08
9757	965	5	2019-07-08	2020-07-08
9758	751	42	2019-11-09	2020-12-12
9759	99	100	2017-10-15	2018-10-19
9760	523	36	2019-07-13	2019-09-20
9761	568	93	2020-06-22	2020-08-28
9762	573	96	2018-05-05	2018-05-05
9763	834	65	2015-05-26	2016-06-28
9764	152	52	2016-08-15	2017-10-17
9765	116	86	2018-11-06	2020-11-06
9766	342	95	2017-11-21	2018-12-22
9767	714	68	2015-09-27	2017-09-28
9768	926	51	2016-11-28	2018-11-28
9769	781	58	2017-03-14	2018-04-20
9770	366	48	2018-07-10	2020-07-13
9771	796	55	2016-03-21	2017-05-24
9772	41	36	2017-12-07	2017-12-14
9773	851	82	2017-07-07	2019-08-13
9774	20	66	2018-01-02	2019-03-09
9775	854	58	2017-12-03	2019-12-09
9776	694	90	2017-04-28	2018-05-28
9777	600	44	2015-05-15	2017-07-19
9778	52	10	2016-07-18	2018-07-18
9779	885	71	2019-01-20	2019-02-20
9780	553	97	2020-03-28	2020-03-28
9781	224	68	2018-11-12	2020-11-15
9782	188	17	2015-02-03	2016-02-07
9783	53	9	2018-01-11	2018-03-14
9784	627	96	2019-10-01	2020-12-02
9785	126	87	2017-09-25	2017-09-27
9786	493	94	2016-02-12	2018-03-18
9787	425	50	2016-06-09	2018-06-09
9788	433	73	2016-07-24	2016-08-26
9789	339	9	2017-04-03	2017-06-05
9790	353	37	2015-03-24	2015-03-27
9791	875	12	2019-06-05	2020-08-06
9792	303	5	2020-07-16	2020-08-23
9793	438	40	2015-12-19	2016-12-24
9794	816	60	2016-03-05	2016-05-11
9795	171	31	2017-03-21	2018-04-28
9796	101	66	2019-11-17	2020-12-24
9797	999	65	2017-01-05	2017-03-08
9798	888	36	2019-08-26	2019-09-26
9799	939	21	2016-03-05	2016-04-08
9800	790	92	2020-05-07	2020-06-12
9801	316	43	2015-09-16	2017-11-16
9802	164	32	2015-05-20	2016-07-27
9803	440	38	2017-06-14	2017-07-14
9804	879	56	2019-07-12	2020-07-14
9805	665	77	2019-02-13	2020-03-15
9806	611	50	2016-01-14	2017-01-20
9807	325	37	2015-06-26	2015-08-28
9808	247	93	2020-09-27	2020-09-27
9809	69	99	2020-11-07	2020-11-12
9810	88	8	2019-07-02	2020-08-03
9811	244	100	2018-07-09	2018-09-13
9812	111	5	2018-08-12	2018-08-18
9813	709	16	2015-08-20	2015-09-23
9814	368	2	2019-08-03	2020-08-10
9815	981	21	2015-04-13	2017-05-15
9816	298	52	2016-04-08	2016-04-13
9817	385	31	2016-01-09	2018-01-12
9818	134	33	2020-06-07	2020-06-07
9819	519	33	2017-09-28	2017-10-28
9820	958	58	2018-02-23	2020-04-28
9821	100	79	2020-05-27	2020-05-28
9822	91	57	2016-08-14	2017-09-19
9823	898	12	2016-04-27	2016-06-28
9824	720	75	2020-01-21	2020-02-27
9825	676	28	2019-01-08	2020-03-09
9826	434	11	2020-04-25	2020-04-28
9827	722	45	2017-04-03	2019-04-09
9828	654	31	2015-10-20	2015-10-22
9829	382	22	2019-09-12	2020-09-16
9830	527	37	2016-07-14	2016-07-15
9831	452	65	2019-03-23	2020-05-26
9832	582	55	2017-09-11	2017-09-13
9833	642	23	2020-03-06	2020-03-10
9834	56	20	2016-02-19	2016-03-23
9835	296	60	2015-12-14	2017-12-15
9836	424	82	2019-09-28	2020-10-28
9837	764	16	2019-12-02	2020-12-05
9838	405	76	2020-01-19	2020-02-26
9839	780	28	2015-02-12	2015-04-13
9840	28	80	2016-05-04	2016-05-10
9841	358	24	2020-06-14	2020-08-15
9842	355	71	2020-04-09	2020-05-15
9843	411	91	2017-03-01	2017-03-02
9844	986	9	2019-10-03	2019-11-06
9845	554	44	2020-05-21	2020-06-26
9846	719	69	2015-09-19	2015-11-21
9847	975	45	2015-05-06	2015-06-12
9848	401	46	2018-02-22	2020-03-26
9849	489	78	2015-09-20	2017-09-27
9850	162	9	2017-07-11	2019-09-14
9851	99	63	2019-12-21	2020-12-22
9852	550	73	2015-03-17	2017-04-17
9853	38	49	2017-01-25	2019-01-28
9854	484	100	2020-08-20	2020-08-26
9855	809	64	2020-09-17	2020-10-20
9856	710	35	2019-02-09	2020-03-09
9857	595	65	2017-01-16	2017-01-17
9858	343	56	2019-07-18	2019-07-21
9859	607	38	2016-10-26	2016-11-28
9860	535	80	2019-02-28	2020-02-28
9861	108	80	2020-08-07	2020-08-14
9862	572	16	2020-09-04	2020-10-06
9863	717	4	2015-08-20	2016-10-23
9864	772	8	2015-04-21	2016-06-22
9865	289	12	2019-09-22	2020-11-24
9866	429	8	2016-02-10	2018-03-13
9867	820	19	2017-07-16	2018-09-20
9868	129	74	2016-04-26	2016-04-27
9869	858	98	2018-03-21	2020-04-21
9870	288	51	2020-01-13	2020-03-18
9871	835	29	2015-10-14	2015-11-14
9872	98	53	2018-07-12	2020-08-18
9873	589	41	2020-11-04	2020-11-08
9874	39	88	2018-12-26	2018-12-28
9875	968	41	2020-10-02	2020-12-03
9876	433	90	2019-09-24	2019-09-28
9877	542	62	2016-12-11	2018-12-17
9878	366	20	2018-06-17	2020-06-18
9879	932	56	2015-10-07	2016-10-12
9880	624	77	2018-10-09	2020-12-12
9881	775	67	2015-02-12	2015-03-16
9882	447	66	2020-02-24	2020-02-28
9883	121	19	2019-01-13	2020-03-14
9884	496	35	2015-07-05	2016-08-11
9885	754	97	2016-09-01	2018-11-06
9886	469	22	2019-04-28	2019-05-28
9887	674	70	2015-02-08	2016-04-10
9888	820	18	2015-04-07	2016-04-12
9889	978	31	2018-02-05	2019-03-06
9890	29	92	2018-07-23	2020-07-26
9891	474	18	2016-12-18	2017-12-24
9892	543	21	2020-01-15	2020-01-19
9893	713	26	2019-10-18	2020-11-22
9894	505	12	2017-02-16	2018-04-16
9895	567	29	2019-09-25	2020-11-28
9896	496	25	2018-12-22	2020-12-23
9897	989	11	2019-03-22	2019-03-26
9898	677	16	2015-03-07	2017-04-13
9899	230	97	2019-07-05	2019-08-12
9900	103	87	2019-12-08	2020-12-11
9901	834	61	2017-10-09	2017-12-10
9902	65	95	2018-01-02	2018-02-04
9903	850	77	2019-08-22	2019-10-27
9904	895	25	2016-01-11	2017-03-16
9905	922	58	2015-12-01	2015-12-03
9906	864	83	2015-07-26	2016-08-28
9907	31	92	2019-08-17	2020-10-19
9908	19	89	2020-09-24	2020-11-28
9909	412	42	2016-01-21	2018-01-27
9910	852	66	2019-11-19	2020-12-23
9911	980	51	2020-05-20	2020-06-26
9912	705	11	2018-11-19	2020-12-26
9913	763	18	2019-04-13	2020-06-15
9914	136	89	2015-12-08	2015-12-08
9915	46	9	2019-08-28	2019-09-28
9916	450	7	2017-02-02	2019-03-06
9917	653	4	2020-12-04	2020-12-10
9918	668	33	2016-06-06	2017-06-11
9919	305	54	2019-12-25	2020-12-28
9920	531	71	2016-01-20	2018-02-27
9921	170	79	2018-05-20	2018-05-27
9922	832	36	2019-11-12	2020-12-16
9923	31	79	2018-08-04	2018-09-11
9924	226	56	2019-08-16	2020-10-23
9925	866	93	2019-08-01	2019-10-08
9926	722	36	2016-07-13	2018-07-20
9927	935	5	2018-11-11	2020-12-15
9928	497	83	2016-11-19	2017-12-26
9929	551	32	2016-10-03	2018-12-05
9930	59	93	2018-01-13	2019-02-16
9931	792	2	2016-07-24	2018-08-28
9932	548	58	2019-10-14	2020-12-19
9933	345	22	2016-02-11	2018-02-13
9934	714	61	2015-08-05	2015-09-11
9935	686	4	2020-07-20	2020-09-22
9936	47	89	2019-12-23	2019-12-25
9937	449	69	2017-10-05	2018-10-12
9938	281	66	2016-11-21	2018-12-27
9939	458	10	2016-09-04	2017-10-05
9940	635	57	2018-08-07	2020-09-11
9941	859	80	2015-06-20	2017-06-25
9942	451	7	2018-09-08	2018-11-08
9943	187	63	2017-08-11	2018-09-17
9944	786	22	2017-03-08	2017-04-09
9945	848	90	2017-04-06	2018-06-10
9946	813	59	2019-09-15	2020-09-22
9947	567	26	2019-12-20	2019-12-23
9948	908	24	2016-02-19	2017-02-21
9949	807	93	2016-10-08	2017-10-09
9950	582	97	2015-06-03	2016-07-06
9951	819	99	2020-06-25	2020-08-28
9952	108	58	2018-12-11	2020-12-15
9953	885	32	2020-06-12	2020-07-13
9954	485	43	2016-07-14	2018-07-21
9955	193	41	2017-04-14	2019-05-20
9956	431	97	2018-05-03	2020-05-08
9957	225	37	2018-03-25	2020-04-26
9958	630	58	2015-08-07	2016-09-13
9959	130	2	2017-07-05	2017-08-11
9960	420	44	2018-09-08	2018-10-09
9961	362	71	2019-08-12	2019-10-13
9962	657	39	2015-09-15	2017-11-19
9963	300	32	2016-08-06	2017-08-13
9964	269	34	2015-01-25	2015-02-28
9965	426	36	2019-04-26	2020-04-28
9966	339	80	2015-01-20	2016-01-20
9967	578	42	2020-04-18	2020-04-23
9968	305	85	2016-12-27	2016-12-28
9969	569	83	2020-12-01	2020-12-06
9970	747	40	2017-07-28	2017-09-28
9971	13	96	2015-11-05	2017-12-06
9972	790	72	2015-02-07	2015-02-08
9973	252	68	2017-10-08	2019-11-10
9974	725	72	2018-12-25	2020-12-27
9975	510	31	2016-04-21	2017-06-23
9976	127	96	2020-10-04	2020-12-11
9977	821	46	2019-01-27	2020-02-28
9978	846	50	2018-06-20	2018-08-23
9979	281	89	2019-03-01	2020-05-04
9980	30	37	2015-05-12	2017-05-15
9981	89	77	2018-08-27	2020-08-28
9982	707	77	2019-05-01	2019-06-01
9983	906	90	2019-11-06	2020-12-10
9984	749	65	2017-04-01	2018-06-03
9985	410	49	2018-07-17	2019-07-20
9986	26	51	2018-01-15	2018-02-18
9987	280	31	2017-06-27	2019-07-28
9988	538	43	2019-09-14	2019-10-17
9989	933	21	2015-04-24	2015-05-25
9990	325	68	2016-09-04	2018-11-06
9991	449	14	2019-09-05	2020-11-07
9992	834	82	2019-04-22	2020-05-23
9993	632	25	2015-02-17	2016-03-23
9994	504	45	2017-01-27	2018-01-28
9995	622	55	2019-01-18	2019-02-23
9996	697	6	2020-03-26	2020-03-28
9997	760	90	2015-03-22	2017-03-25
9998	248	92	2020-11-19	2020-12-22
9999	298	38	2019-03-01	2019-03-02
10000	994	67	2016-02-03	2018-02-03
\.


--
-- Data for Name: faculty; Type: TABLE DATA; Schema: public; Owner: postgres
--

COPY public.faculty (id, faculty) FROM stdin;
1	Факультет автоматики и вычислительной техники (АВТФ)
2	Факультет летательных аппаратов (ФЛА)
3	Механико -технологический факультет (МТФ)
4	Факультет прикладной математики и информатики (ФПМИ)
5	Факультет радиотехники и электроники (РЭФ)
6	Факультет мехатроники и автоматизации (ФМА)
7	Факультет энергетики (ФЭН)
8	Физико-технический факультет (ФТФ)
9	Факультет бизнеса (ФБ)
10	Факультет гуманитарного образования (ФГО)
11	Институт социальных технологий (ИСТ)
\.


--
-- Data for Name: first_name; Type: TABLE DATA; Schema: public; Owner: postgres
--

COPY public.first_name (id, first_name) FROM stdin;
1	Булат
2	Николай
3	Тимур
4	Диля
5	Эркин
6	Станислав
7	Нуне
8	Евгения
9	Рой
10	Левон
11	Ромэн
12	Раиса
13	Венедикт
14	Дина
15	София
16	Эргали
17	Порфирий
18	Василий
19	Олеся
20	Коста
21	Надежда
22	Клавдия
23	Евтихий
24	Соломон
25	Рувим
26	Маргарита
27	Радий
28	Даниил
29	Еремей
30	Спартак
31	Татьяна
32	Никита
33	Алан
34	Владимир
35	Ким
36	Ида
37	Анастасия
38	Наум
39	Андрей
40	Амаяк
41	Лидия
42	Исаак
43	Ахияр
44	Игнатий
45	Данила
46	Зинаида
47	Пётр
48	Вильям
49	Фёдор
50	Осип
51	Захар
52	Антон
53	Артём
54	Генрих
55	Семён
56	Нил
57	Лия
58	Микуль
59	Всеволод
60	Макс
61	Рустам
62	Марина
63	Аркадий
64	Феоктист
65	Эвальд
66	Полина
67	Тимофей
68	Мария
69	Эзра
70	Антоний
71	Виктория
72	Валериан
73	Адольф
74	Глеб
75	Юлия
76	Ирина
77	Светлана
78	Ариадна
79	Абрам
80	Леонид
81	Яков
82	Клавдий
83	Любовь
84	Артур
85	Лев
86	Эдуард
87	Илья
88	Викентий
89	Антонин
90	Франц
91	Ольга
92	Марк
93	Ефим
94	Иосиф
95	Виссарион
96	Лайон
97	Виктор
98	Матвей
99	Эсфирь
100	Аполлинарий
101	де
102	Авксентий
103	Руслан
104	Рафаил
105	Кирилл
106	Ярослав
107	Афанасий
108	Алексей
109	Богдан
110	Бертиль
111	Наринэ
112	Герман
113	Ростислав
114	Лазарь
115	Сигизмунд
116	Олимпиада
117	Гавриил
118	Тамара
119	Константин
120	Пантелеймон
121	Анна
122	Нина
123	Герберт
124	Овидий
125	Трофим
126	Инна
127	Феликс
128	Павел
129	Степан
130	Фаддей
131	Иван
132	Дружина
133	Дмитрий
134	Роксана
135	Эльвира
136	Людмила
137	Ольгерт
138	Кенжебек
139	Валерий
140	Валентин
141	Альберт
142	Святослав
143	Иринарх
144	Егор
145	Олег
146	Алла
147	Платон
148	Яна
149	Вольдемар
150	Давид
151	Руфин
152	Иероним
153	Руфь
154	Борис
155	Георгий
156	Кронид
157	Наталья
158	Фердинанд
159	Ибрагим
160	Орест
161	Эммануил
162	Валерия
163	Самуил
164	Ксения
165	Гайда
166	Александра
167	Моисей
168	Вадим
169	Морис
170	Агния
171	Иннокентий
172	Варвара
173	Вера
174	Игорь
175	Далия
176	Анатолий
177	Аполлон
178	Милий
179	Елена
180	Всеволодович
181	Григорий
182	Лариса
183	Рашель
184	Тамерлан
185	Валентина
186	Роман
187	Рид
188	Александр
189	Евгений
190	Хава
191	Эффенди
192	Вильгельм
193	Екатерина
194	Вениамин
195	Геннадий
196	Сергей
197	Вячеслав
198	Ваха
199	Минель
200	Виталий
201	Влас
202	Аршак
203	Владислав
204	Юрий
205	Софья
206	Галина
207	Михаил
208	Денис
209	Беньямин
210	Максим
211	Арсений
212	Альфред
213	Роза
214	Филипп
215	Рудольф
216	Рамиль
\.


--
-- Data for Name: last_name; Type: TABLE DATA; Schema: public; Owner: postgres
--

COPY public.last_name (id, last_name) FROM stdin;
1	Кремлев
2	Чуприна
3	Рябинин
4	Сологуб
5	Мясницкий
6	Чернухин
7	Антокольский
8	Дручин
9	Коновалов
10	Позамантир
11	Протопопов
12	Черникова
13	Попадин
14	Терновский
15	Громыко
16	Тотров
17	Голяков
18	Снегин
19	Абрамов
20	Бояндин
21	Волос
22	Гасенко
23	Беккер
24	Елькин
25	Конюшевский
26	Сафронова
27	Баландин
28	Шапиро
29	Кожинов
30	Симашко
31	Рубан
32	Фонвизин
33	Цетлин
34	Мин
35	Потёмкин
36	Наумова
37	Садулаев
38	Воронов
39	Звягинцева
40	Кобрин
41	Юркевич
42	Родичев
43	Капиев
44	Хамхоев
45	Больных
46	Дубинин
47	Кугушев
48	Гоголь-Яновский
49	Гуревич
50	Кармен
51	Байбородин
52	Кочин
53	Левин
54	Муравьёва
55	Ольшанский
56	Основский
57	Корепанов
58	Хургин
59	Яров
60	Гузанов
61	Конторович
62	Байгужинов
63	Броневский
64	Головинский
65	Ляпунов
66	Самохин
67	Аксёнов
68	Бондаренко
69	Ткаченко
70	Асов
71	Герцензон
72	Хетагуров
73	Черепанов
74	Юшкевич
75	Рецептер
76	Ильенков
77	Мандельштам
78	Акимов
79	Коржавин
80	Малкин
81	Вигель
82	Любовиков
83	Объедков
84	Тренёв
85	Курсанова
86	Зайдель
87	Хинштейн
88	Мелешин
89	Ошаров
90	Чижова
91	Гейченко
92	Золотько
93	Казовский
94	Куприн
95	Пальм
96	Семёнов
97	Покровский
98	Кондратьев
99	Малицкий
100	Гушалевич
101	Медведев
102	Вронский
103	Муханов
104	Клименко
105	Горчаков
106	Андреев
107	Арканов
108	Артёмов
109	Айзенштадт-Железнов
110	Горланова
111	Грулёв
112	Евдокимов
113	Лунин
114	Емельянов
115	Абельдяев
116	Марьямов
117	Плещеев
118	Исаков
119	Сергеев-Ценский
120	Мазуркевич
121	Владко
122	Добрынин
123	Амусин
124	Михалков
125	Оссендовский
126	Попов
127	Рыклин
128	Телевицкая
129	Вайсбеккер-Иванов
130	Белянкин
131	Стахеев
132	Климов
133	Генр
134	Тер-Абрамянц
135	Шпаков
136	Окунев
137	Фролов
138	Чертков
139	Кузмин
140	Алексеев
141	Бляхин
142	Прашкевич
143	Ткачёв
144	Фраерман
145	Шмелёв
146	Екимов
147	Алешковский
148	Шерешевский
149	Буркатовский
150	Минцлов
151	Крайский
152	Белосельский-Белозерский
153	Борбиев
154	Крюков
155	Наживин
156	Шраер
157	Агишев
158	Новиков-Прибой
159	Зайцев
160	Крюкова
161	Колпакиди
162	Шугаев
163	Ауслендер
164	Казменко
165	Горбунов
166	Беницкий
167	Уланов
168	Хин
169	Киселёв
170	Хармс
171	Козырев
172	Вальдберг
173	Степанов
174	Петерсон
175	Проскурин
176	Соллогуб
177	Салиас-де-Турнемир
178	Токмакова
179	Григорьев
180	Дружинин
181	Ершов
182	Калашников
183	Милославский
184	Глуховцев
185	Зноско-Боровский
186	Клепикова
187	Скорин
188	Гурулёв
189	Злуникин
190	Великанов
191	Суворова
192	Оттен
193	Шаров
194	Ладейщиков
195	Глебов
196	Димчевский
197	Порфирьев
198	Карасёв
199	Владими
200	Бугров
201	Новокшонов
202	Урванцов
203	Хохлев
204	Чулков
205	Шаршун
206	Караев
207	Штемлер
208	Дорошевич
209	Брандт
210	Золотцев
211	Кюхельбекер
212	Стругацкий
213	Балков
214	Прокушев
215	Куранов
216	Лозинский
217	Эльштейн-Горчаков
218	Исбах
219	Ешкилев
220	Грибачёв
221	Житков
222	Богомолов
223	Вилькин
224	Месняев
225	Румянцев
226	Сенковский
227	Ситников
228	Хатюшин
229	Авсеенко
230	Прокошин
231	Грачёв
232	Шевчук
233	Подушков
234	Башмаков
235	Нудельман
236	Андриасов
237	Маршак
238	Панькин
239	Назаренко
240	Михасенко
241	Обойщиков
242	Могильницкий
243	Дараган
244	Соболев
245	Шинкарёв
246	Ладыженский
247	Пасечник
248	Стерликов
249	Голицын
250	Жиркевич
251	Державин
252	Афанасьев
253	Гедройц
254	Белянин
255	Добронравов
256	Евсеенко
257	Поженян
258	Гончаров
259	Светов
260	Латанова
261	Головин
262	Ставский
263	Матвеев
264	Бойко
265	Цей
266	Якушкин
267	Абатуров
268	Забелин
269	Машкин
270	Нолле
271	Алексевич
272	Соколова
273	Майков
274	Всеволожский
275	Лощилов
276	Арсеньев
277	Шестакова
278	Володин
279	Евстафьев
280	Сапрыкина
281	Калиновская
282	Ливри
283	Айпин
284	Щёголев
285	Кудрявицкий
286	Талис
287	Приходько
288	Цюрупа
289	Чайковская
290	Зульфикаров
291	Вампилов
292	Петухов
293	Борисов
294	Фогель
295	Якубович
296	Сергеев
297	Крушеван
298	Садовский
299	Туричин
300	Аннинский
301	Акопов
302	Скопиченко
303	Старобинец
304	Шраер-Петров
305	Альтшуллер
306	Воденников
307	Бабецкий
308	Заякин-Уральский
309	Завадовский
310	Инфантьев
311	Каллиников
312	Малышкин
313	Сухов
314	Ким
315	Хелемендик
316	Галактионова
317	Лесс
318	Шульпяков
319	Базаров
320	Желябужский
321	Кузнецова
322	Рощин
323	Кузнецов
324	Тырин
325	Катков
326	Богданов
327	Пономарёв
328	Баратов-Уманский
329	Завалишин
330	Конова
331	Дриянский
332	Короленко
333	Наумович
334	Порвин
335	Авдыковский
336	Айзман
337	Знаменский
338	Спешнев
339	Треборн
340	Поляков
341	Мелихов
342	Ольхон
343	Золотусский
344	Пудин
345	Ганичев
346	Бакин
347	Амфитеатров
348	Митыпов
349	Зоргенфрей
350	Ситникова
351	Езерский
352	Жиляков
353	Агафонов
354	Алёхин
355	Ромер
356	Седых
357	Скульская
358	Зорин
359	Убогий
360	Гайдебуров
361	Зарин
362	Огрызко
363	Бухов
364	Подистов
365	Владимиров
366	Ларин
367	Смирнова-Ракитина
368	Мкртчян
369	Арно
370	Оболенский
371	Халиков
372	Кривоносов
373	Распутин
374	Филёв
375	Еськов
376	Садовников
377	Сафонов
378	Водовозов
379	Градов
380	Никитин
381	Гриценко
382	Евдошенко
383	Бурнашева
384	Селенский
385	Войновский
386	Тимофеев
387	Беседин
388	Головков
389	Хейдок
390	Брыкин
391	Малахов
392	Витковский
393	Жеребцова
394	Лохвицкий
395	Ашкинази
396	Илёшин
397	Кущевский
398	Онегов
399	Потиевский
400	Чириков
401	Греков
402	Коваленко
403	Пахомов
404	Чарская
405	Козлова
406	Булгарин
407	Бажин
408	Шульгин
409	Баженов
410	Бутов
411	Ярхо
412	Рабин
413	Баталов
414	Федосеев
415	Муратов
416	Вересаев
417	Гарри
418	Хаит
419	Геращенко
420	Писахов
421	Шестаков
422	Аринин
423	Чеповецкий
424	Беляев
425	Чаплина
426	Карпов
427	Радволина
428	Дерман
429	Фридман
430	Сомов
431	Софронов
432	Ерёмин
433	Блюммер
434	Куняев
435	Цеханович
436	Ладинский
437	Арьев
438	Паперный
439	Алданов
440	Бондарев
441	Пересветов
442	Тер-Маркарьян
443	Михайлов
444	Краснопёров
445	Боченков
446	Ройзман
447	Плюшков
448	Бородин
449	Рябчиков
450	Басыров
451	Зондберг
452	Горбовцев
453	Гроссман
454	Алейников
455	Олигер
456	Ильинский
457	Колупаев
458	Арцыбашев
459	Логинов
460	Мотринец
461	Розвал
462	Бень
463	Буровский
464	Березовский
465	Зеленский
466	Коринец
467	Хайрюзов
468	Кржижановский
469	Хенкин
470	Мещерский
471	Левант
472	Воскресенский
473	Давыдов
474	Каржавин
475	Свенцицкий
476	Зверев
477	Осипов
478	Сидельников
479	Слипенчук
480	Борисова
481	Арлазоров
482	Червинский
483	Шпилевский
484	Винник
485	Обухов
486	Паушкин
487	Хазин
488	Додолев
489	Александров
490	Алдан-Семёнов
491	Коряков
492	Шелонский
493	Личутин
494	Лимонов
495	Гидони
496	Павлова
497	Хемлин
498	Шишкина
499	Муравьёв
500	Шагурин
501	Бахвалов
502	Курбский
503	Панова
504	Буравлёв
505	Катырёв-Ростовский
506	Лурье
507	Иванченко
508	Межурицкий
509	Лапин
510	Шкроб
511	Печерский
512	Кунгуров
513	Амутных
514	Малов
515	Нарежный
516	Сабурова
517	Конради
518	Битов
519	Рич
520	Фетисов
521	Крупенин
522	Карамзин
523	Пинясов
524	Михайлов-Расловлев
525	Геровский
526	Скидан
527	Золотарёв
528	Сытин
529	Завадский
530	Иванов
531	Успенский
532	Кобах
533	Побожий
534	Ругин
535	Трунин
536	Дворкин
537	Жвалевский
538	Ивантер
539	Молоховец
540	Соболева
541	Хромов
542	Чичибабин
543	Васюнин
544	Гилёв
545	Олеша
546	Дуров
547	Дьяконов
548	Либерова
549	Мамедов
550	Шутов
551	Гумилевский
552	Куклин
553	Астахова
554	Бонч-Осмоловская
555	Постников
556	Рогаль
557	Рошко
558	Хирьяков
559	Исаев
560	Варавва
561	Колганов
562	Перовская
563	Пряхин
564	Абгарян
565	Саянов
566	Станюкович
567	Тублин
568	Фёдоров
569	Васильев
570	Дедицкий
571	Еникеева
572	Зюзюкин
573	Анчаров
574	Шевцов
575	Попугаев
576	Внуков
577	Эгарт
578	Бородыня
579	Белокрылов
580	Гуркин
581	Могилёв
582	Аверкиев
583	Завитневич
584	Кацов
585	Ласков
586	Горбов
587	Строгальщиков
588	Черкашин
589	Каменский
590	Суворов
591	Ахметов
592	Новосёлов
593	Булыга
594	Дубаев
595	Живетьева
596	Лямпорт
597	Агапова
598	Григорьева
599	Сейфуллина
600	Бегичев
601	Поселянин
602	Вайсенберг
603	Лиханов
604	Горб
605	Чапкис
606	Романов
607	Волконский
608	Володимерова
609	Тарасов
610	Бенедиктов
611	Лазаревский
612	Кучин
613	Горчев
614	Новикова
615	Беркова
616	Померанцев
617	Ярошинская
618	Мамаева
619	Калиновский
620	Пискунов
621	Хмельницкий
622	Рагозин
623	Митрак
624	Мытько
625	Давыдова
626	Юровский
627	Брешко-Брешковский
628	Гнедич
629	Аверченко
630	Бегунов
631	Волков
632	Марков
633	Остерман
634	Ржевский
635	Боборыкина
636	Солженицын
637	Инбер
638	Торопцев
639	Потанина
640	Балтер
641	Сибиряков
642	Маркушин
643	Рекемчук
644	Сибирцев
645	Лемберский
646	Ордынский
647	Гаталак
648	Позняков
649	Имшенецкий
650	Нарбикова
651	Барякина
652	Савинков
653	Боборыкин
654	Полякова
655	Лакербай
656	Каминский
657	Телешов
658	Кабо
659	Скоп
660	Гликман
661	Ремизов
662	Жилкина
663	Сычёва
664	Анхел
665	Леонтьев
666	Набоков
667	Осокин
668	Подшивалов
669	Лоскутов
670	Родных
671	Фоменко
672	Буланже
673	Сандомирский
674	Клевакин
675	Вагнер
676	Глушко
677	Площанский
678	Койранский
679	Скатов
680	Мартынов
681	Ярошевский
682	Гирели
683	Сотников
684	Скворцов
685	Михалевский
686	Налдеев
687	Будников
688	Сорокин
689	Фельдман
690	Абрамович
691	Гедеон
692	Брюсов
693	Герман
694	Кердан
695	Богучарский-Яковлев
696	Мильштейн
697	Слюсаренко
698	Чернолусский
699	Зиновьева-Аннибал
700	Моргулис
701	Лопушной
702	Магалиф
703	Пулькин
704	Морозов
705	Лисовой
706	Богров
707	Риб
708	Щеколдин
709	Войтехов
710	Власов
711	Ковальский
712	Мякотин
713	Павлов
714	Нузброх
715	Зеликович
716	Хоружий
717	Брянцев
718	Беленсон
719	Клычков
720	Беломлинская
721	Караваева
722	Мончинский
723	Пронин
724	Хейфец
725	Невинский
726	Гельман
727	Миренков
728	Горский
729	Ордынцев-Кострицкий
730	Барсегян
731	Синенко
732	Пастернак
733	Чешихин
734	Толстой
735	Афанасьева
736	Нестерова
737	Грибов
738	Сахарнов
739	Каледин
740	Никольский
741	Гатапов
742	Нетунаева
743	Крупнов
744	Либкин
745	Зотов
746	Охотников
747	Туржанская
748	Кантор
749	Васильков
750	Славский
751	Тупицын
752	Губанов
753	Анненкова-Бернар
754	Фальковский
755	Гершензон
756	Гандлевский
757	Полевой
758	Вагин
759	Адамов
760	Прилежаева
761	Вахов
762	Кабаков
763	Мурадова
764	Черницкий
765	Панфёров
766	Хасидович
767	Шуляк
768	Реймерс
769	Диксон
770	Емельянова
771	Рукавишников
772	Карабчиевский
773	Скалдин
774	Мочалов
775	Гер
776	Пыляев
777	Филиппов
778	Поскрёбышев
779	Пренко
780	Дмитревский
781	Кривошапкин
782	Кудря
783	Осоргин
784	Чадович
785	Залозецкий
786	Метельский
787	Генке
788	Конкевич
789	Ясинский
790	Кремлёв
791	Трускиновская
792	Завьялов
793	Вершинин
794	Глебовицкий
795	Гордин
796	Трубаков
797	Агейкин
798	Лозневой
799	Усова
800	Цебрикова
801	Вейденбаум
802	Крусанов
803	Вольнов
804	Мухин
805	Окуджава
806	Комаров
807	Шмаков
808	Раевский
809	Белецкий
810	Голованивская
811	Тургенев
812	Сиркес
813	Дышленко
814	Пельский
815	Бобров
816	Привалихин
817	Никонов
818	Артамонов
819	Давидович
820	Котляр
821	Стожкова
822	Вейнберг
823	Варшавер
824	Усачёв
825	Щербак-Жуков
826	Павлинов
827	Капелян
828	Свиридов
829	Михеев
830	Каринцев
831	Черчесов
832	Соколов-Микитов
833	Земляной
834	Минчковский
835	Котошихин
836	Лаптев
837	Павловский
838	Погодин
839	Серафимович
840	Бабель
841	Немирович-Данченко
842	Бааль
843	Осорьин
844	Воинов
845	Арапов
846	Гераскина
847	Колдунов
848	Корабельников
849	Кривенко
850	Кручинин
851	Муромцева-Бунина
852	Форселлес
853	Граубин
854	Громов
855	Трахтенберг
856	Черных
857	Шнайдер
858	Козлов
859	Астафьев
860	Лихоносов
861	Гайдук
862	Садовской
863	Подистова
864	Герасимов
865	Свистун
866	Черман
867	Гольденвейзер
868	Табурин
869	Богословский
870	Разумовский
871	Невахович
872	Мальцев
873	Бартэн
874	Воловик
875	Омулевский
876	Крылов
877	Ревич
878	Хотимский
879	Аграновский
880	Медынский
881	Шергин
882	Суслин
883	Букур
884	Штевен
885	Паустовский
886	Бурлюк
887	Субботин
888	Санковский
889	Олейников
890	Мережковский
891	Корчагин
892	Ивашева
893	Усов
894	Ларский
895	Дроздов
896	Баранская
897	Хакимов
898	Нарицын
899	Шульман
900	Шишкин
901	Бахарев
902	Лубоцкий
903	Вохминцев
904	Гефтер
905	Жариков
906	Киктенко
907	Энгельгардт
908	Дмитриев
909	Наумов
910	Пасхалов
911	Лагздынь
912	Ипполитов
913	Демченко
914	Амурский
915	Свердлов
916	Турбина
917	Ашукин
918	Покровская
919	Фенцик
920	Цыбульский
921	Лев
922	Стариков
923	Цеховская
924	Загоскин
925	Крошин
926	Стогниенко
927	Галковский
928	Гагарин
929	Гиппиус
930	Преображенский
931	Улицкая
932	Прошкин
933	Есенков
934	Стельмах
935	Боков
936	Анфиногенов
937	Куликов
938	Ловцова
939	Добрянский-Сачуров
940	Вейгелин
941	Глотов
942	Леонов
943	Синякин
944	Первухин
945	Горзев
946	Стрижов
947	Аксёнова-Штейнгруд
948	Коропчевский
949	Николаев
950	Корсаков
951	Петерец
952	Тадтаев
953	Шефнер
954	Чижевский
955	Орловский
956	Дубинянская
957	Хафизов
958	Гольдберг
959	Лощиц
960	Токарева
961	Лазарев
962	Бычков
963	Шаргунов
964	Бременер
965	Антипин
966	Голенищев-Кутузов
967	Лебедев
968	Новорусский
969	Урин
970	Зарина
971	Оношко
972	Воейков
973	Слонимский
974	Колесников
975	Пименов
976	Вечтомова
977	Веллер
978	Бавильский
979	Грин
980	Кирпиченко
981	Курляндский
982	Розенфельд
983	Рыбинский
984	Соловьёв
985	Глоба
986	Голованов
987	Таурин
988	Фрадкин
989	Аладьин
990	Шкловский
991	Авченко
992	Ляпин
993	Подъячев
994	Буторин
995	Плакс
996	Данилов
997	Кривошеин
998	Неелова
999	Вайсблат
1000	Свиньин
1001	Язвицкий
1002	Гоппе
1003	Новиков
1004	Правдухин
1005	Шмидт
1006	Кочетков
1007	Неклюдова
1008	Эмин
1009	Трушкин
1010	Юрьев
1011	Городников
1012	Уткин
1013	Станкевич
1014	Фаликов
1015	Житова
1016	Старченко
1017	Сойфер
1018	Смирнов
1019	Черкасов
1020	Петров
1021	Шевелёв
1022	Коркищенко
1023	Шанин
1024	Шим
1025	Измайлов
1026	Слёзкин
1027	Корнилова
1028	Махров
1029	Баранщиков
1030	Крашенинников
1031	Зимин
1032	Домашнев
1033	Зощенко
1034	Рубанова
1035	Левина
1036	Гайда
1037	Куприна
1038	Шамбаров
1039	Кисина
1040	Таратута
1041	Широков
1042	Тайц
1043	Волович
1044	Выставкина
1045	Замятин
1046	Молчанов-Сибирский
1047	Савельев
1048	Гусев
1049	Меркушкин
1050	Хуснутдинова
1051	Пермяков
1052	Пакулов
1053	Раскин
1054	Кукуев
1055	Авенариус
1056	Петкевич
1057	Кубасов
1058	Славутинский
1059	Ширяев
1060	Венгров
1061	Мамонтов
1062	Никулин
1063	Чернов
1064	Соснора
1065	Легеза
1066	Тарасова
1067	Феоктистов
1068	Зарин-Несвицкий
1069	Багиров
1070	Лисенко
1071	Мельников-Печерский
1072	Соколов
1073	Сенчин
1074	Баранов
1075	Махнач
1076	Коноплёв
1077	Недолин
1078	Данько
1079	Гурунц
1080	Самвелян
1081	Потапенко
1082	Зернова
\.


--
-- Data for Name: middle_name; Type: TABLE DATA; Schema: public; Owner: postgres
--

COPY public.middle_name (id, middle_name) FROM stdin;
1	Глебович
2	Гаврилович
3	Давыдович
4	Ноевич
5	Ефимович
6	Ильич
7	Леванович
8	Георгиевич
9	Давидович
10	Кириллович
11	Венедиктович
12	Вячеславовна
13	Романович
14	Петровна
15	Мокеевич
16	Антонович
17	Митрофанович
18	Умаралиевич
19	Серафимович
20	Фридрихович
21	Данилович
22	Филиппович
23	Дамианович
24	Иеронимович
25	Лазаревич
26	Моисеевна
27	Макарович
28	Валерьевна
29	Рэмович
30	Генрихович
31	Анатольевич
32	Павловна
33	Израилевна
34	Витальевна
35	Михайлович
36	Фокич
37	Архипович
38	Фаддеевич
39	Гомбожапович
40	Яковлевна
41	Усмановна
42	Натанович
43	Висангиреевич
44	Львович
45	Лазаревна
46	Афроимович
47	Мартович
48	Никитич
49	Геворковна
50	Федотович
51	Караханович
52	Дэрдовна
53	Соломоновна
54	Любич
55	Фёдоровна
56	Хасанович
57	Геннадьевич
58	Матвеевич
59	Вадимович
60	Захарович
61	Евгеньевич
62	Вячеславович
63	Наумович
64	Салехович
65	Модестович
66	Евграфович
67	Григорьевич
68	Саулович
69	Аркадьевна
70	Силович
71	Германович
72	Рудольфович
73	Евсеевич
74	Философович
75	Дмитриевна
76	Валерьевич
77	Иосифович
78	Антоний
79	Абрамовна
80	Валерианович
81	Бертильевич
82	Владленович
83	Арсеньевич
84	Никанорович
85	Савельевич
86	Хадзыбатырович
87	Мироновна
88	Аполлонович
89	Ефремович
90	Игоревич
91	Исаевич
92	Миронович
93	Самойлович
94	Игнатьевич
95	Исмаилович
96	Вениаминович
97	Валентиновна
98	Вульфович
99	Владимировна
100	Михайловна
101	Яковлевич
102	Рафаилович
103	Станиславовна
104	Викторовна
105	Егорович
106	Богданович
107	Руфинович
108	Александровна
109	Альфредовна
110	Мансурович
111	Зиновьевич
112	Семёновна
113	Тимофеевич
114	Фроимович
115	Прокопьевич
116	Борисович
117	Валентинович
118	Иоильевич
119	Леонтьевич
120	Соломонович
121	Поликарпович
122	Карлович
123	Станиславович
124	Арсентьевич
125	Карпович
126	Артёмович
127	Захарьевич
128	Эммануилович
129	Рейнгольдовна
130	Абрамович
131	Афанасьевич
132	Алексеевич
133	Фатыхович
134	Васильевна
135	Рувимович
136	Петрович
137	Филатович
138	Матвеевна
139	Артурович
140	Фёдорович
141	Павлович
142	Магафурович
143	Адольфовна
144	Семёнович
145	Трифонович
146	Аркадьевич
147	Константиновна
148	Эльевич
149	Осипович
150	(писатель)
151	Борисовна
152	Вацлавович
153	Иевлев
154	Мкртычевич
155	Космич
156	Вадимовна
157	Анатольевна
158	Эмануилович
159	Николаевна
160	Владимирович
161	Аканович
162	Эргалиевич
163	Касимович
164	Демьянович
165	Ярославович
166	Амосович
167	Наумовна
168	Олегович
169	Доминикович
170	Валерьянович
171	Израилевич
172	Игнатьевна
173	Вельевич
174	Эмилиевич
175	Григорьевна
176	Юрьевна
177	Романовна
178	Леонардович
179	Трофимович
180	Алексеевна
181	Мономах
182	Степанович
183	Лаврентьевич
184	Шамильевна
185	Эсгатович
186	Спартаковна
187	Фомич
188	Бейшеналиевич
189	Федосеевич
190	Герасимович
191	Лукич
192	Шалвович
193	Викентьевич
194	Евгеньевна
195	Тойвович
196	Брониславович
197	Русланович
198	Силыч
199	Маркович
200	Максович
201	Дмитриевич
202	Мотелевич
203	Викторович
204	Бакирович
205	Васильевич
206	Юлианович
207	Мееровна
208	Никандрович
209	Геннадиевич
210	Густавович
211	Кузьмич
212	Леонидович
213	Эдуардович
214	Ааронович
215	Всеволодович
216	Александрович
217	Ивановна
218	Андреевич
219	Рафаиловна
220	Витальевич
221	Н.
222	Куатьэ
223	Сергеевна
224	Тарасович
225	Олди
226	Хазбиевич
227	Галактионович
228	Исаакович
229	Аронович
230	Альбертович
231	Самойловна
232	Моисеевич
233	Нестеровна
234	Максимович
235	Зенонович
236	Клавдиевна
237	Иванович
238	Константинович
239	Юрьевич
240	Андреевна
241	Арсенович
242	Исааковна
243	Адамович
244	Сергеевич
245	Николаевич
246	Марковна
\.


--
-- Data for Name: publishing; Type: TABLE DATA; Schema: public; Owner: postgres
--

COPY public.publishing (id, publishing) FROM stdin;
1	Астрель-СПб
2	Союз писателей
3	Манн, Иванов и Фербер [МИФ]
4	АСТ
5	Эксмо
6	Вита Нова
7	ЛЕМА
8	Лань
9	Лениздат
10	Антология
11	Питер
12	Дашков и К
13	Азбука-Аттикус
14	Литературная учеба
15	Лимбус Пресс
16	Фантом Пресс
17	Ad Marginem Press
18	Фламинго
19	Генезис
20	Лев
21	Новый Формат
22	Авторское содружество
23	Время
24	Альфа-книга
25	Самокат
26	Стрекоза
27	Академиздат
28	Молодая гвардия
29	Центрполиграф
30	Вече
31	ДЕТГИЗ
32	Альпина
33	РИПОЛ-классик
34	КомпасГид
35	Росмэн
36	Издательства Ивана Лимбаха
37	Corpus
38	Добрая книга
39	Энас-книга
40	Нигма
41	Художественная литература
42	Комильфо
43	Мелик-Пашаев
44	Лабиринт-пресс
45	Красный матрос
46	Омега
47	Поляндрия
48	Речь
49	Розовый жираф
50	Международный союз писателей им. Св.св. Кирилла и Мефодия (МСП)
\.


--
-- Data for Name: student; Type: TABLE DATA; Schema: public; Owner: postgres
--

COPY public.student (id, first_name_id, middle_name_id, last_name_id, faculty_id) FROM stdin;
1	158	124	548	9
2	156	115	971	9
3	34	122	169	4
4	34	144	857	8
5	97	71	995	8
6	85	30	99	4
7	129	218	682	5
8	38	241	421	9
9	36	120	1027	3
10	166	133	148	6
11	213	76	941	5
12	39	58	507	2
13	63	188	347	5
14	68	79	1052	10
15	31	25	809	10
16	189	151	730	6
17	183	46	546	8
18	34	156	213	10
19	36	45	178	3
20	102	229	24	1
21	182	52	787	4
22	82	186	205	3
23	60	73	45	9
24	194	142	283	5
25	33	54	603	11
26	185	167	1075	8
27	10	178	345	4
28	174	195	388	4
29	212	105	303	10
30	79	145	123	8
31	25	81	814	4
32	65	30	88	10
33	35	70	363	5
34	159	100	527	11
35	18	194	188	8
36	52	210	835	5
37	120	34	615	7
38	3	3	611	9
39	47	167	377	9
40	96	178	152	5
41	16	80	665	4
42	199	160	814	5
43	24	207	487	3
44	94	142	910	1
45	161	2	135	2
46	147	208	45	8
47	13	118	337	1
48	161	71	536	2
49	131	186	478	6
50	139	200	91	7
51	34	161	226	10
52	60	147	546	2
53	92	76	882	5
54	2	162	540	3
55	188	57	1017	2
56	73	236	127	8
57	143	16	519	9
58	91	239	529	10
59	32	105	955	4
60	21	17	821	3
61	125	185	182	8
62	21	169	624	9
63	57	228	673	10
64	116	243	505	3
65	133	56	404	8
66	37	77	998	8
67	200	112	680	10
68	6	8	1029	2
69	82	131	536	10
70	33	218	752	10
71	31	187	716	5
72	102	242	208	1
73	11	66	221	2
74	153	65	151	2
75	73	14	346	4
76	119	84	999	8
77	26	195	168	2
78	121	97	256	1
79	90	1	514	11
80	150	121	599	1
81	139	86	104	3
82	105	21	29	7
83	102	31	788	4
84	127	191	207	3
85	42	163	801	3
86	156	235	202	11
87	201	18	455	8
88	194	158	845	2
89	25	187	420	6
90	39	131	500	1
91	109	12	231	2
92	214	126	988	4
93	66	142	634	8
94	9	98	1035	1
95	183	139	533	1
96	15	83	866	3
97	119	139	717	5
98	208	103	697	5
99	160	2	1006	3
100	38	55	1015	9
\.


--
-- Name: author_id_seq; Type: SEQUENCE SET; Schema: public; Owner: postgres
--

SELECT pg_catalog.setval('public.author_id_seq', 1172, true);


--
-- Name: book_name_id_seq; Type: SEQUENCE SET; Schema: public; Owner: postgres
--

SELECT pg_catalog.setval('public.book_name_id_seq', 200, true);


--
-- Name: books_id_seq; Type: SEQUENCE SET; Schema: public; Owner: postgres
--

SELECT pg_catalog.setval('public.books_id_seq', 1000, true);


--
-- Name: books_students_id_seq; Type: SEQUENCE SET; Schema: public; Owner: postgres
--

SELECT pg_catalog.setval('public.books_students_id_seq', 10000, true);


--
-- Name: faculty_id_seq; Type: SEQUENCE SET; Schema: public; Owner: postgres
--

SELECT pg_catalog.setval('public.faculty_id_seq', 11, true);


--
-- Name: first_name_id_seq; Type: SEQUENCE SET; Schema: public; Owner: postgres
--

SELECT pg_catalog.setval('public.first_name_id_seq', 216, true);


--
-- Name: last_name_id_seq; Type: SEQUENCE SET; Schema: public; Owner: postgres
--

SELECT pg_catalog.setval('public.last_name_id_seq', 1082, true);


--
-- Name: middle_name_id_seq; Type: SEQUENCE SET; Schema: public; Owner: postgres
--

SELECT pg_catalog.setval('public.middle_name_id_seq', 246, true);


--
-- Name: publishing_id_seq; Type: SEQUENCE SET; Schema: public; Owner: postgres
--

SELECT pg_catalog.setval('public.publishing_id_seq', 50, true);


--
-- Name: student_id_seq; Type: SEQUENCE SET; Schema: public; Owner: postgres
--

SELECT pg_catalog.setval('public.student_id_seq', 100, true);


--
-- Name: author author_pkey; Type: CONSTRAINT; Schema: public; Owner: postgres
--

ALTER TABLE ONLY public.author
    ADD CONSTRAINT author_pkey PRIMARY KEY (id);


--
-- Name: book_name book_name_pkey; Type: CONSTRAINT; Schema: public; Owner: postgres
--

ALTER TABLE ONLY public.book_name
    ADD CONSTRAINT book_name_pkey PRIMARY KEY (id);


--
-- Name: books books_pkey; Type: CONSTRAINT; Schema: public; Owner: postgres
--

ALTER TABLE ONLY public.books
    ADD CONSTRAINT books_pkey PRIMARY KEY (id);


--
-- Name: books_students books_students_pkey; Type: CONSTRAINT; Schema: public; Owner: postgres
--

ALTER TABLE ONLY public.books_students
    ADD CONSTRAINT books_students_pkey PRIMARY KEY (id);


--
-- Name: faculty faculty_pkey; Type: CONSTRAINT; Schema: public; Owner: postgres
--

ALTER TABLE ONLY public.faculty
    ADD CONSTRAINT faculty_pkey PRIMARY KEY (id);


--
-- Name: first_name first_name_pkey; Type: CONSTRAINT; Schema: public; Owner: postgres
--

ALTER TABLE ONLY public.first_name
    ADD CONSTRAINT first_name_pkey PRIMARY KEY (id);


--
-- Name: last_name last_name_pkey; Type: CONSTRAINT; Schema: public; Owner: postgres
--

ALTER TABLE ONLY public.last_name
    ADD CONSTRAINT last_name_pkey PRIMARY KEY (id);


--
-- Name: middle_name middle_name_pkey; Type: CONSTRAINT; Schema: public; Owner: postgres
--

ALTER TABLE ONLY public.middle_name
    ADD CONSTRAINT middle_name_pkey PRIMARY KEY (id);


--
-- Name: publishing publishing_pkey; Type: CONSTRAINT; Schema: public; Owner: postgres
--

ALTER TABLE ONLY public.publishing
    ADD CONSTRAINT publishing_pkey PRIMARY KEY (id);


--
-- Name: student student_pkey; Type: CONSTRAINT; Schema: public; Owner: postgres
--

ALTER TABLE ONLY public.student
    ADD CONSTRAINT student_pkey PRIMARY KEY (id);


--
-- Name: author author_first_name_id_fkey; Type: FK CONSTRAINT; Schema: public; Owner: postgres
--

ALTER TABLE ONLY public.author
    ADD CONSTRAINT author_first_name_id_fkey FOREIGN KEY (first_name_id) REFERENCES public.first_name(id);


--
-- Name: author author_last_name_id_fkey; Type: FK CONSTRAINT; Schema: public; Owner: postgres
--

ALTER TABLE ONLY public.author
    ADD CONSTRAINT author_last_name_id_fkey FOREIGN KEY (last_name_id) REFERENCES public.last_name(id);


--
-- Name: author author_middle_name_id_fkey; Type: FK CONSTRAINT; Schema: public; Owner: postgres
--

ALTER TABLE ONLY public.author
    ADD CONSTRAINT author_middle_name_id_fkey FOREIGN KEY (middle_name_id) REFERENCES public.middle_name(id);


--
-- Name: books books_author_id_fkey; Type: FK CONSTRAINT; Schema: public; Owner: postgres
--

ALTER TABLE ONLY public.books
    ADD CONSTRAINT books_author_id_fkey FOREIGN KEY (author_id) REFERENCES public.author(id);


--
-- Name: books books_name_id_fkey; Type: FK CONSTRAINT; Schema: public; Owner: postgres
--

ALTER TABLE ONLY public.books
    ADD CONSTRAINT books_name_id_fkey FOREIGN KEY (name_id) REFERENCES public.book_name(id);


--
-- Name: books books_publishing_id_fkey; Type: FK CONSTRAINT; Schema: public; Owner: postgres
--

ALTER TABLE ONLY public.books
    ADD CONSTRAINT books_publishing_id_fkey FOREIGN KEY (publishing_id) REFERENCES public.publishing(id);


--
-- Name: books_students books_students_book_id_fkey; Type: FK CONSTRAINT; Schema: public; Owner: postgres
--

ALTER TABLE ONLY public.books_students
    ADD CONSTRAINT books_students_book_id_fkey FOREIGN KEY (book_id) REFERENCES public.books(id);


--
-- Name: books_students books_students_student_id_fkey; Type: FK CONSTRAINT; Schema: public; Owner: postgres
--

ALTER TABLE ONLY public.books_students
    ADD CONSTRAINT books_students_student_id_fkey FOREIGN KEY (student_id) REFERENCES public.student(id);


--
-- Name: student student_faculty_id_fkey; Type: FK CONSTRAINT; Schema: public; Owner: postgres
--

ALTER TABLE ONLY public.student
    ADD CONSTRAINT student_faculty_id_fkey FOREIGN KEY (faculty_id) REFERENCES public.faculty(id);


--
-- Name: student student_first_name_id_fkey; Type: FK CONSTRAINT; Schema: public; Owner: postgres
--

ALTER TABLE ONLY public.student
    ADD CONSTRAINT student_first_name_id_fkey FOREIGN KEY (first_name_id) REFERENCES public.first_name(id);


--
-- Name: student student_last_name_id_fkey; Type: FK CONSTRAINT; Schema: public; Owner: postgres
--

ALTER TABLE ONLY public.student
    ADD CONSTRAINT student_last_name_id_fkey FOREIGN KEY (last_name_id) REFERENCES public.last_name(id);


--
-- Name: student student_middle_name_id_fkey; Type: FK CONSTRAINT; Schema: public; Owner: postgres
--

ALTER TABLE ONLY public.student
    ADD CONSTRAINT student_middle_name_id_fkey FOREIGN KEY (middle_name_id) REFERENCES public.middle_name(id);


--
-- PostgreSQL database dump complete
--

